TRACE::2025-07-17.22:20:27::SCWPlatform::Trying to open the hw design at C:/AB/xilinxvivado/projects/arbiter-PUF-FPGA/new_workspace/platform/hw/design_2_wrapper_final_2.xsa
TRACE::2025-07-17.22:20:27::SCWPlatform::DSA given C:/AB/xilinxvivado/projects/arbiter-PUF-FPGA/new_workspace/platform/hw/design_2_wrapper_final_2.xsa
TRACE::2025-07-17.22:20:27::SCWPlatform::DSA absoulate path C:/AB/xilinxvivado/projects/arbiter-PUF-FPGA/new_workspace/platform/hw/design_2_wrapper_final_2.xsa
TRACE::2025-07-17.22:20:29::SCWPlatform::DSA directory C:/AB/xilinxvivado/projects/arbiter-PUF-FPGA/new_workspace/platform/hw
TRACE::2025-07-17.22:20:29::SCWPlatform:: Platform Path C:/AB/xilinxvivado/projects/arbiter-PUF-FPGA/new_workspace/platform/hw/design_2_wrapper_final_2.xsa
TRACE::2025-07-17.22:20:29::SCWPlatform:: Unique name xilinx:::0.0
TRACE::2025-07-17.22:20:29::SCWPlatform::Do not have an existing db opened. 
TRACE::2025-07-17.22:20:30::SCWPlatform::Opened new HwDB with name design_2_wrapper_0
TRACE::2025-07-17.22:20:30::SCWWriter::formatted JSON is {
	"platformName":	"platform",
	"sprVersion":	"2.0",
	"mode":	"gui",
	"dsaType":	"Fixed",
	"platformDesc":	"platform",
	"platHandOff":	"C:/AB/xilinxvivado/projects/arbiter-PUF-FPGA/Arbiter-PUF-FPGA/design_2_wrapper_final_2.xsa",
	"platIntHandOff":	"<platformDir>/hw/design_2_wrapper_final_2.xsa",
	"deviceType":	"zynq",
	"platIsPrebuiltAutogen":	"false",
	"platIsNoBootBsp":	"false",
	"hasFsblMakeHasChanges":	"false",
	"hasPmufwMakeHasChanges":	"false",
	"platPreBuiltFlag":	false,
	"platformSamplesDir":	""
}
TRACE::2025-07-17.22:20:30::SCWWriter::formatted JSON is {
	"platformName":	"platform",
	"sprVersion":	"2.0",
	"mode":	"gui",
	"dsaType":	"Fixed",
	"platformDesc":	"platform",
	"platHandOff":	"C:/AB/xilinxvivado/projects/arbiter-PUF-FPGA/Arbiter-PUF-FPGA/design_2_wrapper_final_2.xsa",
	"platIntHandOff":	"<platformDir>/hw/design_2_wrapper_final_2.xsa",
	"deviceType":	"zynq",
	"platIsPrebuiltAutogen":	"false",
	"platIsNoBootBsp":	"false",
	"hasFsblMakeHasChanges":	"false",
	"hasPmufwMakeHasChanges":	"false",
	"platPreBuiltFlag":	false,
	"platformSamplesDir":	"",
	"platActiveSys":	"platform",
	"systems":	[{
			"systemName":	"platform",
			"systemDesc":	"platform",
			"sysIsBootAutoGen":	"true",
			"systemDispName":	"platform"
		}]
}
TRACE::2025-07-17.22:20:30::SCWPlatform::Boot application domains not present, creating them
TRACE::2025-07-17.22:20:30::SCWDomain::checking for install qemu data   : 
TRACE::2025-07-17.22:20:30::SCWDomain:: Using the QEMU Data from install at  : C:/AB/xilinxvivado/Vitis/2020.2/data/emulation/platforms/zynq/sw/a9_standalone/qemu/
TRACE::2025-07-17.22:20:30::SCWDomain:: Using the QEMU args  from install at  : C:/AB/xilinxvivado/Vitis/2020.2/data/emulation/platforms/zynq/sw/a9_standalone/qemu/qemu_args.txt
TRACE::2025-07-17.22:20:30::SCWPlatform::Trying to open the hw design at C:/AB/xilinxvivado/projects/arbiter-PUF-FPGA/new_workspace/platform/hw/design_2_wrapper_final_2.xsa
TRACE::2025-07-17.22:20:30::SCWPlatform::DSA given C:/AB/xilinxvivado/projects/arbiter-PUF-FPGA/new_workspace/platform/hw/design_2_wrapper_final_2.xsa
TRACE::2025-07-17.22:20:30::SCWPlatform::DSA absoulate path C:/AB/xilinxvivado/projects/arbiter-PUF-FPGA/new_workspace/platform/hw/design_2_wrapper_final_2.xsa
TRACE::2025-07-17.22:20:30::SCWPlatform::DSA directory C:/AB/xilinxvivado/projects/arbiter-PUF-FPGA/new_workspace/platform/hw
TRACE::2025-07-17.22:20:30::SCWPlatform:: Platform Path C:/AB/xilinxvivado/projects/arbiter-PUF-FPGA/new_workspace/platform/hw/design_2_wrapper_final_2.xsa
TRACE::2025-07-17.22:20:30::SCWPlatform:: Unique name xilinx:::0.0
TRACE::2025-07-17.22:20:30::SCWPlatform::Trying to set the existing hwdb with name design_2_wrapper_0
TRACE::2025-07-17.22:20:30::SCWPlatform::Opened existing hwdb design_2_wrapper_0
TRACE::2025-07-17.22:20:30::SCWPlatform::Found the Hw Db part of the input DSA
TRACE::2025-07-17.22:20:30::SCWPlatform::Trying to open the hw design at C:/AB/xilinxvivado/projects/arbiter-PUF-FPGA/new_workspace/platform/hw/design_2_wrapper_final_2.xsa
TRACE::2025-07-17.22:20:30::SCWPlatform::DSA given C:/AB/xilinxvivado/projects/arbiter-PUF-FPGA/new_workspace/platform/hw/design_2_wrapper_final_2.xsa
TRACE::2025-07-17.22:20:30::SCWPlatform::DSA absoulate path C:/AB/xilinxvivado/projects/arbiter-PUF-FPGA/new_workspace/platform/hw/design_2_wrapper_final_2.xsa
TRACE::2025-07-17.22:20:30::SCWPlatform::DSA directory C:/AB/xilinxvivado/projects/arbiter-PUF-FPGA/new_workspace/platform/hw
TRACE::2025-07-17.22:20:30::SCWPlatform:: Platform Path C:/AB/xilinxvivado/projects/arbiter-PUF-FPGA/new_workspace/platform/hw/design_2_wrapper_final_2.xsa
TRACE::2025-07-17.22:20:30::SCWPlatform:: Unique name xilinx:::0.0
TRACE::2025-07-17.22:20:30::SCWPlatform::Trying to set the existing hwdb with name design_2_wrapper_0
TRACE::2025-07-17.22:20:30::SCWPlatform::Opened existing hwdb design_2_wrapper_0
TRACE::2025-07-17.22:20:30::SCWPlatform::Found the Hw Db part of the input DSA
TRACE::2025-07-17.22:20:30::SCWPlatform::Trying to open the hw design at C:/AB/xilinxvivado/projects/arbiter-PUF-FPGA/new_workspace/platform/hw/design_2_wrapper_final_2.xsa
TRACE::2025-07-17.22:20:30::SCWPlatform::DSA given C:/AB/xilinxvivado/projects/arbiter-PUF-FPGA/new_workspace/platform/hw/design_2_wrapper_final_2.xsa
TRACE::2025-07-17.22:20:30::SCWPlatform::DSA absoulate path C:/AB/xilinxvivado/projects/arbiter-PUF-FPGA/new_workspace/platform/hw/design_2_wrapper_final_2.xsa
TRACE::2025-07-17.22:20:30::SCWPlatform::DSA directory C:/AB/xilinxvivado/projects/arbiter-PUF-FPGA/new_workspace/platform/hw
TRACE::2025-07-17.22:20:30::SCWPlatform:: Platform Path C:/AB/xilinxvivado/projects/arbiter-PUF-FPGA/new_workspace/platform/hw/design_2_wrapper_final_2.xsa
TRACE::2025-07-17.22:20:30::SCWPlatform:: Unique name xilinx:::0.0
TRACE::2025-07-17.22:20:30::SCWPlatform::Trying to set the existing hwdb with name design_2_wrapper_0
TRACE::2025-07-17.22:20:30::SCWPlatform::Opened existing hwdb design_2_wrapper_0
TRACE::2025-07-17.22:20:30::SCWPlatform::Found the Hw Db part of the input DSA
TRACE::2025-07-17.22:20:30::SCWPlatform::Boot application domain added for zynq_fsbl
TRACE::2025-07-17.22:20:30::SCWPlatform::Generating the sources  .
TRACE::2025-07-17.22:20:30::SCWBDomain::Generating boot domain sources.
TRACE::2025-07-17.22:20:30::SCWBDomain:: Generating the zynq_fsbl Application.
TRACE::2025-07-17.22:20:30::SCWPlatform::Trying to open the hw design at C:/AB/xilinxvivado/projects/arbiter-PUF-FPGA/new_workspace/platform/hw/design_2_wrapper_final_2.xsa
TRACE::2025-07-17.22:20:30::SCWPlatform::DSA given C:/AB/xilinxvivado/projects/arbiter-PUF-FPGA/new_workspace/platform/hw/design_2_wrapper_final_2.xsa
TRACE::2025-07-17.22:20:30::SCWPlatform::DSA absoulate path C:/AB/xilinxvivado/projects/arbiter-PUF-FPGA/new_workspace/platform/hw/design_2_wrapper_final_2.xsa
TRACE::2025-07-17.22:20:30::SCWPlatform::DSA directory C:/AB/xilinxvivado/projects/arbiter-PUF-FPGA/new_workspace/platform/hw
TRACE::2025-07-17.22:20:30::SCWPlatform:: Platform Path C:/AB/xilinxvivado/projects/arbiter-PUF-FPGA/new_workspace/platform/hw/design_2_wrapper_final_2.xsa
TRACE::2025-07-17.22:20:30::SCWPlatform:: Unique name xilinx:::0.0
TRACE::2025-07-17.22:20:30::SCWPlatform::Trying to set the existing hwdb with name design_2_wrapper_0
TRACE::2025-07-17.22:20:30::SCWPlatform::Opened existing hwdb design_2_wrapper_0
TRACE::2025-07-17.22:20:30::SCWPlatform::Found the Hw Db part of the input DSA
TRACE::2025-07-17.22:20:30::SCWMssOS::Checking the sw design at  C:/AB/xilinxvivado/projects/arbiter-PUF-FPGA/new_workspace/platform/zynq_fsbl/zynq_fsbl_bsp/system.mss
TRACE::2025-07-17.22:20:30::SCWMssOS::DEBUG:  swdes dump  
TRACE::2025-07-17.22:20:30::SCWMssOS::No sw design opened at  C:/AB/xilinxvivado/projects/arbiter-PUF-FPGA/new_workspace/platform/zynq_fsbl/zynq_fsbl_bsp/system.mss
TRACE::2025-07-17.22:20:30::SCWMssOS::mss does not exists at C:/AB/xilinxvivado/projects/arbiter-PUF-FPGA/new_workspace/platform/zynq_fsbl/zynq_fsbl_bsp/system.mss
TRACE::2025-07-17.22:20:30::SCWMssOS::Creating sw design at  C:/AB/xilinxvivado/projects/arbiter-PUF-FPGA/new_workspace/platform/zynq_fsbl/zynq_fsbl_bsp/system.mss
TRACE::2025-07-17.22:20:30::SCWMssOS::Adding the swdes entry, created swdb C:/AB/xilinxvivado/projects/arbiter-PUF-FPGA/new_workspace/platform/zynq_fsbl/zynq_fsbl_bsp/system.mss with des name C:/AB/xilinxvivado/projects/arbiter-PUF-FPGA/new_workspace/platform/zynq_fsbl/zynq_fsbl_bsp/system.mss
TRACE::2025-07-17.22:20:30::SCWMssOS::updating the scw layer changes to swdes at   C:/AB/xilinxvivado/projects/arbiter-PUF-FPGA/new_workspace/platform/zynq_fsbl/zynq_fsbl_bsp/system.mss
TRACE::2025-07-17.22:20:30::SCWMssOS::Writing mss at C:/AB/xilinxvivado/projects/arbiter-PUF-FPGA/new_workspace/platform/zynq_fsbl/zynq_fsbl_bsp/system.mss
TRACE::2025-07-17.22:20:30::SCWMssOS::Completed writing the mss file at C:/AB/xilinxvivado/projects/arbiter-PUF-FPGA/new_workspace/platform/zynq_fsbl/zynq_fsbl_bsp
TRACE::2025-07-17.22:20:30::SCWMssOS::Picking up changes from newly written mss file into SCW Layer. 
TRACE::2025-07-17.22:20:30::SCWMssOS::Updated the changes from newly written mss file into SCW Layer. 
TRACE::2025-07-17.22:20:30::SCWBDomain::Completed writing the mss file at C:/AB/xilinxvivado/projects/arbiter-PUF-FPGA/new_workspace/platform/zynq_fsbl/zynq_fsbl_bsp
TRACE::2025-07-17.22:20:34::SCWPlatform::Generating sources Done.
TRACE::2025-07-17.22:20:34::SCWPlatform::Trying to open the hw design at C:/AB/xilinxvivado/projects/arbiter-PUF-FPGA/new_workspace/platform/hw/design_2_wrapper_final_2.xsa
TRACE::2025-07-17.22:20:34::SCWPlatform::DSA given C:/AB/xilinxvivado/projects/arbiter-PUF-FPGA/new_workspace/platform/hw/design_2_wrapper_final_2.xsa
TRACE::2025-07-17.22:20:34::SCWPlatform::DSA absoulate path C:/AB/xilinxvivado/projects/arbiter-PUF-FPGA/new_workspace/platform/hw/design_2_wrapper_final_2.xsa
TRACE::2025-07-17.22:20:34::SCWPlatform::DSA directory C:/AB/xilinxvivado/projects/arbiter-PUF-FPGA/new_workspace/platform/hw
TRACE::2025-07-17.22:20:34::SCWPlatform:: Platform Path C:/AB/xilinxvivado/projects/arbiter-PUF-FPGA/new_workspace/platform/hw/design_2_wrapper_final_2.xsa
TRACE::2025-07-17.22:20:34::SCWPlatform:: Unique name xilinx:::0.0
TRACE::2025-07-17.22:20:34::SCWPlatform::Trying to set the existing hwdb with name design_2_wrapper_0
TRACE::2025-07-17.22:20:34::SCWPlatform::Opened existing hwdb design_2_wrapper_0
TRACE::2025-07-17.22:20:34::SCWPlatform::Found the Hw Db part of the input DSA
TRACE::2025-07-17.22:20:34::SCWMssOS::Checking the sw design at  C:/AB/xilinxvivado/projects/arbiter-PUF-FPGA/new_workspace/platform/zynq_fsbl/zynq_fsbl_bsp/system.mss
TRACE::2025-07-17.22:20:34::SCWMssOS::DEBUG:  swdes dump  C:/AB/xilinxvivado/projects/arbiter-PUF-FPGA/new_workspace/platform/zynq_fsbl/zynq_fsbl_bsp/system.mss|C:/AB/xilinxvivado/projects/arbiter-PUF-FPGA/new_workspace/platform/zynq_fsbl/zynq_fsbl_bsp/system.mss||

KEYINFO::2025-07-17.22:20:34::SCWMssOS::Could not open the swdb for C:/AB/xilinxvivado/projects/arbiter-PUF-FPGA/new_workspace/platform/zynq_fsbl/zynq_fsbl_bsp/system.mss
KEYINFO::2025-07-17.22:20:34::SCWMssOS::Could not open the sw design at  C:/AB/xilinxvivado/projects/arbiter-PUF-FPGA/new_workspace/platform/zynq_fsbl/zynq_fsbl_bsp/system.mss
ERROR: [Hsi 55-1558] Software Design C:/AB/xilinxvivado/projects/arbiter-PUF-FPGA/new_workspace/platform/zynq_fsbl/zynq_fsbl_bsp/system.mss is not found

TRACE::2025-07-17.22:20:34::SCWMssOS::Cleared the swdb table entry
TRACE::2025-07-17.22:20:34::SCWMssOS::No sw design opened at  C:/AB/xilinxvivado/projects/arbiter-PUF-FPGA/new_workspace/platform/zynq_fsbl/zynq_fsbl_bsp/system.mss
TRACE::2025-07-17.22:20:34::SCWMssOS::mss exists loading the mss file  C:/AB/xilinxvivado/projects/arbiter-PUF-FPGA/new_workspace/platform/zynq_fsbl/zynq_fsbl_bsp/system.mss
TRACE::2025-07-17.22:20:34::SCWMssOS::Opened the sw design from mss  C:/AB/xilinxvivado/projects/arbiter-PUF-FPGA/new_workspace/platform/zynq_fsbl/zynq_fsbl_bsp/system.mss
TRACE::2025-07-17.22:20:34::SCWMssOS::Adding the swdes entry C:/AB/xilinxvivado/projects/arbiter-PUF-FPGA/new_workspace/platform/zynq_fsbl/zynq_fsbl_bsp/system.mss with des name system
TRACE::2025-07-17.22:20:34::SCWMssOS::updating the scw layer about changes
TRACE::2025-07-17.22:20:34::SCWMssOS::Opened the sw design.  C:/AB/xilinxvivado/projects/arbiter-PUF-FPGA/new_workspace/platform/zynq_fsbl/zynq_fsbl_bsp/system.mss
TRACE::2025-07-17.22:20:34::SCWMssOS::Saving the mss changes C:/AB/xilinxvivado/projects/arbiter-PUF-FPGA/new_workspace/platform/zynq_fsbl/zynq_fsbl_bsp/system.mss
TRACE::2025-07-17.22:20:34::SCWMssOS::Found a swdesign opened with the mssfile.
TRACE::2025-07-17.22:20:34::SCWMssOS::Completed writemss as part of save.
TRACE::2025-07-17.22:20:34::SCWMssOS::Commit changes completed.
TRACE::2025-07-17.22:20:34::SCWPlatform::Trying to open the hw design at C:/AB/xilinxvivado/projects/arbiter-PUF-FPGA/new_workspace/platform/hw/design_2_wrapper_final_2.xsa
TRACE::2025-07-17.22:20:34::SCWPlatform::DSA given C:/AB/xilinxvivado/projects/arbiter-PUF-FPGA/new_workspace/platform/hw/design_2_wrapper_final_2.xsa
TRACE::2025-07-17.22:20:34::SCWPlatform::DSA absoulate path C:/AB/xilinxvivado/projects/arbiter-PUF-FPGA/new_workspace/platform/hw/design_2_wrapper_final_2.xsa
TRACE::2025-07-17.22:20:34::SCWPlatform::DSA directory C:/AB/xilinxvivado/projects/arbiter-PUF-FPGA/new_workspace/platform/hw
TRACE::2025-07-17.22:20:34::SCWPlatform:: Platform Path C:/AB/xilinxvivado/projects/arbiter-PUF-FPGA/new_workspace/platform/hw/design_2_wrapper_final_2.xsa
TRACE::2025-07-17.22:20:34::SCWPlatform:: Unique name xilinx:::0.0
TRACE::2025-07-17.22:20:34::SCWPlatform::Trying to set the existing hwdb with name design_2_wrapper_0
TRACE::2025-07-17.22:20:34::SCWPlatform::Opened existing hwdb design_2_wrapper_0
TRACE::2025-07-17.22:20:34::SCWPlatform::Found the Hw Db part of the input DSA
TRACE::2025-07-17.22:20:34::SCWMssOS::Checking the sw design at  C:/AB/xilinxvivado/projects/arbiter-PUF-FPGA/new_workspace/platform/zynq_fsbl/zynq_fsbl_bsp/system.mss
TRACE::2025-07-17.22:20:34::SCWMssOS::DEBUG:  swdes dump  C:/AB/xilinxvivado/projects/arbiter-PUF-FPGA/new_workspace/platform/zynq_fsbl/zynq_fsbl_bsp/system.mss|system||

TRACE::2025-07-17.22:20:34::SCWMssOS::Sw design exists and opened at  C:/AB/xilinxvivado/projects/arbiter-PUF-FPGA/new_workspace/platform/zynq_fsbl/zynq_fsbl_bsp/system.mss
TRACE::2025-07-17.22:20:34::SCWPlatform::Trying to open the hw design at C:/AB/xilinxvivado/projects/arbiter-PUF-FPGA/new_workspace/platform/hw/design_2_wrapper_final_2.xsa
TRACE::2025-07-17.22:20:34::SCWPlatform::DSA given C:/AB/xilinxvivado/projects/arbiter-PUF-FPGA/new_workspace/platform/hw/design_2_wrapper_final_2.xsa
TRACE::2025-07-17.22:20:34::SCWPlatform::DSA absoulate path C:/AB/xilinxvivado/projects/arbiter-PUF-FPGA/new_workspace/platform/hw/design_2_wrapper_final_2.xsa
TRACE::2025-07-17.22:20:34::SCWPlatform::DSA directory C:/AB/xilinxvivado/projects/arbiter-PUF-FPGA/new_workspace/platform/hw
TRACE::2025-07-17.22:20:34::SCWPlatform:: Platform Path C:/AB/xilinxvivado/projects/arbiter-PUF-FPGA/new_workspace/platform/hw/design_2_wrapper_final_2.xsa
TRACE::2025-07-17.22:20:34::SCWPlatform:: Unique name xilinx:::0.0
TRACE::2025-07-17.22:20:34::SCWPlatform::Trying to set the existing hwdb with name design_2_wrapper_0
TRACE::2025-07-17.22:20:34::SCWPlatform::Opened existing hwdb design_2_wrapper_0
TRACE::2025-07-17.22:20:34::SCWPlatform::Found the Hw Db part of the input DSA
TRACE::2025-07-17.22:20:34::SCWMssOS::Checking the sw design at  C:/AB/xilinxvivado/projects/arbiter-PUF-FPGA/new_workspace/platform/zynq_fsbl/zynq_fsbl_bsp/system.mss
TRACE::2025-07-17.22:20:34::SCWMssOS::DEBUG:  swdes dump  C:/AB/xilinxvivado/projects/arbiter-PUF-FPGA/new_workspace/platform/zynq_fsbl/zynq_fsbl_bsp/system.mss|system||

TRACE::2025-07-17.22:20:34::SCWMssOS::Sw design exists and opened at  C:/AB/xilinxvivado/projects/arbiter-PUF-FPGA/new_workspace/platform/zynq_fsbl/zynq_fsbl_bsp/system.mss
TRACE::2025-07-17.22:20:34::SCWPlatform::Trying to open the hw design at C:/AB/xilinxvivado/projects/arbiter-PUF-FPGA/new_workspace/platform/hw/design_2_wrapper_final_2.xsa
TRACE::2025-07-17.22:20:34::SCWPlatform::DSA given C:/AB/xilinxvivado/projects/arbiter-PUF-FPGA/new_workspace/platform/hw/design_2_wrapper_final_2.xsa
TRACE::2025-07-17.22:20:34::SCWPlatform::DSA absoulate path C:/AB/xilinxvivado/projects/arbiter-PUF-FPGA/new_workspace/platform/hw/design_2_wrapper_final_2.xsa
TRACE::2025-07-17.22:20:34::SCWPlatform::DSA directory C:/AB/xilinxvivado/projects/arbiter-PUF-FPGA/new_workspace/platform/hw
TRACE::2025-07-17.22:20:34::SCWPlatform:: Platform Path C:/AB/xilinxvivado/projects/arbiter-PUF-FPGA/new_workspace/platform/hw/design_2_wrapper_final_2.xsa
TRACE::2025-07-17.22:20:34::SCWPlatform:: Unique name xilinx:::0.0
TRACE::2025-07-17.22:20:34::SCWPlatform::Trying to set the existing hwdb with name design_2_wrapper_0
TRACE::2025-07-17.22:20:34::SCWPlatform::Opened existing hwdb design_2_wrapper_0
TRACE::2025-07-17.22:20:34::SCWPlatform::Found the Hw Db part of the input DSA
TRACE::2025-07-17.22:20:34::SCWMssOS::Checking the sw design at  C:/AB/xilinxvivado/projects/arbiter-PUF-FPGA/new_workspace/platform/zynq_fsbl/zynq_fsbl_bsp/system.mss
TRACE::2025-07-17.22:20:34::SCWMssOS::DEBUG:  swdes dump  C:/AB/xilinxvivado/projects/arbiter-PUF-FPGA/new_workspace/platform/zynq_fsbl/zynq_fsbl_bsp/system.mss|system||

TRACE::2025-07-17.22:20:34::SCWMssOS::Sw design exists and opened at  C:/AB/xilinxvivado/projects/arbiter-PUF-FPGA/new_workspace/platform/zynq_fsbl/zynq_fsbl_bsp/system.mss
TRACE::2025-07-17.22:20:34::SCWWriter::formatted JSON is {
	"platformName":	"platform",
	"sprVersion":	"2.0",
	"mode":	"gui",
	"dsaType":	"Fixed",
	"platformDesc":	"platform",
	"platHandOff":	"C:/AB/xilinxvivado/projects/arbiter-PUF-FPGA/Arbiter-PUF-FPGA/design_2_wrapper_final_2.xsa",
	"platIntHandOff":	"<platformDir>/hw/design_2_wrapper_final_2.xsa",
	"deviceType":	"zynq",
	"platIsPrebuiltAutogen":	"false",
	"platIsNoBootBsp":	"false",
	"platFsblTarget":	"ps7_cortexa9_0",
	"hasFsblMakeHasChanges":	"false",
	"hasPmufwMakeHasChanges":	"false",
	"fsblExtraCompilerFlags":	"-MMD -MP       -mcpu=cortex-a9 -mfpu=vfpv3 -mfloat-abi=hard ",
	"platPreBuiltFlag":	false,
	"platformSamplesDir":	"",
	"platActiveSys":	"platform",
	"systems":	[{
			"systemName":	"platform",
			"systemDesc":	"platform",
			"sysIsBootAutoGen":	"true",
			"systemDispName":	"platform",
			"sysActiveDom":	"zynq_fsbl",
			"sysDefaultDom":	"",
			"domains":	[{
					"domainName":	"zynq_fsbl",
					"domainDispName":	"zynq_fsbl",
					"domainDesc":	"FSBL Application BSP - Auto Generated.",
					"processors":	"ps7_cortexa9_0",
					"os":	"standalone",
					"sdxOs":	"standalone",
					"debugEnable":	"",
					"domRuntimes":	["cpp"],
					"swRepo":	"",
					"mssOsVer":	"7.3",
					"mssFile":	"",
					"md5Digest":	"78c06be6924b874cf94cf467c76d8f7d",
					"compatibleApp":	"zynq_fsbl",
					"domType":	"bootDomain",
					"arch":	"32-bit",
					"appSettings":	{
						"appCompilerFlags":	"",
						"appLinkerFlags":	""
					},
					"addedLibs":	["xilffs:4.4", "xilrsa:1.6"],
					"libOptions":	{
						"libsContainingOptions":	[]
					},
					"prebuiltLibs":	{
						"prebuiltIncPath":	[],
						"prebuiltLibPath":	[]
					},
					"isolation":	{
					}
				}]
		}]
}
TRACE::2025-07-17.22:20:34::SCWDomain::checking for install qemu data   : 
TRACE::2025-07-17.22:20:34::SCWDomain:: Using the QEMU Data from install at  : C:/AB/xilinxvivado/Vitis/2020.2/data/emulation/platforms/zynq/sw/a9_standalone/qemu/
TRACE::2025-07-17.22:20:34::SCWDomain:: Using the QEMU args  from install at  : C:/AB/xilinxvivado/Vitis/2020.2/data/emulation/platforms/zynq/sw/a9_standalone/qemu/qemu_args.txt
TRACE::2025-07-17.22:20:34::SCWPlatform::Trying to open the hw design at C:/AB/xilinxvivado/projects/arbiter-PUF-FPGA/new_workspace/platform/hw/design_2_wrapper_final_2.xsa
TRACE::2025-07-17.22:20:34::SCWPlatform::DSA given C:/AB/xilinxvivado/projects/arbiter-PUF-FPGA/new_workspace/platform/hw/design_2_wrapper_final_2.xsa
TRACE::2025-07-17.22:20:34::SCWPlatform::DSA absoulate path C:/AB/xilinxvivado/projects/arbiter-PUF-FPGA/new_workspace/platform/hw/design_2_wrapper_final_2.xsa
TRACE::2025-07-17.22:20:34::SCWPlatform::DSA directory C:/AB/xilinxvivado/projects/arbiter-PUF-FPGA/new_workspace/platform/hw
TRACE::2025-07-17.22:20:34::SCWPlatform:: Platform Path C:/AB/xilinxvivado/projects/arbiter-PUF-FPGA/new_workspace/platform/hw/design_2_wrapper_final_2.xsa
TRACE::2025-07-17.22:20:34::SCWPlatform:: Unique name xilinx:::0.0
TRACE::2025-07-17.22:20:34::SCWPlatform::Trying to set the existing hwdb with name design_2_wrapper_0
TRACE::2025-07-17.22:20:34::SCWPlatform::Opened existing hwdb design_2_wrapper_0
TRACE::2025-07-17.22:20:34::SCWPlatform::Found the Hw Db part of the input DSA
TRACE::2025-07-17.22:20:34::SCWPlatform::Trying to open the hw design at C:/AB/xilinxvivado/projects/arbiter-PUF-FPGA/new_workspace/platform/hw/design_2_wrapper_final_2.xsa
TRACE::2025-07-17.22:20:34::SCWPlatform::DSA given C:/AB/xilinxvivado/projects/arbiter-PUF-FPGA/new_workspace/platform/hw/design_2_wrapper_final_2.xsa
TRACE::2025-07-17.22:20:34::SCWPlatform::DSA absoulate path C:/AB/xilinxvivado/projects/arbiter-PUF-FPGA/new_workspace/platform/hw/design_2_wrapper_final_2.xsa
TRACE::2025-07-17.22:20:34::SCWPlatform::DSA directory C:/AB/xilinxvivado/projects/arbiter-PUF-FPGA/new_workspace/platform/hw
TRACE::2025-07-17.22:20:34::SCWPlatform:: Platform Path C:/AB/xilinxvivado/projects/arbiter-PUF-FPGA/new_workspace/platform/hw/design_2_wrapper_final_2.xsa
TRACE::2025-07-17.22:20:34::SCWPlatform:: Unique name xilinx:::0.0
TRACE::2025-07-17.22:20:34::SCWPlatform::Trying to set the existing hwdb with name design_2_wrapper_0
TRACE::2025-07-17.22:20:34::SCWPlatform::Opened existing hwdb design_2_wrapper_0
TRACE::2025-07-17.22:20:34::SCWPlatform::Found the Hw Db part of the input DSA
TRACE::2025-07-17.22:20:34::SCWPlatform::Trying to open the hw design at C:/AB/xilinxvivado/projects/arbiter-PUF-FPGA/new_workspace/platform/hw/design_2_wrapper_final_2.xsa
TRACE::2025-07-17.22:20:34::SCWPlatform::DSA given C:/AB/xilinxvivado/projects/arbiter-PUF-FPGA/new_workspace/platform/hw/design_2_wrapper_final_2.xsa
TRACE::2025-07-17.22:20:34::SCWPlatform::DSA absoulate path C:/AB/xilinxvivado/projects/arbiter-PUF-FPGA/new_workspace/platform/hw/design_2_wrapper_final_2.xsa
TRACE::2025-07-17.22:20:34::SCWPlatform::DSA directory C:/AB/xilinxvivado/projects/arbiter-PUF-FPGA/new_workspace/platform/hw
TRACE::2025-07-17.22:20:34::SCWPlatform:: Platform Path C:/AB/xilinxvivado/projects/arbiter-PUF-FPGA/new_workspace/platform/hw/design_2_wrapper_final_2.xsa
TRACE::2025-07-17.22:20:34::SCWPlatform:: Unique name xilinx:::0.0
TRACE::2025-07-17.22:20:34::SCWPlatform::Trying to set the existing hwdb with name design_2_wrapper_0
TRACE::2025-07-17.22:20:34::SCWPlatform::Opened existing hwdb design_2_wrapper_0
TRACE::2025-07-17.22:20:34::SCWPlatform::Found the Hw Db part of the input DSA
TRACE::2025-07-17.22:20:34::SCWMssOS::Checking the sw design at  C:/AB/xilinxvivado/projects/arbiter-PUF-FPGA/new_workspace/platform/ps7_cortexa9_0/standalone_domain/bsp/system.mss
TRACE::2025-07-17.22:20:34::SCWMssOS::DEBUG:  swdes dump  C:/AB/xilinxvivado/projects/arbiter-PUF-FPGA/new_workspace/platform/zynq_fsbl/zynq_fsbl_bsp/system.mss|system||

TRACE::2025-07-17.22:20:34::SCWMssOS::No sw design opened at  C:/AB/xilinxvivado/projects/arbiter-PUF-FPGA/new_workspace/platform/ps7_cortexa9_0/standalone_domain/bsp/system.mss
TRACE::2025-07-17.22:20:34::SCWMssOS::mss does not exists at C:/AB/xilinxvivado/projects/arbiter-PUF-FPGA/new_workspace/platform/ps7_cortexa9_0/standalone_domain/bsp/system.mss
TRACE::2025-07-17.22:20:34::SCWMssOS::Creating sw design at  C:/AB/xilinxvivado/projects/arbiter-PUF-FPGA/new_workspace/platform/ps7_cortexa9_0/standalone_domain/bsp/system.mss
TRACE::2025-07-17.22:20:34::SCWMssOS::Adding the swdes entry, created swdb C:/AB/xilinxvivado/projects/arbiter-PUF-FPGA/new_workspace/platform/ps7_cortexa9_0/standalone_domain/bsp/system.mss with des name C:/AB/xilinxvivado/projects/arbiter-PUF-FPGA/new_workspace/platform/ps7_cortexa9_0/standalone_domain/bsp/system.mss
TRACE::2025-07-17.22:20:34::SCWMssOS::updating the scw layer changes to swdes at   C:/AB/xilinxvivado/projects/arbiter-PUF-FPGA/new_workspace/platform/ps7_cortexa9_0/standalone_domain/bsp/system.mss
TRACE::2025-07-17.22:20:34::SCWMssOS::Writing mss at C:/AB/xilinxvivado/projects/arbiter-PUF-FPGA/new_workspace/platform/ps7_cortexa9_0/standalone_domain/bsp/system.mss
TRACE::2025-07-17.22:20:34::SCWMssOS::Completed writing the mss file at C:/AB/xilinxvivado/projects/arbiter-PUF-FPGA/new_workspace/platform/ps7_cortexa9_0/standalone_domain/bsp
TRACE::2025-07-17.22:20:34::SCWMssOS::Picking up changes from newly written mss file into SCW Layer. 
TRACE::2025-07-17.22:20:34::SCWMssOS::Updated the changes from newly written mss file into SCW Layer. 
TRACE::2025-07-17.22:20:34::SCWMssOS::Completed writing the mss file at C:/AB/xilinxvivado/projects/arbiter-PUF-FPGA/new_workspace/platform/ps7_cortexa9_0/standalone_domain/bsp
TRACE::2025-07-17.22:20:34::SCWMssOS::Forcing BSP Sources regeneration.
TRACE::2025-07-17.22:20:35::SCWMssOS::Saving the mss changes C:/AB/xilinxvivado/projects/arbiter-PUF-FPGA/new_workspace/platform/zynq_fsbl/zynq_fsbl_bsp/system.mss
TRACE::2025-07-17.22:20:35::SCWMssOS::Found a swdesign opened with the mssfile.
TRACE::2025-07-17.22:20:35::SCWMssOS::Completed writemss as part of save.
TRACE::2025-07-17.22:20:35::SCWMssOS::Commit changes completed.
TRACE::2025-07-17.22:20:35::SCWMssOS::Saving the mss changes C:/AB/xilinxvivado/projects/arbiter-PUF-FPGA/new_workspace/platform/ps7_cortexa9_0/standalone_domain/bsp/system.mss
TRACE::2025-07-17.22:20:35::SCWMssOS::Found a swdesign opened with the mssfile.
TRACE::2025-07-17.22:20:35::SCWMssOS::Running validate of swdbs.
KEYINFO::2025-07-17.22:20:35::SCWMssOS::Could not open the swdb for C:/AB/xilinxvivado/projects/arbiter-PUF-FPGA/new_workspace/platform/ps7_cortexa9_0/standalone_domain/bsp/system.mss
KEYINFO::2025-07-17.22:20:35::SCWMssOS::Could not open the sw design at  C:/AB/xilinxvivado/projects/arbiter-PUF-FPGA/new_workspace/platform/ps7_cortexa9_0/standalone_domain/bsp/system.mss
ERROR: [Hsi 55-1558] Software Design C:/AB/xilinxvivado/projects/arbiter-PUF-FPGA/new_workspace/platform/ps7_cortexa9_0/standalone_domain/bsp/system.mss is not found

TRACE::2025-07-17.22:20:35::SCWMssOS::Cleared the swdb table entry
TRACE::2025-07-17.22:20:35::SCWMssOS::Adding the swdes entry, mss present, able to open swdb C:/AB/xilinxvivado/projects/arbiter-PUF-FPGA/new_workspace/platform/ps7_cortexa9_0/standalone_domain/bsp/system.mss with des name system_0
TRACE::2025-07-17.22:20:35::SCWMssOS::Writing the mss file completed C:/AB/xilinxvivado/projects/arbiter-PUF-FPGA/new_workspace/platform/ps7_cortexa9_0/standalone_domain/bsp/system.mss
TRACE::2025-07-17.22:20:35::SCWMssOS::Commit changes completed.
TRACE::2025-07-17.22:20:35::SCWPlatform::Trying to open the hw design at C:/AB/xilinxvivado/projects/arbiter-PUF-FPGA/new_workspace/platform/hw/design_2_wrapper_final_2.xsa
TRACE::2025-07-17.22:20:35::SCWPlatform::DSA given C:/AB/xilinxvivado/projects/arbiter-PUF-FPGA/new_workspace/platform/hw/design_2_wrapper_final_2.xsa
TRACE::2025-07-17.22:20:35::SCWPlatform::DSA absoulate path C:/AB/xilinxvivado/projects/arbiter-PUF-FPGA/new_workspace/platform/hw/design_2_wrapper_final_2.xsa
TRACE::2025-07-17.22:20:35::SCWPlatform::DSA directory C:/AB/xilinxvivado/projects/arbiter-PUF-FPGA/new_workspace/platform/hw
TRACE::2025-07-17.22:20:35::SCWPlatform:: Platform Path C:/AB/xilinxvivado/projects/arbiter-PUF-FPGA/new_workspace/platform/hw/design_2_wrapper_final_2.xsa
TRACE::2025-07-17.22:20:35::SCWPlatform:: Unique name xilinx:::0.0
TRACE::2025-07-17.22:20:35::SCWPlatform::Trying to set the existing hwdb with name design_2_wrapper_0
TRACE::2025-07-17.22:20:35::SCWPlatform::Opened existing hwdb design_2_wrapper_0
TRACE::2025-07-17.22:20:35::SCWPlatform::Found the Hw Db part of the input DSA
TRACE::2025-07-17.22:20:35::SCWMssOS::Checking the sw design at  C:/AB/xilinxvivado/projects/arbiter-PUF-FPGA/new_workspace/platform/zynq_fsbl/zynq_fsbl_bsp/system.mss
TRACE::2025-07-17.22:20:35::SCWMssOS::DEBUG:  swdes dump  C:/AB/xilinxvivado/projects/arbiter-PUF-FPGA/new_workspace/platform/ps7_cortexa9_0/standalone_domain/bsp/system.mss|system_0||
C:/AB/xilinxvivado/projects/arbiter-PUF-FPGA/new_workspace/platform/zynq_fsbl/zynq_fsbl_bsp/system.mss|system||

TRACE::2025-07-17.22:20:35::SCWMssOS::Sw design exists and opened at  C:/AB/xilinxvivado/projects/arbiter-PUF-FPGA/new_workspace/platform/zynq_fsbl/zynq_fsbl_bsp/system.mss
TRACE::2025-07-17.22:20:35::SCWPlatform::Trying to open the hw design at C:/AB/xilinxvivado/projects/arbiter-PUF-FPGA/new_workspace/platform/hw/design_2_wrapper_final_2.xsa
TRACE::2025-07-17.22:20:35::SCWPlatform::DSA given C:/AB/xilinxvivado/projects/arbiter-PUF-FPGA/new_workspace/platform/hw/design_2_wrapper_final_2.xsa
TRACE::2025-07-17.22:20:35::SCWPlatform::DSA absoulate path C:/AB/xilinxvivado/projects/arbiter-PUF-FPGA/new_workspace/platform/hw/design_2_wrapper_final_2.xsa
TRACE::2025-07-17.22:20:35::SCWPlatform::DSA directory C:/AB/xilinxvivado/projects/arbiter-PUF-FPGA/new_workspace/platform/hw
TRACE::2025-07-17.22:20:35::SCWPlatform:: Platform Path C:/AB/xilinxvivado/projects/arbiter-PUF-FPGA/new_workspace/platform/hw/design_2_wrapper_final_2.xsa
TRACE::2025-07-17.22:20:35::SCWPlatform:: Unique name xilinx:::0.0
TRACE::2025-07-17.22:20:35::SCWPlatform::Trying to set the existing hwdb with name design_2_wrapper_0
TRACE::2025-07-17.22:20:35::SCWPlatform::Opened existing hwdb design_2_wrapper_0
TRACE::2025-07-17.22:20:35::SCWPlatform::Found the Hw Db part of the input DSA
TRACE::2025-07-17.22:20:35::SCWMssOS::Checking the sw design at  C:/AB/xilinxvivado/projects/arbiter-PUF-FPGA/new_workspace/platform/zynq_fsbl/zynq_fsbl_bsp/system.mss
TRACE::2025-07-17.22:20:35::SCWMssOS::DEBUG:  swdes dump  C:/AB/xilinxvivado/projects/arbiter-PUF-FPGA/new_workspace/platform/ps7_cortexa9_0/standalone_domain/bsp/system.mss|system_0||
C:/AB/xilinxvivado/projects/arbiter-PUF-FPGA/new_workspace/platform/zynq_fsbl/zynq_fsbl_bsp/system.mss|system||

TRACE::2025-07-17.22:20:35::SCWMssOS::Sw design exists and opened at  C:/AB/xilinxvivado/projects/arbiter-PUF-FPGA/new_workspace/platform/zynq_fsbl/zynq_fsbl_bsp/system.mss
TRACE::2025-07-17.22:20:35::SCWPlatform::Trying to open the hw design at C:/AB/xilinxvivado/projects/arbiter-PUF-FPGA/new_workspace/platform/hw/design_2_wrapper_final_2.xsa
TRACE::2025-07-17.22:20:35::SCWPlatform::DSA given C:/AB/xilinxvivado/projects/arbiter-PUF-FPGA/new_workspace/platform/hw/design_2_wrapper_final_2.xsa
TRACE::2025-07-17.22:20:35::SCWPlatform::DSA absoulate path C:/AB/xilinxvivado/projects/arbiter-PUF-FPGA/new_workspace/platform/hw/design_2_wrapper_final_2.xsa
TRACE::2025-07-17.22:20:35::SCWPlatform::DSA directory C:/AB/xilinxvivado/projects/arbiter-PUF-FPGA/new_workspace/platform/hw
TRACE::2025-07-17.22:20:35::SCWPlatform:: Platform Path C:/AB/xilinxvivado/projects/arbiter-PUF-FPGA/new_workspace/platform/hw/design_2_wrapper_final_2.xsa
TRACE::2025-07-17.22:20:35::SCWPlatform:: Unique name xilinx:::0.0
TRACE::2025-07-17.22:20:35::SCWPlatform::Trying to set the existing hwdb with name design_2_wrapper_0
TRACE::2025-07-17.22:20:35::SCWPlatform::Opened existing hwdb design_2_wrapper_0
TRACE::2025-07-17.22:20:35::SCWPlatform::Found the Hw Db part of the input DSA
TRACE::2025-07-17.22:20:35::SCWMssOS::Checking the sw design at  C:/AB/xilinxvivado/projects/arbiter-PUF-FPGA/new_workspace/platform/zynq_fsbl/zynq_fsbl_bsp/system.mss
TRACE::2025-07-17.22:20:35::SCWMssOS::DEBUG:  swdes dump  C:/AB/xilinxvivado/projects/arbiter-PUF-FPGA/new_workspace/platform/ps7_cortexa9_0/standalone_domain/bsp/system.mss|system_0||
C:/AB/xilinxvivado/projects/arbiter-PUF-FPGA/new_workspace/platform/zynq_fsbl/zynq_fsbl_bsp/system.mss|system||

TRACE::2025-07-17.22:20:35::SCWMssOS::Sw design exists and opened at  C:/AB/xilinxvivado/projects/arbiter-PUF-FPGA/new_workspace/platform/zynq_fsbl/zynq_fsbl_bsp/system.mss
TRACE::2025-07-17.22:20:35::SCWPlatform::Trying to open the hw design at C:/AB/xilinxvivado/projects/arbiter-PUF-FPGA/new_workspace/platform/hw/design_2_wrapper_final_2.xsa
TRACE::2025-07-17.22:20:35::SCWPlatform::DSA given C:/AB/xilinxvivado/projects/arbiter-PUF-FPGA/new_workspace/platform/hw/design_2_wrapper_final_2.xsa
TRACE::2025-07-17.22:20:35::SCWPlatform::DSA absoulate path C:/AB/xilinxvivado/projects/arbiter-PUF-FPGA/new_workspace/platform/hw/design_2_wrapper_final_2.xsa
TRACE::2025-07-17.22:20:35::SCWPlatform::DSA directory C:/AB/xilinxvivado/projects/arbiter-PUF-FPGA/new_workspace/platform/hw
TRACE::2025-07-17.22:20:35::SCWPlatform:: Platform Path C:/AB/xilinxvivado/projects/arbiter-PUF-FPGA/new_workspace/platform/hw/design_2_wrapper_final_2.xsa
TRACE::2025-07-17.22:20:35::SCWPlatform:: Unique name xilinx:::0.0
TRACE::2025-07-17.22:20:35::SCWPlatform::Trying to set the existing hwdb with name design_2_wrapper_0
TRACE::2025-07-17.22:20:35::SCWPlatform::Opened existing hwdb design_2_wrapper_0
TRACE::2025-07-17.22:20:35::SCWPlatform::Found the Hw Db part of the input DSA
TRACE::2025-07-17.22:20:35::SCWMssOS::Checking the sw design at  C:/AB/xilinxvivado/projects/arbiter-PUF-FPGA/new_workspace/platform/ps7_cortexa9_0/standalone_domain/bsp/system.mss
TRACE::2025-07-17.22:20:35::SCWMssOS::DEBUG:  swdes dump  C:/AB/xilinxvivado/projects/arbiter-PUF-FPGA/new_workspace/platform/ps7_cortexa9_0/standalone_domain/bsp/system.mss|system_0||
C:/AB/xilinxvivado/projects/arbiter-PUF-FPGA/new_workspace/platform/zynq_fsbl/zynq_fsbl_bsp/system.mss|system||

TRACE::2025-07-17.22:20:35::SCWMssOS::Sw design exists and opened at  C:/AB/xilinxvivado/projects/arbiter-PUF-FPGA/new_workspace/platform/ps7_cortexa9_0/standalone_domain/bsp/system.mss
TRACE::2025-07-17.22:20:35::SCWPlatform::Trying to open the hw design at C:/AB/xilinxvivado/projects/arbiter-PUF-FPGA/new_workspace/platform/hw/design_2_wrapper_final_2.xsa
TRACE::2025-07-17.22:20:35::SCWPlatform::DSA given C:/AB/xilinxvivado/projects/arbiter-PUF-FPGA/new_workspace/platform/hw/design_2_wrapper_final_2.xsa
TRACE::2025-07-17.22:20:35::SCWPlatform::DSA absoulate path C:/AB/xilinxvivado/projects/arbiter-PUF-FPGA/new_workspace/platform/hw/design_2_wrapper_final_2.xsa
TRACE::2025-07-17.22:20:35::SCWPlatform::DSA directory C:/AB/xilinxvivado/projects/arbiter-PUF-FPGA/new_workspace/platform/hw
TRACE::2025-07-17.22:20:35::SCWPlatform:: Platform Path C:/AB/xilinxvivado/projects/arbiter-PUF-FPGA/new_workspace/platform/hw/design_2_wrapper_final_2.xsa
TRACE::2025-07-17.22:20:35::SCWPlatform:: Unique name xilinx:::0.0
TRACE::2025-07-17.22:20:35::SCWPlatform::Trying to set the existing hwdb with name design_2_wrapper_0
TRACE::2025-07-17.22:20:35::SCWPlatform::Opened existing hwdb design_2_wrapper_0
TRACE::2025-07-17.22:20:35::SCWPlatform::Found the Hw Db part of the input DSA
TRACE::2025-07-17.22:20:35::SCWMssOS::Checking the sw design at  C:/AB/xilinxvivado/projects/arbiter-PUF-FPGA/new_workspace/platform/ps7_cortexa9_0/standalone_domain/bsp/system.mss
TRACE::2025-07-17.22:20:35::SCWMssOS::DEBUG:  swdes dump  C:/AB/xilinxvivado/projects/arbiter-PUF-FPGA/new_workspace/platform/ps7_cortexa9_0/standalone_domain/bsp/system.mss|system_0||
C:/AB/xilinxvivado/projects/arbiter-PUF-FPGA/new_workspace/platform/zynq_fsbl/zynq_fsbl_bsp/system.mss|system||

TRACE::2025-07-17.22:20:35::SCWMssOS::Sw design exists and opened at  C:/AB/xilinxvivado/projects/arbiter-PUF-FPGA/new_workspace/platform/ps7_cortexa9_0/standalone_domain/bsp/system.mss
TRACE::2025-07-17.22:20:35::SCWPlatform::Trying to open the hw design at C:/AB/xilinxvivado/projects/arbiter-PUF-FPGA/new_workspace/platform/hw/design_2_wrapper_final_2.xsa
TRACE::2025-07-17.22:20:35::SCWPlatform::DSA given C:/AB/xilinxvivado/projects/arbiter-PUF-FPGA/new_workspace/platform/hw/design_2_wrapper_final_2.xsa
TRACE::2025-07-17.22:20:35::SCWPlatform::DSA absoulate path C:/AB/xilinxvivado/projects/arbiter-PUF-FPGA/new_workspace/platform/hw/design_2_wrapper_final_2.xsa
TRACE::2025-07-17.22:20:35::SCWPlatform::DSA directory C:/AB/xilinxvivado/projects/arbiter-PUF-FPGA/new_workspace/platform/hw
TRACE::2025-07-17.22:20:35::SCWPlatform:: Platform Path C:/AB/xilinxvivado/projects/arbiter-PUF-FPGA/new_workspace/platform/hw/design_2_wrapper_final_2.xsa
TRACE::2025-07-17.22:20:35::SCWPlatform:: Unique name xilinx:::0.0
TRACE::2025-07-17.22:20:35::SCWPlatform::Trying to set the existing hwdb with name design_2_wrapper_0
TRACE::2025-07-17.22:20:35::SCWPlatform::Opened existing hwdb design_2_wrapper_0
TRACE::2025-07-17.22:20:35::SCWPlatform::Found the Hw Db part of the input DSA
TRACE::2025-07-17.22:20:35::SCWMssOS::Checking the sw design at  C:/AB/xilinxvivado/projects/arbiter-PUF-FPGA/new_workspace/platform/ps7_cortexa9_0/standalone_domain/bsp/system.mss
TRACE::2025-07-17.22:20:35::SCWMssOS::DEBUG:  swdes dump  C:/AB/xilinxvivado/projects/arbiter-PUF-FPGA/new_workspace/platform/ps7_cortexa9_0/standalone_domain/bsp/system.mss|system_0||
C:/AB/xilinxvivado/projects/arbiter-PUF-FPGA/new_workspace/platform/zynq_fsbl/zynq_fsbl_bsp/system.mss|system||

TRACE::2025-07-17.22:20:35::SCWMssOS::Sw design exists and opened at  C:/AB/xilinxvivado/projects/arbiter-PUF-FPGA/new_workspace/platform/ps7_cortexa9_0/standalone_domain/bsp/system.mss
TRACE::2025-07-17.22:20:35::SCWWriter::formatted JSON is {
	"platformName":	"platform",
	"sprVersion":	"2.0",
	"mode":	"gui",
	"dsaType":	"Fixed",
	"platformDesc":	"platform",
	"platHandOff":	"C:/AB/xilinxvivado/projects/arbiter-PUF-FPGA/Arbiter-PUF-FPGA/design_2_wrapper_final_2.xsa",
	"platIntHandOff":	"<platformDir>/hw/design_2_wrapper_final_2.xsa",
	"deviceType":	"zynq",
	"platIsPrebuiltAutogen":	"false",
	"platIsNoBootBsp":	"false",
	"platFsblTarget":	"ps7_cortexa9_0",
	"hasFsblMakeHasChanges":	"false",
	"hasPmufwMakeHasChanges":	"false",
	"fsblExtraCompilerFlags":	"-MMD -MP       -mcpu=cortex-a9 -mfpu=vfpv3 -mfloat-abi=hard ",
	"platPreBuiltFlag":	false,
	"platformSamplesDir":	"",
	"platActiveSys":	"platform",
	"systems":	[{
			"systemName":	"platform",
			"systemDesc":	"platform",
			"sysIsBootAutoGen":	"true",
			"systemDispName":	"platform",
			"sysActiveDom":	"standalone_domain",
			"sysDefaultDom":	"standalone_domain",
			"domains":	[{
					"domainName":	"zynq_fsbl",
					"domainDispName":	"zynq_fsbl",
					"domainDesc":	"FSBL Application BSP - Auto Generated.",
					"processors":	"ps7_cortexa9_0",
					"os":	"standalone",
					"sdxOs":	"standalone",
					"debugEnable":	"",
					"domRuntimes":	["cpp"],
					"swRepo":	"",
					"mssOsVer":	"7.3",
					"mssFile":	"",
					"md5Digest":	"78c06be6924b874cf94cf467c76d8f7d",
					"compatibleApp":	"zynq_fsbl",
					"domType":	"bootDomain",
					"arch":	"32-bit",
					"appSettings":	{
						"appCompilerFlags":	"",
						"appLinkerFlags":	""
					},
					"addedLibs":	["xilffs:4.4", "xilrsa:1.6"],
					"libOptions":	{
						"libsContainingOptions":	[]
					},
					"prebuiltLibs":	{
						"prebuiltIncPath":	[],
						"prebuiltLibPath":	[]
					},
					"isolation":	{
					}
				}, {
					"domainName":	"standalone_domain",
					"domainDispName":	"standalone_domain",
					"domainDesc":	"standalone_domain",
					"processors":	"ps7_cortexa9_0",
					"os":	"standalone",
					"sdxOs":	"standalone",
					"qemuArgs":	"C:/AB/xilinxvivado/Vitis/2020.2/data/emulation/platforms/zynq/sw/a9_standalone/qemu/qemu_args.txt",
					"qemuData":	"C:/AB/xilinxvivado/Vitis/2020.2/data/emulation/platforms/zynq/sw/a9_standalone/qemu/",
					"debugEnable":	"False",
					"domRuntimes":	["cpp"],
					"swRepo":	"",
					"mssOsVer":	"7.3",
					"mssFile":	"",
					"md5Digest":	"8276bd7423100ab808fdcc646ffd4c47",
					"compatibleApp":	"",
					"domType":	"mssDomain",
					"appSettings":	{
						"appCompilerFlags":	"",
						"appLinkerFlags":	""
					},
					"addedLibs":	[],
					"libOptions":	{
						"libsContainingOptions":	[]
					},
					"prebuiltLibs":	{
						"prebuiltIncPath":	[],
						"prebuiltLibPath":	[]
					},
					"isolation":	{
					}
				}]
		}]
}
LOG::2025-07-17.22:20:35::SCWPlatform::Started generating the artifacts platform platform
TRACE::2025-07-17.22:20:35::SCWPlatform::Sanity checking of platform is completed
LOG::2025-07-17.22:20:35::SCWPlatform::Started generating the artifacts for system configuration platform
LOG::2025-07-17.22:20:35::SCWSystem::Checking the domain zynq_fsbl
LOG::2025-07-17.22:20:35::SCWSystem::Doing application build for :  zynq_fsbl
TRACE::2025-07-17.22:20:35::SCWBDomain::Not a forced makefile updation, No changes are present. 
TRACE::2025-07-17.22:20:35::SCWDomain::Skipping the build for domain :  zynq_fsbl
LOG::2025-07-17.22:20:35::SCWSystem::Checking the domain standalone_domain
LOG::2025-07-17.22:20:35::SCWSystem::Not a boot domain 
LOG::2025-07-17.22:20:35::SCWSystem::Started Processing the domain standalone_domain
TRACE::2025-07-17.22:20:35::SCWDomain::Generating domain artifcats
TRACE::2025-07-17.22:20:35::SCWMssOS::Generating standalone artifcats
TRACE::2025-07-17.22:20:35::SCWMssOS::Copying the qemu file from  C:/AB/xilinxvivado/Vitis/2020.2/data/emulation/platforms/zynq/sw/a9_standalone/qemu/qemu_args.txt To C:/AB/xilinxvivado/projects/arbiter-PUF-FPGA/new_workspace/platform/export/platform/sw/platform/qemu/
TRACE::2025-07-17.22:20:35::SCWMssOS::Copying the qemu file from  C:/AB/xilinxvivado/Vitis/2020.2/data/emulation/platforms/zynq/sw/a9_standalone/qemu/qemu_args.txt To C:/AB/xilinxvivado/projects/arbiter-PUF-FPGA/new_workspace/platform/export/platform/sw/platform/standalone_domain/qemu/
TRACE::2025-07-17.22:20:35::SCWMssOS:: Copying the user libraries. 
TRACE::2025-07-17.22:20:35::SCWPlatform::Trying to open the hw design at C:/AB/xilinxvivado/projects/arbiter-PUF-FPGA/new_workspace/platform/hw/design_2_wrapper_final_2.xsa
TRACE::2025-07-17.22:20:35::SCWPlatform::DSA given C:/AB/xilinxvivado/projects/arbiter-PUF-FPGA/new_workspace/platform/hw/design_2_wrapper_final_2.xsa
TRACE::2025-07-17.22:20:35::SCWPlatform::DSA absoulate path C:/AB/xilinxvivado/projects/arbiter-PUF-FPGA/new_workspace/platform/hw/design_2_wrapper_final_2.xsa
TRACE::2025-07-17.22:20:35::SCWPlatform::DSA directory C:/AB/xilinxvivado/projects/arbiter-PUF-FPGA/new_workspace/platform/hw
TRACE::2025-07-17.22:20:35::SCWPlatform:: Platform Path C:/AB/xilinxvivado/projects/arbiter-PUF-FPGA/new_workspace/platform/hw/design_2_wrapper_final_2.xsa
TRACE::2025-07-17.22:20:35::SCWPlatform:: Unique name xilinx:::0.0
TRACE::2025-07-17.22:20:35::SCWPlatform::Trying to set the existing hwdb with name design_2_wrapper_0
TRACE::2025-07-17.22:20:35::SCWPlatform::Opened existing hwdb design_2_wrapper_0
TRACE::2025-07-17.22:20:35::SCWPlatform::Found the Hw Db part of the input DSA
TRACE::2025-07-17.22:20:35::SCWMssOS::Checking the sw design at  C:/AB/xilinxvivado/projects/arbiter-PUF-FPGA/new_workspace/platform/ps7_cortexa9_0/standalone_domain/bsp/system.mss
TRACE::2025-07-17.22:20:35::SCWMssOS::DEBUG:  swdes dump  C:/AB/xilinxvivado/projects/arbiter-PUF-FPGA/new_workspace/platform/ps7_cortexa9_0/standalone_domain/bsp/system.mss|system_0||
C:/AB/xilinxvivado/projects/arbiter-PUF-FPGA/new_workspace/platform/zynq_fsbl/zynq_fsbl_bsp/system.mss|system||

TRACE::2025-07-17.22:20:35::SCWMssOS::Sw design exists and opened at  C:/AB/xilinxvivado/projects/arbiter-PUF-FPGA/new_workspace/platform/ps7_cortexa9_0/standalone_domain/bsp/system.mss
TRACE::2025-07-17.22:20:35::SCWMssOS::Completed writing the mss file at C:/AB/xilinxvivado/projects/arbiter-PUF-FPGA/new_workspace/platform/ps7_cortexa9_0/standalone_domain/bsp
TRACE::2025-07-17.22:20:35::SCWMssOS::Mss edits present, copying mssfile into export location C:/AB/xilinxvivado/projects/arbiter-PUF-FPGA/new_workspace/platform/ps7_cortexa9_0/standalone_domain/bsp/system.mss
TRACE::2025-07-17.22:20:35::SCWMssOS::bsp generated is upto date with the mss file. Skipping bsp generation.
TRACE::2025-07-17.22:20:35::SCWMssOS::BSP is already built. skipping the bsp build ... 
TRACE::2025-07-17.22:20:35::SCWDomain::Skipping the build for domain :  standalone_domain
TRACE::2025-07-17.22:20:35::SCWMssOS::skipping the bsp build ... 
TRACE::2025-07-17.22:20:35::SCWMssOS::Copying to export directory.
TRACE::2025-07-17.22:20:35::SCWMssOS:: Checking if to create the Supporting Applications
TRACE::2025-07-17.22:20:35::SCWMssOS:: No Linux domain exists, trying to generate FSBL 
TRACE::2025-07-17.22:20:35::SCWMssOS:: Completed Standalone Artifacts creation 
LOG::2025-07-17.22:20:35::SCWSystem::Completed Processing the domain standalone_domain
LOG::2025-07-17.22:20:35::SCWSystem::Completed Processing the sysconfig platform
LOG::2025-07-17.22:20:35::SCWPlatform::Completed generating the artifacts for system configuration platform
TRACE::2025-07-17.22:20:35::SCWPlatform::Started preparing the platform 
TRACE::2025-07-17.22:20:35::SCWSystem::Writing the bif file for system config platform
TRACE::2025-07-17.22:20:35::SCWSystem::dir created 
TRACE::2025-07-17.22:20:35::SCWSystem::Writing the bif 
TRACE::2025-07-17.22:20:35::SCWPlatform::Started writing the spfm file 
TRACE::2025-07-17.22:20:35::SCWPlatform::Started writing the xpfm file 
TRACE::2025-07-17.22:20:35::SCWPlatform::Completed generating the platform
TRACE::2025-07-17.22:20:35::SCWMssOS::Saving the mss changes C:/AB/xilinxvivado/projects/arbiter-PUF-FPGA/new_workspace/platform/zynq_fsbl/zynq_fsbl_bsp/system.mss
TRACE::2025-07-17.22:20:35::SCWMssOS::Found a swdesign opened with the mssfile.
TRACE::2025-07-17.22:20:35::SCWMssOS::Completed writemss as part of save.
TRACE::2025-07-17.22:20:35::SCWMssOS::Commit changes completed.
TRACE::2025-07-17.22:20:35::SCWMssOS::Saving the mss changes C:/AB/xilinxvivado/projects/arbiter-PUF-FPGA/new_workspace/platform/ps7_cortexa9_0/standalone_domain/bsp/system.mss
TRACE::2025-07-17.22:20:35::SCWMssOS::Found a swdesign opened with the mssfile.
TRACE::2025-07-17.22:20:35::SCWMssOS::Completed writemss as part of save.
TRACE::2025-07-17.22:20:35::SCWMssOS::Commit changes completed.
TRACE::2025-07-17.22:20:35::SCWPlatform::Trying to open the hw design at C:/AB/xilinxvivado/projects/arbiter-PUF-FPGA/new_workspace/platform/hw/design_2_wrapper_final_2.xsa
TRACE::2025-07-17.22:20:35::SCWPlatform::DSA given C:/AB/xilinxvivado/projects/arbiter-PUF-FPGA/new_workspace/platform/hw/design_2_wrapper_final_2.xsa
TRACE::2025-07-17.22:20:35::SCWPlatform::DSA absoulate path C:/AB/xilinxvivado/projects/arbiter-PUF-FPGA/new_workspace/platform/hw/design_2_wrapper_final_2.xsa
TRACE::2025-07-17.22:20:35::SCWPlatform::DSA directory C:/AB/xilinxvivado/projects/arbiter-PUF-FPGA/new_workspace/platform/hw
TRACE::2025-07-17.22:20:35::SCWPlatform:: Platform Path C:/AB/xilinxvivado/projects/arbiter-PUF-FPGA/new_workspace/platform/hw/design_2_wrapper_final_2.xsa
TRACE::2025-07-17.22:20:35::SCWPlatform:: Unique name xilinx:::0.0
TRACE::2025-07-17.22:20:35::SCWPlatform::Trying to set the existing hwdb with name design_2_wrapper_0
TRACE::2025-07-17.22:20:35::SCWPlatform::Opened existing hwdb design_2_wrapper_0
TRACE::2025-07-17.22:20:35::SCWPlatform::Found the Hw Db part of the input DSA
TRACE::2025-07-17.22:20:35::SCWMssOS::Checking the sw design at  C:/AB/xilinxvivado/projects/arbiter-PUF-FPGA/new_workspace/platform/zynq_fsbl/zynq_fsbl_bsp/system.mss
TRACE::2025-07-17.22:20:35::SCWMssOS::DEBUG:  swdes dump  C:/AB/xilinxvivado/projects/arbiter-PUF-FPGA/new_workspace/platform/ps7_cortexa9_0/standalone_domain/bsp/system.mss|system_0||
C:/AB/xilinxvivado/projects/arbiter-PUF-FPGA/new_workspace/platform/zynq_fsbl/zynq_fsbl_bsp/system.mss|system||

TRACE::2025-07-17.22:20:35::SCWMssOS::Sw design exists and opened at  C:/AB/xilinxvivado/projects/arbiter-PUF-FPGA/new_workspace/platform/zynq_fsbl/zynq_fsbl_bsp/system.mss
TRACE::2025-07-17.22:20:35::SCWPlatform::Trying to open the hw design at C:/AB/xilinxvivado/projects/arbiter-PUF-FPGA/new_workspace/platform/hw/design_2_wrapper_final_2.xsa
TRACE::2025-07-17.22:20:35::SCWPlatform::DSA given C:/AB/xilinxvivado/projects/arbiter-PUF-FPGA/new_workspace/platform/hw/design_2_wrapper_final_2.xsa
TRACE::2025-07-17.22:20:35::SCWPlatform::DSA absoulate path C:/AB/xilinxvivado/projects/arbiter-PUF-FPGA/new_workspace/platform/hw/design_2_wrapper_final_2.xsa
TRACE::2025-07-17.22:20:35::SCWPlatform::DSA directory C:/AB/xilinxvivado/projects/arbiter-PUF-FPGA/new_workspace/platform/hw
TRACE::2025-07-17.22:20:35::SCWPlatform:: Platform Path C:/AB/xilinxvivado/projects/arbiter-PUF-FPGA/new_workspace/platform/hw/design_2_wrapper_final_2.xsa
TRACE::2025-07-17.22:20:35::SCWPlatform:: Unique name xilinx:::0.0
TRACE::2025-07-17.22:20:35::SCWPlatform::Trying to set the existing hwdb with name design_2_wrapper_0
TRACE::2025-07-17.22:20:35::SCWPlatform::Opened existing hwdb design_2_wrapper_0
TRACE::2025-07-17.22:20:35::SCWPlatform::Found the Hw Db part of the input DSA
TRACE::2025-07-17.22:20:35::SCWMssOS::Checking the sw design at  C:/AB/xilinxvivado/projects/arbiter-PUF-FPGA/new_workspace/platform/zynq_fsbl/zynq_fsbl_bsp/system.mss
TRACE::2025-07-17.22:20:35::SCWMssOS::DEBUG:  swdes dump  C:/AB/xilinxvivado/projects/arbiter-PUF-FPGA/new_workspace/platform/ps7_cortexa9_0/standalone_domain/bsp/system.mss|system_0||
C:/AB/xilinxvivado/projects/arbiter-PUF-FPGA/new_workspace/platform/zynq_fsbl/zynq_fsbl_bsp/system.mss|system||

TRACE::2025-07-17.22:20:35::SCWMssOS::Sw design exists and opened at  C:/AB/xilinxvivado/projects/arbiter-PUF-FPGA/new_workspace/platform/zynq_fsbl/zynq_fsbl_bsp/system.mss
TRACE::2025-07-17.22:20:35::SCWPlatform::Trying to open the hw design at C:/AB/xilinxvivado/projects/arbiter-PUF-FPGA/new_workspace/platform/hw/design_2_wrapper_final_2.xsa
TRACE::2025-07-17.22:20:35::SCWPlatform::DSA given C:/AB/xilinxvivado/projects/arbiter-PUF-FPGA/new_workspace/platform/hw/design_2_wrapper_final_2.xsa
TRACE::2025-07-17.22:20:35::SCWPlatform::DSA absoulate path C:/AB/xilinxvivado/projects/arbiter-PUF-FPGA/new_workspace/platform/hw/design_2_wrapper_final_2.xsa
TRACE::2025-07-17.22:20:35::SCWPlatform::DSA directory C:/AB/xilinxvivado/projects/arbiter-PUF-FPGA/new_workspace/platform/hw
TRACE::2025-07-17.22:20:35::SCWPlatform:: Platform Path C:/AB/xilinxvivado/projects/arbiter-PUF-FPGA/new_workspace/platform/hw/design_2_wrapper_final_2.xsa
TRACE::2025-07-17.22:20:35::SCWPlatform:: Unique name xilinx:::0.0
TRACE::2025-07-17.22:20:35::SCWPlatform::Trying to set the existing hwdb with name design_2_wrapper_0
TRACE::2025-07-17.22:20:35::SCWPlatform::Opened existing hwdb design_2_wrapper_0
TRACE::2025-07-17.22:20:35::SCWPlatform::Found the Hw Db part of the input DSA
TRACE::2025-07-17.22:20:35::SCWMssOS::Checking the sw design at  C:/AB/xilinxvivado/projects/arbiter-PUF-FPGA/new_workspace/platform/zynq_fsbl/zynq_fsbl_bsp/system.mss
TRACE::2025-07-17.22:20:35::SCWMssOS::DEBUG:  swdes dump  C:/AB/xilinxvivado/projects/arbiter-PUF-FPGA/new_workspace/platform/ps7_cortexa9_0/standalone_domain/bsp/system.mss|system_0||
C:/AB/xilinxvivado/projects/arbiter-PUF-FPGA/new_workspace/platform/zynq_fsbl/zynq_fsbl_bsp/system.mss|system||

TRACE::2025-07-17.22:20:35::SCWMssOS::Sw design exists and opened at  C:/AB/xilinxvivado/projects/arbiter-PUF-FPGA/new_workspace/platform/zynq_fsbl/zynq_fsbl_bsp/system.mss
TRACE::2025-07-17.22:20:35::SCWPlatform::Trying to open the hw design at C:/AB/xilinxvivado/projects/arbiter-PUF-FPGA/new_workspace/platform/hw/design_2_wrapper_final_2.xsa
TRACE::2025-07-17.22:20:35::SCWPlatform::DSA given C:/AB/xilinxvivado/projects/arbiter-PUF-FPGA/new_workspace/platform/hw/design_2_wrapper_final_2.xsa
TRACE::2025-07-17.22:20:35::SCWPlatform::DSA absoulate path C:/AB/xilinxvivado/projects/arbiter-PUF-FPGA/new_workspace/platform/hw/design_2_wrapper_final_2.xsa
TRACE::2025-07-17.22:20:35::SCWPlatform::DSA directory C:/AB/xilinxvivado/projects/arbiter-PUF-FPGA/new_workspace/platform/hw
TRACE::2025-07-17.22:20:35::SCWPlatform:: Platform Path C:/AB/xilinxvivado/projects/arbiter-PUF-FPGA/new_workspace/platform/hw/design_2_wrapper_final_2.xsa
TRACE::2025-07-17.22:20:35::SCWPlatform:: Unique name xilinx:::0.0
TRACE::2025-07-17.22:20:35::SCWPlatform::Trying to set the existing hwdb with name design_2_wrapper_0
TRACE::2025-07-17.22:20:35::SCWPlatform::Opened existing hwdb design_2_wrapper_0
TRACE::2025-07-17.22:20:35::SCWPlatform::Found the Hw Db part of the input DSA
TRACE::2025-07-17.22:20:35::SCWMssOS::Checking the sw design at  C:/AB/xilinxvivado/projects/arbiter-PUF-FPGA/new_workspace/platform/ps7_cortexa9_0/standalone_domain/bsp/system.mss
TRACE::2025-07-17.22:20:35::SCWMssOS::DEBUG:  swdes dump  C:/AB/xilinxvivado/projects/arbiter-PUF-FPGA/new_workspace/platform/ps7_cortexa9_0/standalone_domain/bsp/system.mss|system_0||
C:/AB/xilinxvivado/projects/arbiter-PUF-FPGA/new_workspace/platform/zynq_fsbl/zynq_fsbl_bsp/system.mss|system||

TRACE::2025-07-17.22:20:35::SCWMssOS::Sw design exists and opened at  C:/AB/xilinxvivado/projects/arbiter-PUF-FPGA/new_workspace/platform/ps7_cortexa9_0/standalone_domain/bsp/system.mss
TRACE::2025-07-17.22:20:35::SCWPlatform::Trying to open the hw design at C:/AB/xilinxvivado/projects/arbiter-PUF-FPGA/new_workspace/platform/hw/design_2_wrapper_final_2.xsa
TRACE::2025-07-17.22:20:35::SCWPlatform::DSA given C:/AB/xilinxvivado/projects/arbiter-PUF-FPGA/new_workspace/platform/hw/design_2_wrapper_final_2.xsa
TRACE::2025-07-17.22:20:35::SCWPlatform::DSA absoulate path C:/AB/xilinxvivado/projects/arbiter-PUF-FPGA/new_workspace/platform/hw/design_2_wrapper_final_2.xsa
TRACE::2025-07-17.22:20:35::SCWPlatform::DSA directory C:/AB/xilinxvivado/projects/arbiter-PUF-FPGA/new_workspace/platform/hw
TRACE::2025-07-17.22:20:35::SCWPlatform:: Platform Path C:/AB/xilinxvivado/projects/arbiter-PUF-FPGA/new_workspace/platform/hw/design_2_wrapper_final_2.xsa
TRACE::2025-07-17.22:20:35::SCWPlatform:: Unique name xilinx:::0.0
TRACE::2025-07-17.22:20:35::SCWPlatform::Trying to set the existing hwdb with name design_2_wrapper_0
TRACE::2025-07-17.22:20:35::SCWPlatform::Opened existing hwdb design_2_wrapper_0
TRACE::2025-07-17.22:20:35::SCWPlatform::Found the Hw Db part of the input DSA
TRACE::2025-07-17.22:20:35::SCWMssOS::Checking the sw design at  C:/AB/xilinxvivado/projects/arbiter-PUF-FPGA/new_workspace/platform/ps7_cortexa9_0/standalone_domain/bsp/system.mss
TRACE::2025-07-17.22:20:35::SCWMssOS::DEBUG:  swdes dump  C:/AB/xilinxvivado/projects/arbiter-PUF-FPGA/new_workspace/platform/ps7_cortexa9_0/standalone_domain/bsp/system.mss|system_0||
C:/AB/xilinxvivado/projects/arbiter-PUF-FPGA/new_workspace/platform/zynq_fsbl/zynq_fsbl_bsp/system.mss|system||

TRACE::2025-07-17.22:20:35::SCWMssOS::Sw design exists and opened at  C:/AB/xilinxvivado/projects/arbiter-PUF-FPGA/new_workspace/platform/ps7_cortexa9_0/standalone_domain/bsp/system.mss
TRACE::2025-07-17.22:20:35::SCWPlatform::Trying to open the hw design at C:/AB/xilinxvivado/projects/arbiter-PUF-FPGA/new_workspace/platform/hw/design_2_wrapper_final_2.xsa
TRACE::2025-07-17.22:20:35::SCWPlatform::DSA given C:/AB/xilinxvivado/projects/arbiter-PUF-FPGA/new_workspace/platform/hw/design_2_wrapper_final_2.xsa
TRACE::2025-07-17.22:20:35::SCWPlatform::DSA absoulate path C:/AB/xilinxvivado/projects/arbiter-PUF-FPGA/new_workspace/platform/hw/design_2_wrapper_final_2.xsa
TRACE::2025-07-17.22:20:35::SCWPlatform::DSA directory C:/AB/xilinxvivado/projects/arbiter-PUF-FPGA/new_workspace/platform/hw
TRACE::2025-07-17.22:20:35::SCWPlatform:: Platform Path C:/AB/xilinxvivado/projects/arbiter-PUF-FPGA/new_workspace/platform/hw/design_2_wrapper_final_2.xsa
TRACE::2025-07-17.22:20:35::SCWPlatform:: Unique name xilinx:::0.0
TRACE::2025-07-17.22:20:35::SCWPlatform::Trying to set the existing hwdb with name design_2_wrapper_0
TRACE::2025-07-17.22:20:35::SCWPlatform::Opened existing hwdb design_2_wrapper_0
TRACE::2025-07-17.22:20:35::SCWPlatform::Found the Hw Db part of the input DSA
TRACE::2025-07-17.22:20:35::SCWMssOS::Checking the sw design at  C:/AB/xilinxvivado/projects/arbiter-PUF-FPGA/new_workspace/platform/ps7_cortexa9_0/standalone_domain/bsp/system.mss
TRACE::2025-07-17.22:20:35::SCWMssOS::DEBUG:  swdes dump  C:/AB/xilinxvivado/projects/arbiter-PUF-FPGA/new_workspace/platform/ps7_cortexa9_0/standalone_domain/bsp/system.mss|system_0||
C:/AB/xilinxvivado/projects/arbiter-PUF-FPGA/new_workspace/platform/zynq_fsbl/zynq_fsbl_bsp/system.mss|system||

TRACE::2025-07-17.22:20:35::SCWMssOS::Sw design exists and opened at  C:/AB/xilinxvivado/projects/arbiter-PUF-FPGA/new_workspace/platform/ps7_cortexa9_0/standalone_domain/bsp/system.mss
TRACE::2025-07-17.22:20:35::SCWWriter::formatted JSON is {
	"platformName":	"platform",
	"sprVersion":	"2.0",
	"mode":	"gui",
	"dsaType":	"Fixed",
	"platformDesc":	"platform",
	"platHandOff":	"C:/AB/xilinxvivado/projects/arbiter-PUF-FPGA/Arbiter-PUF-FPGA/design_2_wrapper_final_2.xsa",
	"platIntHandOff":	"<platformDir>/hw/design_2_wrapper_final_2.xsa",
	"deviceType":	"zynq",
	"platIsPrebuiltAutogen":	"false",
	"platIsNoBootBsp":	"false",
	"platFsblTarget":	"ps7_cortexa9_0",
	"hasFsblMakeHasChanges":	"false",
	"hasPmufwMakeHasChanges":	"false",
	"fsblExtraCompilerFlags":	"-MMD -MP       -mcpu=cortex-a9 -mfpu=vfpv3 -mfloat-abi=hard ",
	"platPreBuiltFlag":	false,
	"platformSamplesDir":	"",
	"platActiveSys":	"platform",
	"systems":	[{
			"systemName":	"platform",
			"systemDesc":	"platform",
			"sysIsBootAutoGen":	"true",
			"systemDispName":	"platform",
			"sysActiveDom":	"standalone_domain",
			"sysDefaultDom":	"standalone_domain",
			"domains":	[{
					"domainName":	"zynq_fsbl",
					"domainDispName":	"zynq_fsbl",
					"domainDesc":	"FSBL Application BSP - Auto Generated.",
					"processors":	"ps7_cortexa9_0",
					"os":	"standalone",
					"sdxOs":	"standalone",
					"debugEnable":	"",
					"domRuntimes":	["cpp"],
					"swRepo":	"",
					"mssOsVer":	"7.3",
					"mssFile":	"",
					"md5Digest":	"78c06be6924b874cf94cf467c76d8f7d",
					"compatibleApp":	"zynq_fsbl",
					"domType":	"bootDomain",
					"arch":	"32-bit",
					"appSettings":	{
						"appCompilerFlags":	"",
						"appLinkerFlags":	""
					},
					"addedLibs":	["xilffs:4.4", "xilrsa:1.6"],
					"libOptions":	{
						"libsContainingOptions":	[]
					},
					"prebuiltLibs":	{
						"prebuiltIncPath":	[],
						"prebuiltLibPath":	[]
					},
					"isolation":	{
					}
				}, {
					"domainName":	"standalone_domain",
					"domainDispName":	"standalone_domain",
					"domainDesc":	"standalone_domain",
					"processors":	"ps7_cortexa9_0",
					"os":	"standalone",
					"sdxOs":	"standalone",
					"qemuArgs":	"C:/AB/xilinxvivado/Vitis/2020.2/data/emulation/platforms/zynq/sw/a9_standalone/qemu/qemu_args.txt",
					"qemuData":	"C:/AB/xilinxvivado/Vitis/2020.2/data/emulation/platforms/zynq/sw/a9_standalone/qemu/",
					"debugEnable":	"False",
					"domRuntimes":	["cpp"],
					"swRepo":	"",
					"mssOsVer":	"7.3",
					"mssFile":	"",
					"md5Digest":	"8276bd7423100ab808fdcc646ffd4c47",
					"compatibleApp":	"",
					"domType":	"mssDomain",
					"appSettings":	{
						"appCompilerFlags":	"",
						"appLinkerFlags":	""
					},
					"addedLibs":	[],
					"libOptions":	{
						"libsContainingOptions":	[]
					},
					"prebuiltLibs":	{
						"prebuiltIncPath":	[],
						"prebuiltLibPath":	[]
					},
					"isolation":	{
					}
				}]
		}]
}
KEYINFO::2025-07-17.22:20:35::SCWPlatform::updated the xpfm file.
TRACE::2025-07-17.22:20:35::SCWPlatform::Trying to open the hw design at C:/AB/xilinxvivado/projects/arbiter-PUF-FPGA/new_workspace/platform/hw/design_2_wrapper_final_2.xsa
TRACE::2025-07-17.22:20:35::SCWPlatform::DSA given C:/AB/xilinxvivado/projects/arbiter-PUF-FPGA/new_workspace/platform/hw/design_2_wrapper_final_2.xsa
TRACE::2025-07-17.22:20:35::SCWPlatform::DSA absoulate path C:/AB/xilinxvivado/projects/arbiter-PUF-FPGA/new_workspace/platform/hw/design_2_wrapper_final_2.xsa
TRACE::2025-07-17.22:20:35::SCWPlatform::DSA directory C:/AB/xilinxvivado/projects/arbiter-PUF-FPGA/new_workspace/platform/hw
TRACE::2025-07-17.22:20:35::SCWPlatform:: Platform Path C:/AB/xilinxvivado/projects/arbiter-PUF-FPGA/new_workspace/platform/hw/design_2_wrapper_final_2.xsa
TRACE::2025-07-17.22:20:35::SCWPlatform:: Unique name xilinx:::0.0
TRACE::2025-07-17.22:20:35::SCWPlatform::Trying to set the existing hwdb with name design_2_wrapper_0
TRACE::2025-07-17.22:20:35::SCWPlatform::Opened existing hwdb design_2_wrapper_0
TRACE::2025-07-17.22:20:35::SCWPlatform::Found the Hw Db part of the input DSA
TRACE::2025-07-17.22:20:35::SCWMssOS::Checking the sw design at  C:/AB/xilinxvivado/projects/arbiter-PUF-FPGA/new_workspace/platform/ps7_cortexa9_0/standalone_domain/bsp/system.mss
TRACE::2025-07-17.22:20:35::SCWMssOS::DEBUG:  swdes dump  C:/AB/xilinxvivado/projects/arbiter-PUF-FPGA/new_workspace/platform/ps7_cortexa9_0/standalone_domain/bsp/system.mss|system_0||
C:/AB/xilinxvivado/projects/arbiter-PUF-FPGA/new_workspace/platform/zynq_fsbl/zynq_fsbl_bsp/system.mss|system||

TRACE::2025-07-17.22:20:35::SCWMssOS::Sw design exists and opened at  C:/AB/xilinxvivado/projects/arbiter-PUF-FPGA/new_workspace/platform/ps7_cortexa9_0/standalone_domain/bsp/system.mss
TRACE::2025-07-17.22:20:35::SCWMssOS::Saving the mss changes C:/AB/xilinxvivado/projects/arbiter-PUF-FPGA/new_workspace/platform/zynq_fsbl/zynq_fsbl_bsp/system.mss
TRACE::2025-07-17.22:20:35::SCWMssOS::Found a swdesign opened with the mssfile.
TRACE::2025-07-17.22:20:35::SCWMssOS::Completed writemss as part of save.
TRACE::2025-07-17.22:20:35::SCWMssOS::Commit changes completed.
TRACE::2025-07-17.22:20:35::SCWMssOS::Saving the mss changes C:/AB/xilinxvivado/projects/arbiter-PUF-FPGA/new_workspace/platform/ps7_cortexa9_0/standalone_domain/bsp/system.mss
TRACE::2025-07-17.22:20:35::SCWMssOS::Found a swdesign opened with the mssfile.
TRACE::2025-07-17.22:20:35::SCWMssOS::Completed writemss as part of save.
TRACE::2025-07-17.22:20:35::SCWMssOS::Commit changes completed.
TRACE::2025-07-17.22:20:35::SCWPlatform::Trying to open the hw design at C:/AB/xilinxvivado/projects/arbiter-PUF-FPGA/new_workspace/platform/hw/design_2_wrapper_final_2.xsa
TRACE::2025-07-17.22:20:35::SCWPlatform::DSA given C:/AB/xilinxvivado/projects/arbiter-PUF-FPGA/new_workspace/platform/hw/design_2_wrapper_final_2.xsa
TRACE::2025-07-17.22:20:35::SCWPlatform::DSA absoulate path C:/AB/xilinxvivado/projects/arbiter-PUF-FPGA/new_workspace/platform/hw/design_2_wrapper_final_2.xsa
TRACE::2025-07-17.22:20:35::SCWPlatform::DSA directory C:/AB/xilinxvivado/projects/arbiter-PUF-FPGA/new_workspace/platform/hw
TRACE::2025-07-17.22:20:35::SCWPlatform:: Platform Path C:/AB/xilinxvivado/projects/arbiter-PUF-FPGA/new_workspace/platform/hw/design_2_wrapper_final_2.xsa
TRACE::2025-07-17.22:20:35::SCWPlatform:: Unique name xilinx:::0.0
TRACE::2025-07-17.22:20:35::SCWPlatform::Trying to set the existing hwdb with name design_2_wrapper_0
TRACE::2025-07-17.22:20:35::SCWPlatform::Opened existing hwdb design_2_wrapper_0
TRACE::2025-07-17.22:20:35::SCWPlatform::Found the Hw Db part of the input DSA
TRACE::2025-07-17.22:20:35::SCWMssOS::Checking the sw design at  C:/AB/xilinxvivado/projects/arbiter-PUF-FPGA/new_workspace/platform/zynq_fsbl/zynq_fsbl_bsp/system.mss
TRACE::2025-07-17.22:20:35::SCWMssOS::DEBUG:  swdes dump  C:/AB/xilinxvivado/projects/arbiter-PUF-FPGA/new_workspace/platform/ps7_cortexa9_0/standalone_domain/bsp/system.mss|system_0||
C:/AB/xilinxvivado/projects/arbiter-PUF-FPGA/new_workspace/platform/zynq_fsbl/zynq_fsbl_bsp/system.mss|system||

TRACE::2025-07-17.22:20:35::SCWMssOS::Sw design exists and opened at  C:/AB/xilinxvivado/projects/arbiter-PUF-FPGA/new_workspace/platform/zynq_fsbl/zynq_fsbl_bsp/system.mss
TRACE::2025-07-17.22:20:35::SCWPlatform::Trying to open the hw design at C:/AB/xilinxvivado/projects/arbiter-PUF-FPGA/new_workspace/platform/hw/design_2_wrapper_final_2.xsa
TRACE::2025-07-17.22:20:35::SCWPlatform::DSA given C:/AB/xilinxvivado/projects/arbiter-PUF-FPGA/new_workspace/platform/hw/design_2_wrapper_final_2.xsa
TRACE::2025-07-17.22:20:35::SCWPlatform::DSA absoulate path C:/AB/xilinxvivado/projects/arbiter-PUF-FPGA/new_workspace/platform/hw/design_2_wrapper_final_2.xsa
TRACE::2025-07-17.22:20:35::SCWPlatform::DSA directory C:/AB/xilinxvivado/projects/arbiter-PUF-FPGA/new_workspace/platform/hw
TRACE::2025-07-17.22:20:35::SCWPlatform:: Platform Path C:/AB/xilinxvivado/projects/arbiter-PUF-FPGA/new_workspace/platform/hw/design_2_wrapper_final_2.xsa
TRACE::2025-07-17.22:20:35::SCWPlatform:: Unique name xilinx:::0.0
TRACE::2025-07-17.22:20:35::SCWPlatform::Trying to set the existing hwdb with name design_2_wrapper_0
TRACE::2025-07-17.22:20:35::SCWPlatform::Opened existing hwdb design_2_wrapper_0
TRACE::2025-07-17.22:20:35::SCWPlatform::Found the Hw Db part of the input DSA
TRACE::2025-07-17.22:20:35::SCWMssOS::Checking the sw design at  C:/AB/xilinxvivado/projects/arbiter-PUF-FPGA/new_workspace/platform/zynq_fsbl/zynq_fsbl_bsp/system.mss
TRACE::2025-07-17.22:20:35::SCWMssOS::DEBUG:  swdes dump  C:/AB/xilinxvivado/projects/arbiter-PUF-FPGA/new_workspace/platform/ps7_cortexa9_0/standalone_domain/bsp/system.mss|system_0||
C:/AB/xilinxvivado/projects/arbiter-PUF-FPGA/new_workspace/platform/zynq_fsbl/zynq_fsbl_bsp/system.mss|system||

TRACE::2025-07-17.22:20:35::SCWMssOS::Sw design exists and opened at  C:/AB/xilinxvivado/projects/arbiter-PUF-FPGA/new_workspace/platform/zynq_fsbl/zynq_fsbl_bsp/system.mss
TRACE::2025-07-17.22:20:35::SCWPlatform::Trying to open the hw design at C:/AB/xilinxvivado/projects/arbiter-PUF-FPGA/new_workspace/platform/hw/design_2_wrapper_final_2.xsa
TRACE::2025-07-17.22:20:35::SCWPlatform::DSA given C:/AB/xilinxvivado/projects/arbiter-PUF-FPGA/new_workspace/platform/hw/design_2_wrapper_final_2.xsa
TRACE::2025-07-17.22:20:35::SCWPlatform::DSA absoulate path C:/AB/xilinxvivado/projects/arbiter-PUF-FPGA/new_workspace/platform/hw/design_2_wrapper_final_2.xsa
TRACE::2025-07-17.22:20:35::SCWPlatform::DSA directory C:/AB/xilinxvivado/projects/arbiter-PUF-FPGA/new_workspace/platform/hw
TRACE::2025-07-17.22:20:35::SCWPlatform:: Platform Path C:/AB/xilinxvivado/projects/arbiter-PUF-FPGA/new_workspace/platform/hw/design_2_wrapper_final_2.xsa
TRACE::2025-07-17.22:20:35::SCWPlatform:: Unique name xilinx:::0.0
TRACE::2025-07-17.22:20:35::SCWPlatform::Trying to set the existing hwdb with name design_2_wrapper_0
TRACE::2025-07-17.22:20:35::SCWPlatform::Opened existing hwdb design_2_wrapper_0
TRACE::2025-07-17.22:20:35::SCWPlatform::Found the Hw Db part of the input DSA
TRACE::2025-07-17.22:20:35::SCWMssOS::Checking the sw design at  C:/AB/xilinxvivado/projects/arbiter-PUF-FPGA/new_workspace/platform/zynq_fsbl/zynq_fsbl_bsp/system.mss
TRACE::2025-07-17.22:20:35::SCWMssOS::DEBUG:  swdes dump  C:/AB/xilinxvivado/projects/arbiter-PUF-FPGA/new_workspace/platform/ps7_cortexa9_0/standalone_domain/bsp/system.mss|system_0||
C:/AB/xilinxvivado/projects/arbiter-PUF-FPGA/new_workspace/platform/zynq_fsbl/zynq_fsbl_bsp/system.mss|system||

TRACE::2025-07-17.22:20:35::SCWMssOS::Sw design exists and opened at  C:/AB/xilinxvivado/projects/arbiter-PUF-FPGA/new_workspace/platform/zynq_fsbl/zynq_fsbl_bsp/system.mss
TRACE::2025-07-17.22:20:35::SCWPlatform::Trying to open the hw design at C:/AB/xilinxvivado/projects/arbiter-PUF-FPGA/new_workspace/platform/hw/design_2_wrapper_final_2.xsa
TRACE::2025-07-17.22:20:35::SCWPlatform::DSA given C:/AB/xilinxvivado/projects/arbiter-PUF-FPGA/new_workspace/platform/hw/design_2_wrapper_final_2.xsa
TRACE::2025-07-17.22:20:35::SCWPlatform::DSA absoulate path C:/AB/xilinxvivado/projects/arbiter-PUF-FPGA/new_workspace/platform/hw/design_2_wrapper_final_2.xsa
TRACE::2025-07-17.22:20:35::SCWPlatform::DSA directory C:/AB/xilinxvivado/projects/arbiter-PUF-FPGA/new_workspace/platform/hw
TRACE::2025-07-17.22:20:35::SCWPlatform:: Platform Path C:/AB/xilinxvivado/projects/arbiter-PUF-FPGA/new_workspace/platform/hw/design_2_wrapper_final_2.xsa
TRACE::2025-07-17.22:20:35::SCWPlatform:: Unique name xilinx:::0.0
TRACE::2025-07-17.22:20:35::SCWPlatform::Trying to set the existing hwdb with name design_2_wrapper_0
TRACE::2025-07-17.22:20:35::SCWPlatform::Opened existing hwdb design_2_wrapper_0
TRACE::2025-07-17.22:20:35::SCWPlatform::Found the Hw Db part of the input DSA
TRACE::2025-07-17.22:20:35::SCWMssOS::Checking the sw design at  C:/AB/xilinxvivado/projects/arbiter-PUF-FPGA/new_workspace/platform/ps7_cortexa9_0/standalone_domain/bsp/system.mss
TRACE::2025-07-17.22:20:35::SCWMssOS::DEBUG:  swdes dump  C:/AB/xilinxvivado/projects/arbiter-PUF-FPGA/new_workspace/platform/ps7_cortexa9_0/standalone_domain/bsp/system.mss|system_0||
C:/AB/xilinxvivado/projects/arbiter-PUF-FPGA/new_workspace/platform/zynq_fsbl/zynq_fsbl_bsp/system.mss|system||

TRACE::2025-07-17.22:20:35::SCWMssOS::Sw design exists and opened at  C:/AB/xilinxvivado/projects/arbiter-PUF-FPGA/new_workspace/platform/ps7_cortexa9_0/standalone_domain/bsp/system.mss
TRACE::2025-07-17.22:20:35::SCWPlatform::Trying to open the hw design at C:/AB/xilinxvivado/projects/arbiter-PUF-FPGA/new_workspace/platform/hw/design_2_wrapper_final_2.xsa
TRACE::2025-07-17.22:20:35::SCWPlatform::DSA given C:/AB/xilinxvivado/projects/arbiter-PUF-FPGA/new_workspace/platform/hw/design_2_wrapper_final_2.xsa
TRACE::2025-07-17.22:20:35::SCWPlatform::DSA absoulate path C:/AB/xilinxvivado/projects/arbiter-PUF-FPGA/new_workspace/platform/hw/design_2_wrapper_final_2.xsa
TRACE::2025-07-17.22:20:35::SCWPlatform::DSA directory C:/AB/xilinxvivado/projects/arbiter-PUF-FPGA/new_workspace/platform/hw
TRACE::2025-07-17.22:20:35::SCWPlatform:: Platform Path C:/AB/xilinxvivado/projects/arbiter-PUF-FPGA/new_workspace/platform/hw/design_2_wrapper_final_2.xsa
TRACE::2025-07-17.22:20:35::SCWPlatform:: Unique name xilinx:::0.0
TRACE::2025-07-17.22:20:35::SCWPlatform::Trying to set the existing hwdb with name design_2_wrapper_0
TRACE::2025-07-17.22:20:35::SCWPlatform::Opened existing hwdb design_2_wrapper_0
TRACE::2025-07-17.22:20:35::SCWPlatform::Found the Hw Db part of the input DSA
TRACE::2025-07-17.22:20:35::SCWMssOS::Checking the sw design at  C:/AB/xilinxvivado/projects/arbiter-PUF-FPGA/new_workspace/platform/ps7_cortexa9_0/standalone_domain/bsp/system.mss
TRACE::2025-07-17.22:20:35::SCWMssOS::DEBUG:  swdes dump  C:/AB/xilinxvivado/projects/arbiter-PUF-FPGA/new_workspace/platform/ps7_cortexa9_0/standalone_domain/bsp/system.mss|system_0||
C:/AB/xilinxvivado/projects/arbiter-PUF-FPGA/new_workspace/platform/zynq_fsbl/zynq_fsbl_bsp/system.mss|system||

TRACE::2025-07-17.22:20:35::SCWMssOS::Sw design exists and opened at  C:/AB/xilinxvivado/projects/arbiter-PUF-FPGA/new_workspace/platform/ps7_cortexa9_0/standalone_domain/bsp/system.mss
TRACE::2025-07-17.22:20:35::SCWPlatform::Trying to open the hw design at C:/AB/xilinxvivado/projects/arbiter-PUF-FPGA/new_workspace/platform/hw/design_2_wrapper_final_2.xsa
TRACE::2025-07-17.22:20:35::SCWPlatform::DSA given C:/AB/xilinxvivado/projects/arbiter-PUF-FPGA/new_workspace/platform/hw/design_2_wrapper_final_2.xsa
TRACE::2025-07-17.22:20:35::SCWPlatform::DSA absoulate path C:/AB/xilinxvivado/projects/arbiter-PUF-FPGA/new_workspace/platform/hw/design_2_wrapper_final_2.xsa
TRACE::2025-07-17.22:20:35::SCWPlatform::DSA directory C:/AB/xilinxvivado/projects/arbiter-PUF-FPGA/new_workspace/platform/hw
TRACE::2025-07-17.22:20:35::SCWPlatform:: Platform Path C:/AB/xilinxvivado/projects/arbiter-PUF-FPGA/new_workspace/platform/hw/design_2_wrapper_final_2.xsa
TRACE::2025-07-17.22:20:35::SCWPlatform:: Unique name xilinx:::0.0
TRACE::2025-07-17.22:20:35::SCWPlatform::Trying to set the existing hwdb with name design_2_wrapper_0
TRACE::2025-07-17.22:20:35::SCWPlatform::Opened existing hwdb design_2_wrapper_0
TRACE::2025-07-17.22:20:35::SCWPlatform::Found the Hw Db part of the input DSA
TRACE::2025-07-17.22:20:35::SCWMssOS::Checking the sw design at  C:/AB/xilinxvivado/projects/arbiter-PUF-FPGA/new_workspace/platform/ps7_cortexa9_0/standalone_domain/bsp/system.mss
TRACE::2025-07-17.22:20:35::SCWMssOS::DEBUG:  swdes dump  C:/AB/xilinxvivado/projects/arbiter-PUF-FPGA/new_workspace/platform/ps7_cortexa9_0/standalone_domain/bsp/system.mss|system_0||
C:/AB/xilinxvivado/projects/arbiter-PUF-FPGA/new_workspace/platform/zynq_fsbl/zynq_fsbl_bsp/system.mss|system||

TRACE::2025-07-17.22:20:35::SCWMssOS::Sw design exists and opened at  C:/AB/xilinxvivado/projects/arbiter-PUF-FPGA/new_workspace/platform/ps7_cortexa9_0/standalone_domain/bsp/system.mss
TRACE::2025-07-17.22:20:35::SCWWriter::formatted JSON is {
	"platformName":	"platform",
	"sprVersion":	"2.0",
	"mode":	"gui",
	"dsaType":	"Fixed",
	"platformDesc":	"platform",
	"platHandOff":	"C:/AB/xilinxvivado/projects/arbiter-PUF-FPGA/Arbiter-PUF-FPGA/design_2_wrapper_final_2.xsa",
	"platIntHandOff":	"<platformDir>/hw/design_2_wrapper_final_2.xsa",
	"deviceType":	"zynq",
	"platIsPrebuiltAutogen":	"false",
	"platIsNoBootBsp":	"false",
	"platFsblTarget":	"ps7_cortexa9_0",
	"hasFsblMakeHasChanges":	"false",
	"hasPmufwMakeHasChanges":	"false",
	"fsblExtraCompilerFlags":	"-MMD -MP       -mcpu=cortex-a9 -mfpu=vfpv3 -mfloat-abi=hard ",
	"platPreBuiltFlag":	false,
	"platformSamplesDir":	"",
	"platActiveSys":	"platform",
	"systems":	[{
			"systemName":	"platform",
			"systemDesc":	"platform",
			"sysIsBootAutoGen":	"true",
			"systemDispName":	"platform",
			"sysActiveDom":	"standalone_domain",
			"sysDefaultDom":	"standalone_domain",
			"domains":	[{
					"domainName":	"zynq_fsbl",
					"domainDispName":	"zynq_fsbl",
					"domainDesc":	"FSBL Application BSP - Auto Generated.",
					"processors":	"ps7_cortexa9_0",
					"os":	"standalone",
					"sdxOs":	"standalone",
					"debugEnable":	"",
					"domRuntimes":	["cpp"],
					"swRepo":	"",
					"mssOsVer":	"7.3",
					"mssFile":	"",
					"md5Digest":	"78c06be6924b874cf94cf467c76d8f7d",
					"compatibleApp":	"zynq_fsbl",
					"domType":	"bootDomain",
					"arch":	"32-bit",
					"appSettings":	{
						"appCompilerFlags":	"",
						"appLinkerFlags":	""
					},
					"addedLibs":	["xilffs:4.4", "xilrsa:1.6"],
					"libOptions":	{
						"libsContainingOptions":	[]
					},
					"prebuiltLibs":	{
						"prebuiltIncPath":	[],
						"prebuiltLibPath":	[]
					},
					"isolation":	{
					}
				}, {
					"domainName":	"standalone_domain",
					"domainDispName":	"standalone_domain",
					"domainDesc":	"standalone_domain",
					"processors":	"ps7_cortexa9_0",
					"os":	"standalone",
					"sdxOs":	"standalone",
					"qemuArgs":	"C:/AB/xilinxvivado/Vitis/2020.2/data/emulation/platforms/zynq/sw/a9_standalone/qemu/qemu_args.txt",
					"qemuData":	"C:/AB/xilinxvivado/Vitis/2020.2/data/emulation/platforms/zynq/sw/a9_standalone/qemu/",
					"debugEnable":	"False",
					"domRuntimes":	["cpp"],
					"swRepo":	"",
					"mssOsVer":	"7.3",
					"mssFile":	"",
					"md5Digest":	"8276bd7423100ab808fdcc646ffd4c47",
					"compatibleApp":	"",
					"domType":	"mssDomain",
					"appSettings":	{
						"appCompilerFlags":	"",
						"appLinkerFlags":	""
					},
					"addedLibs":	[],
					"libOptions":	{
						"libsContainingOptions":	[]
					},
					"prebuiltLibs":	{
						"prebuiltIncPath":	[],
						"prebuiltLibPath":	[]
					},
					"isolation":	{
					}
				}]
		}]
}
TRACE::2025-07-17.22:20:35::SCWPlatform::Trying to open the hw design at C:/AB/xilinxvivado/projects/arbiter-PUF-FPGA/new_workspace/platform/hw/design_2_wrapper_final_2.xsa
TRACE::2025-07-17.22:20:35::SCWPlatform::DSA given C:/AB/xilinxvivado/projects/arbiter-PUF-FPGA/new_workspace/platform/hw/design_2_wrapper_final_2.xsa
TRACE::2025-07-17.22:20:35::SCWPlatform::DSA absoulate path C:/AB/xilinxvivado/projects/arbiter-PUF-FPGA/new_workspace/platform/hw/design_2_wrapper_final_2.xsa
TRACE::2025-07-17.22:20:35::SCWPlatform::DSA directory C:/AB/xilinxvivado/projects/arbiter-PUF-FPGA/new_workspace/platform/hw
TRACE::2025-07-17.22:20:35::SCWPlatform:: Platform Path C:/AB/xilinxvivado/projects/arbiter-PUF-FPGA/new_workspace/platform/hw/design_2_wrapper_final_2.xsa
TRACE::2025-07-17.22:20:35::SCWPlatform:: Unique name xilinx:::0.0
TRACE::2025-07-17.22:20:35::SCWPlatform::Trying to set the existing hwdb with name design_2_wrapper_0
TRACE::2025-07-17.22:20:35::SCWPlatform::Opened existing hwdb design_2_wrapper_0
TRACE::2025-07-17.22:20:35::SCWPlatform::Found the Hw Db part of the input DSA
TRACE::2025-07-17.22:20:35::SCWMssOS::Checking the sw design at  C:/AB/xilinxvivado/projects/arbiter-PUF-FPGA/new_workspace/platform/ps7_cortexa9_0/standalone_domain/bsp/system.mss
TRACE::2025-07-17.22:20:35::SCWMssOS::DEBUG:  swdes dump  C:/AB/xilinxvivado/projects/arbiter-PUF-FPGA/new_workspace/platform/ps7_cortexa9_0/standalone_domain/bsp/system.mss|system_0||
C:/AB/xilinxvivado/projects/arbiter-PUF-FPGA/new_workspace/platform/zynq_fsbl/zynq_fsbl_bsp/system.mss|system||

TRACE::2025-07-17.22:20:35::SCWMssOS::Sw design exists and opened at  C:/AB/xilinxvivado/projects/arbiter-PUF-FPGA/new_workspace/platform/ps7_cortexa9_0/standalone_domain/bsp/system.mss
TRACE::2025-07-17.22:20:35::SCWPlatform::Trying to open the hw design at C:/AB/xilinxvivado/projects/arbiter-PUF-FPGA/new_workspace/platform/hw/design_2_wrapper_final_2.xsa
TRACE::2025-07-17.22:20:35::SCWPlatform::DSA given C:/AB/xilinxvivado/projects/arbiter-PUF-FPGA/new_workspace/platform/hw/design_2_wrapper_final_2.xsa
TRACE::2025-07-17.22:20:35::SCWPlatform::DSA absoulate path C:/AB/xilinxvivado/projects/arbiter-PUF-FPGA/new_workspace/platform/hw/design_2_wrapper_final_2.xsa
TRACE::2025-07-17.22:20:35::SCWPlatform::DSA directory C:/AB/xilinxvivado/projects/arbiter-PUF-FPGA/new_workspace/platform/hw
TRACE::2025-07-17.22:20:35::SCWPlatform:: Platform Path C:/AB/xilinxvivado/projects/arbiter-PUF-FPGA/new_workspace/platform/hw/design_2_wrapper_final_2.xsa
TRACE::2025-07-17.22:20:35::SCWPlatform:: Unique name xilinx:::0.0
TRACE::2025-07-17.22:20:35::SCWPlatform::Trying to set the existing hwdb with name design_2_wrapper_0
TRACE::2025-07-17.22:20:35::SCWPlatform::Opened existing hwdb design_2_wrapper_0
TRACE::2025-07-17.22:20:35::SCWPlatform::Found the Hw Db part of the input DSA
TRACE::2025-07-17.22:20:35::SCWMssOS::Checking the sw design at  C:/AB/xilinxvivado/projects/arbiter-PUF-FPGA/new_workspace/platform/ps7_cortexa9_0/standalone_domain/bsp/system.mss
TRACE::2025-07-17.22:20:35::SCWMssOS::DEBUG:  swdes dump  C:/AB/xilinxvivado/projects/arbiter-PUF-FPGA/new_workspace/platform/ps7_cortexa9_0/standalone_domain/bsp/system.mss|system_0||
C:/AB/xilinxvivado/projects/arbiter-PUF-FPGA/new_workspace/platform/zynq_fsbl/zynq_fsbl_bsp/system.mss|system||

TRACE::2025-07-17.22:20:35::SCWMssOS::Sw design exists and opened at  C:/AB/xilinxvivado/projects/arbiter-PUF-FPGA/new_workspace/platform/ps7_cortexa9_0/standalone_domain/bsp/system.mss
TRACE::2025-07-17.22:20:35::SCWPlatform::Trying to open the hw design at C:/AB/xilinxvivado/projects/arbiter-PUF-FPGA/new_workspace/platform/hw/design_2_wrapper_final_2.xsa
TRACE::2025-07-17.22:20:35::SCWPlatform::DSA given C:/AB/xilinxvivado/projects/arbiter-PUF-FPGA/new_workspace/platform/hw/design_2_wrapper_final_2.xsa
TRACE::2025-07-17.22:20:35::SCWPlatform::DSA absoulate path C:/AB/xilinxvivado/projects/arbiter-PUF-FPGA/new_workspace/platform/hw/design_2_wrapper_final_2.xsa
TRACE::2025-07-17.22:20:35::SCWPlatform::DSA directory C:/AB/xilinxvivado/projects/arbiter-PUF-FPGA/new_workspace/platform/hw
TRACE::2025-07-17.22:20:35::SCWPlatform:: Platform Path C:/AB/xilinxvivado/projects/arbiter-PUF-FPGA/new_workspace/platform/hw/design_2_wrapper_final_2.xsa
TRACE::2025-07-17.22:20:35::SCWPlatform:: Unique name xilinx:::0.0
TRACE::2025-07-17.22:20:35::SCWPlatform::Trying to set the existing hwdb with name design_2_wrapper_0
TRACE::2025-07-17.22:20:35::SCWPlatform::Opened existing hwdb design_2_wrapper_0
TRACE::2025-07-17.22:20:35::SCWPlatform::Found the Hw Db part of the input DSA
TRACE::2025-07-17.22:20:35::SCWMssOS::Checking the sw design at  C:/AB/xilinxvivado/projects/arbiter-PUF-FPGA/new_workspace/platform/ps7_cortexa9_0/standalone_domain/bsp/system.mss
TRACE::2025-07-17.22:20:35::SCWMssOS::DEBUG:  swdes dump  C:/AB/xilinxvivado/projects/arbiter-PUF-FPGA/new_workspace/platform/ps7_cortexa9_0/standalone_domain/bsp/system.mss|system_0||
C:/AB/xilinxvivado/projects/arbiter-PUF-FPGA/new_workspace/platform/zynq_fsbl/zynq_fsbl_bsp/system.mss|system||

TRACE::2025-07-17.22:20:35::SCWMssOS::Sw design exists and opened at  C:/AB/xilinxvivado/projects/arbiter-PUF-FPGA/new_workspace/platform/ps7_cortexa9_0/standalone_domain/bsp/system.mss
TRACE::2025-07-17.22:20:35::SCWMssOS::Saving the mss changes C:/AB/xilinxvivado/projects/arbiter-PUF-FPGA/new_workspace/platform/zynq_fsbl/zynq_fsbl_bsp/system.mss
TRACE::2025-07-17.22:20:35::SCWMssOS::Found a swdesign opened with the mssfile.
TRACE::2025-07-17.22:20:35::SCWMssOS::Completed writemss as part of save.
TRACE::2025-07-17.22:20:35::SCWMssOS::Commit changes completed.
TRACE::2025-07-17.22:20:35::SCWMssOS::Saving the mss changes C:/AB/xilinxvivado/projects/arbiter-PUF-FPGA/new_workspace/platform/ps7_cortexa9_0/standalone_domain/bsp/system.mss
TRACE::2025-07-17.22:20:35::SCWMssOS::Found a swdesign opened with the mssfile.
TRACE::2025-07-17.22:20:35::SCWMssOS::Completed writemss as part of save.
TRACE::2025-07-17.22:20:35::SCWMssOS::Commit changes completed.
TRACE::2025-07-17.22:20:35::SCWPlatform::Trying to open the hw design at C:/AB/xilinxvivado/projects/arbiter-PUF-FPGA/new_workspace/platform/hw/design_2_wrapper_final_2.xsa
TRACE::2025-07-17.22:20:35::SCWPlatform::DSA given C:/AB/xilinxvivado/projects/arbiter-PUF-FPGA/new_workspace/platform/hw/design_2_wrapper_final_2.xsa
TRACE::2025-07-17.22:20:35::SCWPlatform::DSA absoulate path C:/AB/xilinxvivado/projects/arbiter-PUF-FPGA/new_workspace/platform/hw/design_2_wrapper_final_2.xsa
TRACE::2025-07-17.22:20:35::SCWPlatform::DSA directory C:/AB/xilinxvivado/projects/arbiter-PUF-FPGA/new_workspace/platform/hw
TRACE::2025-07-17.22:20:35::SCWPlatform:: Platform Path C:/AB/xilinxvivado/projects/arbiter-PUF-FPGA/new_workspace/platform/hw/design_2_wrapper_final_2.xsa
TRACE::2025-07-17.22:20:35::SCWPlatform:: Unique name xilinx:::0.0
TRACE::2025-07-17.22:20:35::SCWPlatform::Trying to set the existing hwdb with name design_2_wrapper_0
TRACE::2025-07-17.22:20:35::SCWPlatform::Opened existing hwdb design_2_wrapper_0
TRACE::2025-07-17.22:20:35::SCWPlatform::Found the Hw Db part of the input DSA
TRACE::2025-07-17.22:20:35::SCWMssOS::Checking the sw design at  C:/AB/xilinxvivado/projects/arbiter-PUF-FPGA/new_workspace/platform/zynq_fsbl/zynq_fsbl_bsp/system.mss
TRACE::2025-07-17.22:20:35::SCWMssOS::DEBUG:  swdes dump  C:/AB/xilinxvivado/projects/arbiter-PUF-FPGA/new_workspace/platform/ps7_cortexa9_0/standalone_domain/bsp/system.mss|system_0||
C:/AB/xilinxvivado/projects/arbiter-PUF-FPGA/new_workspace/platform/zynq_fsbl/zynq_fsbl_bsp/system.mss|system||

TRACE::2025-07-17.22:20:35::SCWMssOS::Sw design exists and opened at  C:/AB/xilinxvivado/projects/arbiter-PUF-FPGA/new_workspace/platform/zynq_fsbl/zynq_fsbl_bsp/system.mss
TRACE::2025-07-17.22:20:35::SCWPlatform::Trying to open the hw design at C:/AB/xilinxvivado/projects/arbiter-PUF-FPGA/new_workspace/platform/hw/design_2_wrapper_final_2.xsa
TRACE::2025-07-17.22:20:35::SCWPlatform::DSA given C:/AB/xilinxvivado/projects/arbiter-PUF-FPGA/new_workspace/platform/hw/design_2_wrapper_final_2.xsa
TRACE::2025-07-17.22:20:35::SCWPlatform::DSA absoulate path C:/AB/xilinxvivado/projects/arbiter-PUF-FPGA/new_workspace/platform/hw/design_2_wrapper_final_2.xsa
TRACE::2025-07-17.22:20:35::SCWPlatform::DSA directory C:/AB/xilinxvivado/projects/arbiter-PUF-FPGA/new_workspace/platform/hw
TRACE::2025-07-17.22:20:35::SCWPlatform:: Platform Path C:/AB/xilinxvivado/projects/arbiter-PUF-FPGA/new_workspace/platform/hw/design_2_wrapper_final_2.xsa
TRACE::2025-07-17.22:20:35::SCWPlatform:: Unique name xilinx:::0.0
TRACE::2025-07-17.22:20:35::SCWPlatform::Trying to set the existing hwdb with name design_2_wrapper_0
TRACE::2025-07-17.22:20:35::SCWPlatform::Opened existing hwdb design_2_wrapper_0
TRACE::2025-07-17.22:20:35::SCWPlatform::Found the Hw Db part of the input DSA
TRACE::2025-07-17.22:20:35::SCWMssOS::Checking the sw design at  C:/AB/xilinxvivado/projects/arbiter-PUF-FPGA/new_workspace/platform/zynq_fsbl/zynq_fsbl_bsp/system.mss
TRACE::2025-07-17.22:20:35::SCWMssOS::DEBUG:  swdes dump  C:/AB/xilinxvivado/projects/arbiter-PUF-FPGA/new_workspace/platform/ps7_cortexa9_0/standalone_domain/bsp/system.mss|system_0||
C:/AB/xilinxvivado/projects/arbiter-PUF-FPGA/new_workspace/platform/zynq_fsbl/zynq_fsbl_bsp/system.mss|system||

TRACE::2025-07-17.22:20:35::SCWMssOS::Sw design exists and opened at  C:/AB/xilinxvivado/projects/arbiter-PUF-FPGA/new_workspace/platform/zynq_fsbl/zynq_fsbl_bsp/system.mss
TRACE::2025-07-17.22:20:35::SCWPlatform::Trying to open the hw design at C:/AB/xilinxvivado/projects/arbiter-PUF-FPGA/new_workspace/platform/hw/design_2_wrapper_final_2.xsa
TRACE::2025-07-17.22:20:35::SCWPlatform::DSA given C:/AB/xilinxvivado/projects/arbiter-PUF-FPGA/new_workspace/platform/hw/design_2_wrapper_final_2.xsa
TRACE::2025-07-17.22:20:35::SCWPlatform::DSA absoulate path C:/AB/xilinxvivado/projects/arbiter-PUF-FPGA/new_workspace/platform/hw/design_2_wrapper_final_2.xsa
TRACE::2025-07-17.22:20:35::SCWPlatform::DSA directory C:/AB/xilinxvivado/projects/arbiter-PUF-FPGA/new_workspace/platform/hw
TRACE::2025-07-17.22:20:35::SCWPlatform:: Platform Path C:/AB/xilinxvivado/projects/arbiter-PUF-FPGA/new_workspace/platform/hw/design_2_wrapper_final_2.xsa
TRACE::2025-07-17.22:20:35::SCWPlatform:: Unique name xilinx:::0.0
TRACE::2025-07-17.22:20:35::SCWPlatform::Trying to set the existing hwdb with name design_2_wrapper_0
TRACE::2025-07-17.22:20:35::SCWPlatform::Opened existing hwdb design_2_wrapper_0
TRACE::2025-07-17.22:20:35::SCWPlatform::Found the Hw Db part of the input DSA
TRACE::2025-07-17.22:20:35::SCWMssOS::Checking the sw design at  C:/AB/xilinxvivado/projects/arbiter-PUF-FPGA/new_workspace/platform/zynq_fsbl/zynq_fsbl_bsp/system.mss
TRACE::2025-07-17.22:20:35::SCWMssOS::DEBUG:  swdes dump  C:/AB/xilinxvivado/projects/arbiter-PUF-FPGA/new_workspace/platform/ps7_cortexa9_0/standalone_domain/bsp/system.mss|system_0||
C:/AB/xilinxvivado/projects/arbiter-PUF-FPGA/new_workspace/platform/zynq_fsbl/zynq_fsbl_bsp/system.mss|system||

TRACE::2025-07-17.22:20:35::SCWMssOS::Sw design exists and opened at  C:/AB/xilinxvivado/projects/arbiter-PUF-FPGA/new_workspace/platform/zynq_fsbl/zynq_fsbl_bsp/system.mss
TRACE::2025-07-17.22:20:35::SCWPlatform::Trying to open the hw design at C:/AB/xilinxvivado/projects/arbiter-PUF-FPGA/new_workspace/platform/hw/design_2_wrapper_final_2.xsa
TRACE::2025-07-17.22:20:35::SCWPlatform::DSA given C:/AB/xilinxvivado/projects/arbiter-PUF-FPGA/new_workspace/platform/hw/design_2_wrapper_final_2.xsa
TRACE::2025-07-17.22:20:35::SCWPlatform::DSA absoulate path C:/AB/xilinxvivado/projects/arbiter-PUF-FPGA/new_workspace/platform/hw/design_2_wrapper_final_2.xsa
TRACE::2025-07-17.22:20:35::SCWPlatform::DSA directory C:/AB/xilinxvivado/projects/arbiter-PUF-FPGA/new_workspace/platform/hw
TRACE::2025-07-17.22:20:35::SCWPlatform:: Platform Path C:/AB/xilinxvivado/projects/arbiter-PUF-FPGA/new_workspace/platform/hw/design_2_wrapper_final_2.xsa
TRACE::2025-07-17.22:20:35::SCWPlatform:: Unique name xilinx:::0.0
TRACE::2025-07-17.22:20:35::SCWPlatform::Trying to set the existing hwdb with name design_2_wrapper_0
TRACE::2025-07-17.22:20:35::SCWPlatform::Opened existing hwdb design_2_wrapper_0
TRACE::2025-07-17.22:20:35::SCWPlatform::Found the Hw Db part of the input DSA
TRACE::2025-07-17.22:20:35::SCWMssOS::Checking the sw design at  C:/AB/xilinxvivado/projects/arbiter-PUF-FPGA/new_workspace/platform/ps7_cortexa9_0/standalone_domain/bsp/system.mss
TRACE::2025-07-17.22:20:35::SCWMssOS::DEBUG:  swdes dump  C:/AB/xilinxvivado/projects/arbiter-PUF-FPGA/new_workspace/platform/ps7_cortexa9_0/standalone_domain/bsp/system.mss|system_0||
C:/AB/xilinxvivado/projects/arbiter-PUF-FPGA/new_workspace/platform/zynq_fsbl/zynq_fsbl_bsp/system.mss|system||

TRACE::2025-07-17.22:20:35::SCWMssOS::Sw design exists and opened at  C:/AB/xilinxvivado/projects/arbiter-PUF-FPGA/new_workspace/platform/ps7_cortexa9_0/standalone_domain/bsp/system.mss
TRACE::2025-07-17.22:20:35::SCWPlatform::Trying to open the hw design at C:/AB/xilinxvivado/projects/arbiter-PUF-FPGA/new_workspace/platform/hw/design_2_wrapper_final_2.xsa
TRACE::2025-07-17.22:20:35::SCWPlatform::DSA given C:/AB/xilinxvivado/projects/arbiter-PUF-FPGA/new_workspace/platform/hw/design_2_wrapper_final_2.xsa
TRACE::2025-07-17.22:20:35::SCWPlatform::DSA absoulate path C:/AB/xilinxvivado/projects/arbiter-PUF-FPGA/new_workspace/platform/hw/design_2_wrapper_final_2.xsa
TRACE::2025-07-17.22:20:35::SCWPlatform::DSA directory C:/AB/xilinxvivado/projects/arbiter-PUF-FPGA/new_workspace/platform/hw
TRACE::2025-07-17.22:20:35::SCWPlatform:: Platform Path C:/AB/xilinxvivado/projects/arbiter-PUF-FPGA/new_workspace/platform/hw/design_2_wrapper_final_2.xsa
TRACE::2025-07-17.22:20:35::SCWPlatform:: Unique name xilinx:::0.0
TRACE::2025-07-17.22:20:35::SCWPlatform::Trying to set the existing hwdb with name design_2_wrapper_0
TRACE::2025-07-17.22:20:35::SCWPlatform::Opened existing hwdb design_2_wrapper_0
TRACE::2025-07-17.22:20:35::SCWPlatform::Found the Hw Db part of the input DSA
TRACE::2025-07-17.22:20:35::SCWMssOS::Checking the sw design at  C:/AB/xilinxvivado/projects/arbiter-PUF-FPGA/new_workspace/platform/ps7_cortexa9_0/standalone_domain/bsp/system.mss
TRACE::2025-07-17.22:20:35::SCWMssOS::DEBUG:  swdes dump  C:/AB/xilinxvivado/projects/arbiter-PUF-FPGA/new_workspace/platform/ps7_cortexa9_0/standalone_domain/bsp/system.mss|system_0||
C:/AB/xilinxvivado/projects/arbiter-PUF-FPGA/new_workspace/platform/zynq_fsbl/zynq_fsbl_bsp/system.mss|system||

TRACE::2025-07-17.22:20:35::SCWMssOS::Sw design exists and opened at  C:/AB/xilinxvivado/projects/arbiter-PUF-FPGA/new_workspace/platform/ps7_cortexa9_0/standalone_domain/bsp/system.mss
TRACE::2025-07-17.22:20:35::SCWPlatform::Trying to open the hw design at C:/AB/xilinxvivado/projects/arbiter-PUF-FPGA/new_workspace/platform/hw/design_2_wrapper_final_2.xsa
TRACE::2025-07-17.22:20:35::SCWPlatform::DSA given C:/AB/xilinxvivado/projects/arbiter-PUF-FPGA/new_workspace/platform/hw/design_2_wrapper_final_2.xsa
TRACE::2025-07-17.22:20:35::SCWPlatform::DSA absoulate path C:/AB/xilinxvivado/projects/arbiter-PUF-FPGA/new_workspace/platform/hw/design_2_wrapper_final_2.xsa
TRACE::2025-07-17.22:20:35::SCWPlatform::DSA directory C:/AB/xilinxvivado/projects/arbiter-PUF-FPGA/new_workspace/platform/hw
TRACE::2025-07-17.22:20:35::SCWPlatform:: Platform Path C:/AB/xilinxvivado/projects/arbiter-PUF-FPGA/new_workspace/platform/hw/design_2_wrapper_final_2.xsa
TRACE::2025-07-17.22:20:35::SCWPlatform:: Unique name xilinx:::0.0
TRACE::2025-07-17.22:20:35::SCWPlatform::Trying to set the existing hwdb with name design_2_wrapper_0
TRACE::2025-07-17.22:20:35::SCWPlatform::Opened existing hwdb design_2_wrapper_0
TRACE::2025-07-17.22:20:35::SCWPlatform::Found the Hw Db part of the input DSA
TRACE::2025-07-17.22:20:35::SCWMssOS::Checking the sw design at  C:/AB/xilinxvivado/projects/arbiter-PUF-FPGA/new_workspace/platform/ps7_cortexa9_0/standalone_domain/bsp/system.mss
TRACE::2025-07-17.22:20:35::SCWMssOS::DEBUG:  swdes dump  C:/AB/xilinxvivado/projects/arbiter-PUF-FPGA/new_workspace/platform/ps7_cortexa9_0/standalone_domain/bsp/system.mss|system_0||
C:/AB/xilinxvivado/projects/arbiter-PUF-FPGA/new_workspace/platform/zynq_fsbl/zynq_fsbl_bsp/system.mss|system||

TRACE::2025-07-17.22:20:35::SCWMssOS::Sw design exists and opened at  C:/AB/xilinxvivado/projects/arbiter-PUF-FPGA/new_workspace/platform/ps7_cortexa9_0/standalone_domain/bsp/system.mss
TRACE::2025-07-17.22:20:35::SCWWriter::formatted JSON is {
	"platformName":	"platform",
	"sprVersion":	"2.0",
	"mode":	"gui",
	"dsaType":	"Fixed",
	"platformDesc":	"platform",
	"platHandOff":	"C:/AB/xilinxvivado/projects/arbiter-PUF-FPGA/Arbiter-PUF-FPGA/design_2_wrapper_final_2.xsa",
	"platIntHandOff":	"<platformDir>/hw/design_2_wrapper_final_2.xsa",
	"deviceType":	"zynq",
	"platIsPrebuiltAutogen":	"false",
	"platIsNoBootBsp":	"false",
	"platFsblTarget":	"ps7_cortexa9_0",
	"hasFsblMakeHasChanges":	"false",
	"hasPmufwMakeHasChanges":	"false",
	"fsblExtraCompilerFlags":	"-MMD -MP       -mcpu=cortex-a9 -mfpu=vfpv3 -mfloat-abi=hard ",
	"platPreBuiltFlag":	false,
	"platformSamplesDir":	"",
	"platActiveSys":	"platform",
	"systems":	[{
			"systemName":	"platform",
			"systemDesc":	"platform",
			"sysIsBootAutoGen":	"true",
			"systemDispName":	"platform",
			"sysActiveDom":	"standalone_domain",
			"sysDefaultDom":	"standalone_domain",
			"domains":	[{
					"domainName":	"zynq_fsbl",
					"domainDispName":	"zynq_fsbl",
					"domainDesc":	"FSBL Application BSP - Auto Generated.",
					"processors":	"ps7_cortexa9_0",
					"os":	"standalone",
					"sdxOs":	"standalone",
					"debugEnable":	"",
					"domRuntimes":	["cpp"],
					"swRepo":	"",
					"mssOsVer":	"7.3",
					"mssFile":	"",
					"md5Digest":	"78c06be6924b874cf94cf467c76d8f7d",
					"compatibleApp":	"zynq_fsbl",
					"domType":	"bootDomain",
					"arch":	"32-bit",
					"appSettings":	{
						"appCompilerFlags":	"",
						"appLinkerFlags":	""
					},
					"addedLibs":	["xilffs:4.4", "xilrsa:1.6"],
					"libOptions":	{
						"libsContainingOptions":	[]
					},
					"prebuiltLibs":	{
						"prebuiltIncPath":	[],
						"prebuiltLibPath":	[]
					},
					"isolation":	{
					}
				}, {
					"domainName":	"standalone_domain",
					"domainDispName":	"standalone on ps7_cortexa9_0",
					"domainDesc":	"standalone_domain",
					"processors":	"ps7_cortexa9_0",
					"os":	"standalone",
					"sdxOs":	"standalone",
					"qemuArgs":	"C:/AB/xilinxvivado/Vitis/2020.2/data/emulation/platforms/zynq/sw/a9_standalone/qemu/qemu_args.txt",
					"qemuData":	"C:/AB/xilinxvivado/Vitis/2020.2/data/emulation/platforms/zynq/sw/a9_standalone/qemu/",
					"debugEnable":	"False",
					"domRuntimes":	["cpp"],
					"swRepo":	"",
					"mssOsVer":	"7.3",
					"mssFile":	"",
					"md5Digest":	"8276bd7423100ab808fdcc646ffd4c47",
					"compatibleApp":	"",
					"domType":	"mssDomain",
					"appSettings":	{
						"appCompilerFlags":	"",
						"appLinkerFlags":	""
					},
					"addedLibs":	[],
					"libOptions":	{
						"libsContainingOptions":	[]
					},
					"prebuiltLibs":	{
						"prebuiltIncPath":	[],
						"prebuiltLibPath":	[]
					},
					"isolation":	{
					}
				}]
		}]
}
TRACE::2025-07-17.22:20:35::SCWMssOS::Saving the mss changes C:/AB/xilinxvivado/projects/arbiter-PUF-FPGA/new_workspace/platform/zynq_fsbl/zynq_fsbl_bsp/system.mss
TRACE::2025-07-17.22:20:35::SCWMssOS::Found a swdesign opened with the mssfile.
TRACE::2025-07-17.22:20:35::SCWMssOS::Completed writemss as part of save.
TRACE::2025-07-17.22:20:35::SCWMssOS::Commit changes completed.
TRACE::2025-07-17.22:20:35::SCWMssOS::Saving the mss changes C:/AB/xilinxvivado/projects/arbiter-PUF-FPGA/new_workspace/platform/ps7_cortexa9_0/standalone_domain/bsp/system.mss
TRACE::2025-07-17.22:20:35::SCWMssOS::Found a swdesign opened with the mssfile.
TRACE::2025-07-17.22:20:35::SCWMssOS::Completed writemss as part of save.
TRACE::2025-07-17.22:20:35::SCWMssOS::Commit changes completed.
TRACE::2025-07-17.22:20:35::SCWPlatform::Trying to open the hw design at C:/AB/xilinxvivado/projects/arbiter-PUF-FPGA/new_workspace/platform/hw/design_2_wrapper_final_2.xsa
TRACE::2025-07-17.22:20:35::SCWPlatform::DSA given C:/AB/xilinxvivado/projects/arbiter-PUF-FPGA/new_workspace/platform/hw/design_2_wrapper_final_2.xsa
TRACE::2025-07-17.22:20:35::SCWPlatform::DSA absoulate path C:/AB/xilinxvivado/projects/arbiter-PUF-FPGA/new_workspace/platform/hw/design_2_wrapper_final_2.xsa
TRACE::2025-07-17.22:20:35::SCWPlatform::DSA directory C:/AB/xilinxvivado/projects/arbiter-PUF-FPGA/new_workspace/platform/hw
TRACE::2025-07-17.22:20:35::SCWPlatform:: Platform Path C:/AB/xilinxvivado/projects/arbiter-PUF-FPGA/new_workspace/platform/hw/design_2_wrapper_final_2.xsa
TRACE::2025-07-17.22:20:35::SCWPlatform:: Unique name xilinx:::0.0
TRACE::2025-07-17.22:20:35::SCWPlatform::Trying to set the existing hwdb with name design_2_wrapper_0
TRACE::2025-07-17.22:20:35::SCWPlatform::Opened existing hwdb design_2_wrapper_0
TRACE::2025-07-17.22:20:35::SCWPlatform::Found the Hw Db part of the input DSA
TRACE::2025-07-17.22:20:35::SCWMssOS::Checking the sw design at  C:/AB/xilinxvivado/projects/arbiter-PUF-FPGA/new_workspace/platform/zynq_fsbl/zynq_fsbl_bsp/system.mss
TRACE::2025-07-17.22:20:35::SCWMssOS::DEBUG:  swdes dump  C:/AB/xilinxvivado/projects/arbiter-PUF-FPGA/new_workspace/platform/ps7_cortexa9_0/standalone_domain/bsp/system.mss|system_0||
C:/AB/xilinxvivado/projects/arbiter-PUF-FPGA/new_workspace/platform/zynq_fsbl/zynq_fsbl_bsp/system.mss|system||

TRACE::2025-07-17.22:20:35::SCWMssOS::Sw design exists and opened at  C:/AB/xilinxvivado/projects/arbiter-PUF-FPGA/new_workspace/platform/zynq_fsbl/zynq_fsbl_bsp/system.mss
TRACE::2025-07-17.22:20:35::SCWPlatform::Trying to open the hw design at C:/AB/xilinxvivado/projects/arbiter-PUF-FPGA/new_workspace/platform/hw/design_2_wrapper_final_2.xsa
TRACE::2025-07-17.22:20:35::SCWPlatform::DSA given C:/AB/xilinxvivado/projects/arbiter-PUF-FPGA/new_workspace/platform/hw/design_2_wrapper_final_2.xsa
TRACE::2025-07-17.22:20:35::SCWPlatform::DSA absoulate path C:/AB/xilinxvivado/projects/arbiter-PUF-FPGA/new_workspace/platform/hw/design_2_wrapper_final_2.xsa
TRACE::2025-07-17.22:20:35::SCWPlatform::DSA directory C:/AB/xilinxvivado/projects/arbiter-PUF-FPGA/new_workspace/platform/hw
TRACE::2025-07-17.22:20:35::SCWPlatform:: Platform Path C:/AB/xilinxvivado/projects/arbiter-PUF-FPGA/new_workspace/platform/hw/design_2_wrapper_final_2.xsa
TRACE::2025-07-17.22:20:35::SCWPlatform:: Unique name xilinx:::0.0
TRACE::2025-07-17.22:20:35::SCWPlatform::Trying to set the existing hwdb with name design_2_wrapper_0
TRACE::2025-07-17.22:20:35::SCWPlatform::Opened existing hwdb design_2_wrapper_0
TRACE::2025-07-17.22:20:35::SCWPlatform::Found the Hw Db part of the input DSA
TRACE::2025-07-17.22:20:35::SCWMssOS::Checking the sw design at  C:/AB/xilinxvivado/projects/arbiter-PUF-FPGA/new_workspace/platform/zynq_fsbl/zynq_fsbl_bsp/system.mss
TRACE::2025-07-17.22:20:35::SCWMssOS::DEBUG:  swdes dump  C:/AB/xilinxvivado/projects/arbiter-PUF-FPGA/new_workspace/platform/ps7_cortexa9_0/standalone_domain/bsp/system.mss|system_0||
C:/AB/xilinxvivado/projects/arbiter-PUF-FPGA/new_workspace/platform/zynq_fsbl/zynq_fsbl_bsp/system.mss|system||

TRACE::2025-07-17.22:20:35::SCWMssOS::Sw design exists and opened at  C:/AB/xilinxvivado/projects/arbiter-PUF-FPGA/new_workspace/platform/zynq_fsbl/zynq_fsbl_bsp/system.mss
TRACE::2025-07-17.22:20:35::SCWPlatform::Trying to open the hw design at C:/AB/xilinxvivado/projects/arbiter-PUF-FPGA/new_workspace/platform/hw/design_2_wrapper_final_2.xsa
TRACE::2025-07-17.22:20:35::SCWPlatform::DSA given C:/AB/xilinxvivado/projects/arbiter-PUF-FPGA/new_workspace/platform/hw/design_2_wrapper_final_2.xsa
TRACE::2025-07-17.22:20:35::SCWPlatform::DSA absoulate path C:/AB/xilinxvivado/projects/arbiter-PUF-FPGA/new_workspace/platform/hw/design_2_wrapper_final_2.xsa
TRACE::2025-07-17.22:20:35::SCWPlatform::DSA directory C:/AB/xilinxvivado/projects/arbiter-PUF-FPGA/new_workspace/platform/hw
TRACE::2025-07-17.22:20:35::SCWPlatform:: Platform Path C:/AB/xilinxvivado/projects/arbiter-PUF-FPGA/new_workspace/platform/hw/design_2_wrapper_final_2.xsa
TRACE::2025-07-17.22:20:35::SCWPlatform:: Unique name xilinx:::0.0
TRACE::2025-07-17.22:20:35::SCWPlatform::Trying to set the existing hwdb with name design_2_wrapper_0
TRACE::2025-07-17.22:20:35::SCWPlatform::Opened existing hwdb design_2_wrapper_0
TRACE::2025-07-17.22:20:35::SCWPlatform::Found the Hw Db part of the input DSA
TRACE::2025-07-17.22:20:35::SCWMssOS::Checking the sw design at  C:/AB/xilinxvivado/projects/arbiter-PUF-FPGA/new_workspace/platform/zynq_fsbl/zynq_fsbl_bsp/system.mss
TRACE::2025-07-17.22:20:35::SCWMssOS::DEBUG:  swdes dump  C:/AB/xilinxvivado/projects/arbiter-PUF-FPGA/new_workspace/platform/ps7_cortexa9_0/standalone_domain/bsp/system.mss|system_0||
C:/AB/xilinxvivado/projects/arbiter-PUF-FPGA/new_workspace/platform/zynq_fsbl/zynq_fsbl_bsp/system.mss|system||

TRACE::2025-07-17.22:20:35::SCWMssOS::Sw design exists and opened at  C:/AB/xilinxvivado/projects/arbiter-PUF-FPGA/new_workspace/platform/zynq_fsbl/zynq_fsbl_bsp/system.mss
TRACE::2025-07-17.22:20:35::SCWPlatform::Trying to open the hw design at C:/AB/xilinxvivado/projects/arbiter-PUF-FPGA/new_workspace/platform/hw/design_2_wrapper_final_2.xsa
TRACE::2025-07-17.22:20:35::SCWPlatform::DSA given C:/AB/xilinxvivado/projects/arbiter-PUF-FPGA/new_workspace/platform/hw/design_2_wrapper_final_2.xsa
TRACE::2025-07-17.22:20:35::SCWPlatform::DSA absoulate path C:/AB/xilinxvivado/projects/arbiter-PUF-FPGA/new_workspace/platform/hw/design_2_wrapper_final_2.xsa
TRACE::2025-07-17.22:20:35::SCWPlatform::DSA directory C:/AB/xilinxvivado/projects/arbiter-PUF-FPGA/new_workspace/platform/hw
TRACE::2025-07-17.22:20:35::SCWPlatform:: Platform Path C:/AB/xilinxvivado/projects/arbiter-PUF-FPGA/new_workspace/platform/hw/design_2_wrapper_final_2.xsa
TRACE::2025-07-17.22:20:35::SCWPlatform:: Unique name xilinx:::0.0
TRACE::2025-07-17.22:20:35::SCWPlatform::Trying to set the existing hwdb with name design_2_wrapper_0
TRACE::2025-07-17.22:20:35::SCWPlatform::Opened existing hwdb design_2_wrapper_0
TRACE::2025-07-17.22:20:35::SCWPlatform::Found the Hw Db part of the input DSA
TRACE::2025-07-17.22:20:35::SCWMssOS::Checking the sw design at  C:/AB/xilinxvivado/projects/arbiter-PUF-FPGA/new_workspace/platform/ps7_cortexa9_0/standalone_domain/bsp/system.mss
TRACE::2025-07-17.22:20:35::SCWMssOS::DEBUG:  swdes dump  C:/AB/xilinxvivado/projects/arbiter-PUF-FPGA/new_workspace/platform/ps7_cortexa9_0/standalone_domain/bsp/system.mss|system_0||
C:/AB/xilinxvivado/projects/arbiter-PUF-FPGA/new_workspace/platform/zynq_fsbl/zynq_fsbl_bsp/system.mss|system||

TRACE::2025-07-17.22:20:35::SCWMssOS::Sw design exists and opened at  C:/AB/xilinxvivado/projects/arbiter-PUF-FPGA/new_workspace/platform/ps7_cortexa9_0/standalone_domain/bsp/system.mss
TRACE::2025-07-17.22:20:35::SCWPlatform::Trying to open the hw design at C:/AB/xilinxvivado/projects/arbiter-PUF-FPGA/new_workspace/platform/hw/design_2_wrapper_final_2.xsa
TRACE::2025-07-17.22:20:35::SCWPlatform::DSA given C:/AB/xilinxvivado/projects/arbiter-PUF-FPGA/new_workspace/platform/hw/design_2_wrapper_final_2.xsa
TRACE::2025-07-17.22:20:35::SCWPlatform::DSA absoulate path C:/AB/xilinxvivado/projects/arbiter-PUF-FPGA/new_workspace/platform/hw/design_2_wrapper_final_2.xsa
TRACE::2025-07-17.22:20:35::SCWPlatform::DSA directory C:/AB/xilinxvivado/projects/arbiter-PUF-FPGA/new_workspace/platform/hw
TRACE::2025-07-17.22:20:35::SCWPlatform:: Platform Path C:/AB/xilinxvivado/projects/arbiter-PUF-FPGA/new_workspace/platform/hw/design_2_wrapper_final_2.xsa
TRACE::2025-07-17.22:20:35::SCWPlatform:: Unique name xilinx:::0.0
TRACE::2025-07-17.22:20:35::SCWPlatform::Trying to set the existing hwdb with name design_2_wrapper_0
TRACE::2025-07-17.22:20:35::SCWPlatform::Opened existing hwdb design_2_wrapper_0
TRACE::2025-07-17.22:20:35::SCWPlatform::Found the Hw Db part of the input DSA
TRACE::2025-07-17.22:20:35::SCWMssOS::Checking the sw design at  C:/AB/xilinxvivado/projects/arbiter-PUF-FPGA/new_workspace/platform/ps7_cortexa9_0/standalone_domain/bsp/system.mss
TRACE::2025-07-17.22:20:35::SCWMssOS::DEBUG:  swdes dump  C:/AB/xilinxvivado/projects/arbiter-PUF-FPGA/new_workspace/platform/ps7_cortexa9_0/standalone_domain/bsp/system.mss|system_0||
C:/AB/xilinxvivado/projects/arbiter-PUF-FPGA/new_workspace/platform/zynq_fsbl/zynq_fsbl_bsp/system.mss|system||

TRACE::2025-07-17.22:20:35::SCWMssOS::Sw design exists and opened at  C:/AB/xilinxvivado/projects/arbiter-PUF-FPGA/new_workspace/platform/ps7_cortexa9_0/standalone_domain/bsp/system.mss
TRACE::2025-07-17.22:20:35::SCWPlatform::Trying to open the hw design at C:/AB/xilinxvivado/projects/arbiter-PUF-FPGA/new_workspace/platform/hw/design_2_wrapper_final_2.xsa
TRACE::2025-07-17.22:20:35::SCWPlatform::DSA given C:/AB/xilinxvivado/projects/arbiter-PUF-FPGA/new_workspace/platform/hw/design_2_wrapper_final_2.xsa
TRACE::2025-07-17.22:20:35::SCWPlatform::DSA absoulate path C:/AB/xilinxvivado/projects/arbiter-PUF-FPGA/new_workspace/platform/hw/design_2_wrapper_final_2.xsa
TRACE::2025-07-17.22:20:35::SCWPlatform::DSA directory C:/AB/xilinxvivado/projects/arbiter-PUF-FPGA/new_workspace/platform/hw
TRACE::2025-07-17.22:20:35::SCWPlatform:: Platform Path C:/AB/xilinxvivado/projects/arbiter-PUF-FPGA/new_workspace/platform/hw/design_2_wrapper_final_2.xsa
TRACE::2025-07-17.22:20:35::SCWPlatform:: Unique name xilinx:::0.0
TRACE::2025-07-17.22:20:35::SCWPlatform::Trying to set the existing hwdb with name design_2_wrapper_0
TRACE::2025-07-17.22:20:35::SCWPlatform::Opened existing hwdb design_2_wrapper_0
TRACE::2025-07-17.22:20:35::SCWPlatform::Found the Hw Db part of the input DSA
TRACE::2025-07-17.22:20:35::SCWMssOS::Checking the sw design at  C:/AB/xilinxvivado/projects/arbiter-PUF-FPGA/new_workspace/platform/ps7_cortexa9_0/standalone_domain/bsp/system.mss
TRACE::2025-07-17.22:20:35::SCWMssOS::DEBUG:  swdes dump  C:/AB/xilinxvivado/projects/arbiter-PUF-FPGA/new_workspace/platform/ps7_cortexa9_0/standalone_domain/bsp/system.mss|system_0||
C:/AB/xilinxvivado/projects/arbiter-PUF-FPGA/new_workspace/platform/zynq_fsbl/zynq_fsbl_bsp/system.mss|system||

TRACE::2025-07-17.22:20:35::SCWMssOS::Sw design exists and opened at  C:/AB/xilinxvivado/projects/arbiter-PUF-FPGA/new_workspace/platform/ps7_cortexa9_0/standalone_domain/bsp/system.mss
TRACE::2025-07-17.22:20:35::SCWWriter::formatted JSON is {
	"platformName":	"platform",
	"sprVersion":	"2.0",
	"mode":	"gui",
	"dsaType":	"Fixed",
	"platformDesc":	"platform",
	"platHandOff":	"C:/AB/xilinxvivado/projects/arbiter-PUF-FPGA/Arbiter-PUF-FPGA/design_2_wrapper_final_2.xsa",
	"platIntHandOff":	"<platformDir>/hw/design_2_wrapper_final_2.xsa",
	"deviceType":	"zynq",
	"platIsPrebuiltAutogen":	"false",
	"platIsNoBootBsp":	"false",
	"platFsblTarget":	"ps7_cortexa9_0",
	"hasFsblMakeHasChanges":	"false",
	"hasPmufwMakeHasChanges":	"false",
	"fsblExtraCompilerFlags":	"-MMD -MP       -mcpu=cortex-a9 -mfpu=vfpv3 -mfloat-abi=hard ",
	"platPreBuiltFlag":	false,
	"platformSamplesDir":	"",
	"platActiveSys":	"platform",
	"systems":	[{
			"systemName":	"platform",
			"systemDesc":	"platform",
			"sysIsBootAutoGen":	"true",
			"systemDispName":	"platform",
			"sysActiveDom":	"standalone_domain",
			"sysDefaultDom":	"standalone_domain",
			"domains":	[{
					"domainName":	"zynq_fsbl",
					"domainDispName":	"zynq_fsbl",
					"domainDesc":	"FSBL Application BSP - Auto Generated.",
					"processors":	"ps7_cortexa9_0",
					"os":	"standalone",
					"sdxOs":	"standalone",
					"debugEnable":	"",
					"domRuntimes":	["cpp"],
					"swRepo":	"",
					"mssOsVer":	"7.3",
					"mssFile":	"",
					"md5Digest":	"78c06be6924b874cf94cf467c76d8f7d",
					"compatibleApp":	"zynq_fsbl",
					"domType":	"bootDomain",
					"arch":	"32-bit",
					"appSettings":	{
						"appCompilerFlags":	"",
						"appLinkerFlags":	""
					},
					"addedLibs":	["xilffs:4.4", "xilrsa:1.6"],
					"libOptions":	{
						"libsContainingOptions":	[]
					},
					"prebuiltLibs":	{
						"prebuiltIncPath":	[],
						"prebuiltLibPath":	[]
					},
					"isolation":	{
					}
				}, {
					"domainName":	"standalone_domain",
					"domainDispName":	"standalone on ps7_cortexa9_0",
					"domainDesc":	"standalone_domain",
					"processors":	"ps7_cortexa9_0",
					"os":	"standalone",
					"sdxOs":	"standalone",
					"qemuArgs":	"C:/AB/xilinxvivado/Vitis/2020.2/data/emulation/platforms/zynq/sw/a9_standalone/qemu/qemu_args.txt",
					"qemuData":	"C:/AB/xilinxvivado/Vitis/2020.2/data/emulation/platforms/zynq/sw/a9_standalone/qemu/",
					"debugEnable":	"False",
					"domRuntimes":	["cpp"],
					"swRepo":	"",
					"mssOsVer":	"7.3",
					"mssFile":	"",
					"md5Digest":	"8276bd7423100ab808fdcc646ffd4c47",
					"compatibleApp":	"",
					"domType":	"mssDomain",
					"appSettings":	{
						"appCompilerFlags":	"",
						"appLinkerFlags":	""
					},
					"addedLibs":	[],
					"libOptions":	{
						"libsContainingOptions":	[]
					},
					"prebuiltLibs":	{
						"prebuiltIncPath":	[],
						"prebuiltLibPath":	[]
					},
					"isolation":	{
					}
				}]
		}]
}
TRACE::2025-07-17.22:20:36::SCWPlatform::Clearing the existing platform
TRACE::2025-07-17.22:20:36::SCWSystem::Clearing the existing sysconfig
TRACE::2025-07-17.22:20:36::SCWBDomain::clearing the fsbl build
TRACE::2025-07-17.22:20:36::SCWMssOS::Removing the swdes entry for  C:/AB/xilinxvivado/projects/arbiter-PUF-FPGA/new_workspace/platform/zynq_fsbl/zynq_fsbl_bsp/system.mss
TRACE::2025-07-17.22:20:36::SCWMssOS::Removing the swdes entry for  C:/AB/xilinxvivado/projects/arbiter-PUF-FPGA/new_workspace/platform/ps7_cortexa9_0/standalone_domain/bsp/system.mss
TRACE::2025-07-17.22:20:36::SCWSystem::Clearing the domains completed.
TRACE::2025-07-17.22:20:36::SCWPlatform::Clearing the opened hw db.
TRACE::2025-07-17.22:20:36::SCWPlatform::DSA given C:/AB/xilinxvivado/projects/arbiter-PUF-FPGA/new_workspace/platform/hw/design_2_wrapper_final_2.xsa
TRACE::2025-07-17.22:20:36::SCWPlatform::DSA absoulate path C:/AB/xilinxvivado/projects/arbiter-PUF-FPGA/new_workspace/platform/hw/design_2_wrapper_final_2.xsa
TRACE::2025-07-17.22:20:36::SCWPlatform:: Platform location is C:/AB/xilinxvivado/projects/arbiter-PUF-FPGA/new_workspace/platform/hw
TRACE::2025-07-17.22:20:36::SCWPlatform:: Platform Path C:/AB/xilinxvivado/projects/arbiter-PUF-FPGA/new_workspace/platform/hw/design_2_wrapper_final_2.xsa
TRACE::2025-07-17.22:20:36::SCWPlatform:: Unique name xilinx:::0.0
TRACE::2025-07-17.22:20:36::SCWPlatform::Removing the HwDB with name C:/AB/xilinxvivado/projects/arbiter-PUF-FPGA/new_workspace/platform/hw/design_2_wrapper_final_2.xsa
TRACE::2025-07-17.22:20:36::SCWPlatform::Trying to open the hw design at C:/AB/xilinxvivado/projects/arbiter-PUF-FPGA/new_workspace/platform/hw/design_2_wrapper_final_2.xsa
TRACE::2025-07-17.22:20:36::SCWPlatform::DSA given C:/AB/xilinxvivado/projects/arbiter-PUF-FPGA/new_workspace/platform/hw/design_2_wrapper_final_2.xsa
TRACE::2025-07-17.22:20:36::SCWPlatform::DSA absoulate path C:/AB/xilinxvivado/projects/arbiter-PUF-FPGA/new_workspace/platform/hw/design_2_wrapper_final_2.xsa
TRACE::2025-07-17.22:20:36::SCWPlatform::DSA directory C:/AB/xilinxvivado/projects/arbiter-PUF-FPGA/new_workspace/platform/hw
TRACE::2025-07-17.22:20:36::SCWPlatform:: Platform Path C:/AB/xilinxvivado/projects/arbiter-PUF-FPGA/new_workspace/platform/hw/design_2_wrapper_final_2.xsa
TRACE::2025-07-17.22:20:36::SCWPlatform:: Unique name xilinx:::0.0
TRACE::2025-07-17.22:20:36::SCWPlatform::Do not have an existing db opened. 
TRACE::2025-07-17.22:20:37::SCWPlatform::Opened new HwDB with name design_2_wrapper_1
TRACE::2025-07-17.22:20:37::SCWReader::Active system found as  platform
TRACE::2025-07-17.22:20:37::SCWReader::Handling sysconfig platform
TRACE::2025-07-17.22:20:37::SCWDomain::checking for install qemu data   : 
TRACE::2025-07-17.22:20:37::SCWDomain:: Using the QEMU Data from install at  : C:/AB/xilinxvivado/Vitis/2020.2/data/emulation/platforms/zynq/sw/a9_standalone/qemu/
TRACE::2025-07-17.22:20:37::SCWDomain:: Using the QEMU args  from install at  : C:/AB/xilinxvivado/Vitis/2020.2/data/emulation/platforms/zynq/sw/a9_standalone/qemu/qemu_args.txt
TRACE::2025-07-17.22:20:37::SCWPlatform::Trying to open the hw design at C:/AB/xilinxvivado/projects/arbiter-PUF-FPGA/new_workspace/platform/hw/design_2_wrapper_final_2.xsa
TRACE::2025-07-17.22:20:37::SCWPlatform::DSA given C:/AB/xilinxvivado/projects/arbiter-PUF-FPGA/new_workspace/platform/hw/design_2_wrapper_final_2.xsa
TRACE::2025-07-17.22:20:37::SCWPlatform::DSA absoulate path C:/AB/xilinxvivado/projects/arbiter-PUF-FPGA/new_workspace/platform/hw/design_2_wrapper_final_2.xsa
TRACE::2025-07-17.22:20:37::SCWPlatform::DSA directory C:/AB/xilinxvivado/projects/arbiter-PUF-FPGA/new_workspace/platform/hw
TRACE::2025-07-17.22:20:37::SCWPlatform:: Platform Path C:/AB/xilinxvivado/projects/arbiter-PUF-FPGA/new_workspace/platform/hw/design_2_wrapper_final_2.xsa
TRACE::2025-07-17.22:20:37::SCWPlatform:: Unique name xilinx:::0.0
TRACE::2025-07-17.22:20:37::SCWPlatform::Trying to set the existing hwdb with name design_2_wrapper_1
TRACE::2025-07-17.22:20:37::SCWPlatform::Opened existing hwdb design_2_wrapper_1
TRACE::2025-07-17.22:20:37::SCWPlatform::Found the Hw Db part of the input DSA
TRACE::2025-07-17.22:20:37::SCWPlatform::Trying to open the hw design at C:/AB/xilinxvivado/projects/arbiter-PUF-FPGA/new_workspace/platform/hw/design_2_wrapper_final_2.xsa
TRACE::2025-07-17.22:20:37::SCWPlatform::DSA given C:/AB/xilinxvivado/projects/arbiter-PUF-FPGA/new_workspace/platform/hw/design_2_wrapper_final_2.xsa
TRACE::2025-07-17.22:20:37::SCWPlatform::DSA absoulate path C:/AB/xilinxvivado/projects/arbiter-PUF-FPGA/new_workspace/platform/hw/design_2_wrapper_final_2.xsa
TRACE::2025-07-17.22:20:37::SCWPlatform::DSA directory C:/AB/xilinxvivado/projects/arbiter-PUF-FPGA/new_workspace/platform/hw
TRACE::2025-07-17.22:20:37::SCWPlatform:: Platform Path C:/AB/xilinxvivado/projects/arbiter-PUF-FPGA/new_workspace/platform/hw/design_2_wrapper_final_2.xsa
TRACE::2025-07-17.22:20:37::SCWPlatform:: Unique name xilinx:::0.0
TRACE::2025-07-17.22:20:37::SCWPlatform::Trying to set the existing hwdb with name design_2_wrapper_1
TRACE::2025-07-17.22:20:37::SCWPlatform::Opened existing hwdb design_2_wrapper_1
TRACE::2025-07-17.22:20:37::SCWPlatform::Found the Hw Db part of the input DSA
TRACE::2025-07-17.22:20:37::SCWPlatform::Trying to open the hw design at C:/AB/xilinxvivado/projects/arbiter-PUF-FPGA/new_workspace/platform/hw/design_2_wrapper_final_2.xsa
TRACE::2025-07-17.22:20:37::SCWPlatform::DSA given C:/AB/xilinxvivado/projects/arbiter-PUF-FPGA/new_workspace/platform/hw/design_2_wrapper_final_2.xsa
TRACE::2025-07-17.22:20:37::SCWPlatform::DSA absoulate path C:/AB/xilinxvivado/projects/arbiter-PUF-FPGA/new_workspace/platform/hw/design_2_wrapper_final_2.xsa
TRACE::2025-07-17.22:20:37::SCWPlatform::DSA directory C:/AB/xilinxvivado/projects/arbiter-PUF-FPGA/new_workspace/platform/hw
TRACE::2025-07-17.22:20:37::SCWPlatform:: Platform Path C:/AB/xilinxvivado/projects/arbiter-PUF-FPGA/new_workspace/platform/hw/design_2_wrapper_final_2.xsa
TRACE::2025-07-17.22:20:37::SCWPlatform:: Unique name xilinx:::0.0
TRACE::2025-07-17.22:20:37::SCWPlatform::Trying to set the existing hwdb with name design_2_wrapper_1
TRACE::2025-07-17.22:20:37::SCWPlatform::Opened existing hwdb design_2_wrapper_1
TRACE::2025-07-17.22:20:37::SCWPlatform::Found the Hw Db part of the input DSA
TRACE::2025-07-17.22:20:37::SCWReader::Boot application domain added for zynq_fsbl
TRACE::2025-07-17.22:20:37::SCWPlatform::Trying to open the hw design at C:/AB/xilinxvivado/projects/arbiter-PUF-FPGA/new_workspace/platform/hw/design_2_wrapper_final_2.xsa
TRACE::2025-07-17.22:20:37::SCWPlatform::DSA given C:/AB/xilinxvivado/projects/arbiter-PUF-FPGA/new_workspace/platform/hw/design_2_wrapper_final_2.xsa
TRACE::2025-07-17.22:20:37::SCWPlatform::DSA absoulate path C:/AB/xilinxvivado/projects/arbiter-PUF-FPGA/new_workspace/platform/hw/design_2_wrapper_final_2.xsa
TRACE::2025-07-17.22:20:37::SCWPlatform::DSA directory C:/AB/xilinxvivado/projects/arbiter-PUF-FPGA/new_workspace/platform/hw
TRACE::2025-07-17.22:20:37::SCWPlatform:: Platform Path C:/AB/xilinxvivado/projects/arbiter-PUF-FPGA/new_workspace/platform/hw/design_2_wrapper_final_2.xsa
TRACE::2025-07-17.22:20:37::SCWPlatform:: Unique name xilinx:::0.0
TRACE::2025-07-17.22:20:37::SCWPlatform::Trying to set the existing hwdb with name design_2_wrapper_1
TRACE::2025-07-17.22:20:37::SCWPlatform::Opened existing hwdb design_2_wrapper_1
TRACE::2025-07-17.22:20:37::SCWPlatform::Found the Hw Db part of the input DSA
TRACE::2025-07-17.22:20:37::SCWMssOS::Checking the sw design at  C:/AB/xilinxvivado/projects/arbiter-PUF-FPGA/new_workspace/platform/zynq_fsbl/zynq_fsbl_bsp/system.mss
TRACE::2025-07-17.22:20:37::SCWMssOS::DEBUG:  swdes dump  
TRACE::2025-07-17.22:20:37::SCWMssOS::No sw design opened at  C:/AB/xilinxvivado/projects/arbiter-PUF-FPGA/new_workspace/platform/zynq_fsbl/zynq_fsbl_bsp/system.mss
TRACE::2025-07-17.22:20:37::SCWMssOS::mss exists loading the mss file  C:/AB/xilinxvivado/projects/arbiter-PUF-FPGA/new_workspace/platform/zynq_fsbl/zynq_fsbl_bsp/system.mss
TRACE::2025-07-17.22:20:37::SCWMssOS::Opened the sw design from mss  C:/AB/xilinxvivado/projects/arbiter-PUF-FPGA/new_workspace/platform/zynq_fsbl/zynq_fsbl_bsp/system.mss
TRACE::2025-07-17.22:20:37::SCWMssOS::Adding the swdes entry C:/AB/xilinxvivado/projects/arbiter-PUF-FPGA/new_workspace/platform/zynq_fsbl/zynq_fsbl_bsp/system.mss with des name system
TRACE::2025-07-17.22:20:37::SCWMssOS::updating the scw layer about changes
TRACE::2025-07-17.22:20:37::SCWMssOS::Opened the sw design.  C:/AB/xilinxvivado/projects/arbiter-PUF-FPGA/new_workspace/platform/zynq_fsbl/zynq_fsbl_bsp/system.mss
TRACE::2025-07-17.22:20:37::SCWPlatform::Trying to open the hw design at C:/AB/xilinxvivado/projects/arbiter-PUF-FPGA/new_workspace/platform/hw/design_2_wrapper_final_2.xsa
TRACE::2025-07-17.22:20:37::SCWPlatform::DSA given C:/AB/xilinxvivado/projects/arbiter-PUF-FPGA/new_workspace/platform/hw/design_2_wrapper_final_2.xsa
TRACE::2025-07-17.22:20:37::SCWPlatform::DSA absoulate path C:/AB/xilinxvivado/projects/arbiter-PUF-FPGA/new_workspace/platform/hw/design_2_wrapper_final_2.xsa
TRACE::2025-07-17.22:20:37::SCWPlatform::DSA directory C:/AB/xilinxvivado/projects/arbiter-PUF-FPGA/new_workspace/platform/hw
TRACE::2025-07-17.22:20:37::SCWPlatform:: Platform Path C:/AB/xilinxvivado/projects/arbiter-PUF-FPGA/new_workspace/platform/hw/design_2_wrapper_final_2.xsa
TRACE::2025-07-17.22:20:37::SCWPlatform:: Unique name xilinx:::0.0
TRACE::2025-07-17.22:20:37::SCWPlatform::Trying to set the existing hwdb with name design_2_wrapper_1
TRACE::2025-07-17.22:20:37::SCWPlatform::Opened existing hwdb design_2_wrapper_1
TRACE::2025-07-17.22:20:37::SCWPlatform::Found the Hw Db part of the input DSA
TRACE::2025-07-17.22:20:37::SCWMssOS::Checking the sw design at  C:/AB/xilinxvivado/projects/arbiter-PUF-FPGA/new_workspace/platform/zynq_fsbl/zynq_fsbl_bsp/system.mss
TRACE::2025-07-17.22:20:37::SCWMssOS::DEBUG:  swdes dump  C:/AB/xilinxvivado/projects/arbiter-PUF-FPGA/new_workspace/platform/zynq_fsbl/zynq_fsbl_bsp/system.mss|system||

TRACE::2025-07-17.22:20:37::SCWMssOS::Sw design exists and opened at  C:/AB/xilinxvivado/projects/arbiter-PUF-FPGA/new_workspace/platform/zynq_fsbl/zynq_fsbl_bsp/system.mss
TRACE::2025-07-17.22:20:37::SCWMssOS:: library already available in sw design:  xilffs:4.4
TRACE::2025-07-17.22:20:37::SCWPlatform::Trying to open the hw design at C:/AB/xilinxvivado/projects/arbiter-PUF-FPGA/new_workspace/platform/hw/design_2_wrapper_final_2.xsa
TRACE::2025-07-17.22:20:37::SCWPlatform::DSA given C:/AB/xilinxvivado/projects/arbiter-PUF-FPGA/new_workspace/platform/hw/design_2_wrapper_final_2.xsa
TRACE::2025-07-17.22:20:37::SCWPlatform::DSA absoulate path C:/AB/xilinxvivado/projects/arbiter-PUF-FPGA/new_workspace/platform/hw/design_2_wrapper_final_2.xsa
TRACE::2025-07-17.22:20:37::SCWPlatform::DSA directory C:/AB/xilinxvivado/projects/arbiter-PUF-FPGA/new_workspace/platform/hw
TRACE::2025-07-17.22:20:37::SCWPlatform:: Platform Path C:/AB/xilinxvivado/projects/arbiter-PUF-FPGA/new_workspace/platform/hw/design_2_wrapper_final_2.xsa
TRACE::2025-07-17.22:20:37::SCWPlatform:: Unique name xilinx:::0.0
TRACE::2025-07-17.22:20:37::SCWPlatform::Trying to set the existing hwdb with name design_2_wrapper_1
TRACE::2025-07-17.22:20:37::SCWPlatform::Opened existing hwdb design_2_wrapper_1
TRACE::2025-07-17.22:20:37::SCWPlatform::Found the Hw Db part of the input DSA
TRACE::2025-07-17.22:20:37::SCWMssOS::Checking the sw design at  C:/AB/xilinxvivado/projects/arbiter-PUF-FPGA/new_workspace/platform/zynq_fsbl/zynq_fsbl_bsp/system.mss
TRACE::2025-07-17.22:20:37::SCWMssOS::DEBUG:  swdes dump  C:/AB/xilinxvivado/projects/arbiter-PUF-FPGA/new_workspace/platform/zynq_fsbl/zynq_fsbl_bsp/system.mss|system||

TRACE::2025-07-17.22:20:37::SCWMssOS::Sw design exists and opened at  C:/AB/xilinxvivado/projects/arbiter-PUF-FPGA/new_workspace/platform/zynq_fsbl/zynq_fsbl_bsp/system.mss
TRACE::2025-07-17.22:20:37::SCWMssOS:: library already available in sw design:  xilrsa:1.6
TRACE::2025-07-17.22:20:37::SCWMssOS::Saving the mss changes C:/AB/xilinxvivado/projects/arbiter-PUF-FPGA/new_workspace/platform/zynq_fsbl/zynq_fsbl_bsp/system.mss
TRACE::2025-07-17.22:20:37::SCWMssOS::Found a swdesign opened with the mssfile.
TRACE::2025-07-17.22:20:37::SCWMssOS::Completed writemss as part of save.
TRACE::2025-07-17.22:20:37::SCWMssOS::Commit changes completed.
TRACE::2025-07-17.22:20:37::SCWReader::Adding prebuilt librarypaths as   
TRACE::2025-07-17.22:20:37::SCWReader::Adding prebuilt incpaths  as   
TRACE::2025-07-17.22:20:37::SCWPlatform::Trying to open the hw design at C:/AB/xilinxvivado/projects/arbiter-PUF-FPGA/new_workspace/platform/hw/design_2_wrapper_final_2.xsa
TRACE::2025-07-17.22:20:37::SCWPlatform::DSA given C:/AB/xilinxvivado/projects/arbiter-PUF-FPGA/new_workspace/platform/hw/design_2_wrapper_final_2.xsa
TRACE::2025-07-17.22:20:37::SCWPlatform::DSA absoulate path C:/AB/xilinxvivado/projects/arbiter-PUF-FPGA/new_workspace/platform/hw/design_2_wrapper_final_2.xsa
TRACE::2025-07-17.22:20:37::SCWPlatform::DSA directory C:/AB/xilinxvivado/projects/arbiter-PUF-FPGA/new_workspace/platform/hw
TRACE::2025-07-17.22:20:37::SCWPlatform:: Platform Path C:/AB/xilinxvivado/projects/arbiter-PUF-FPGA/new_workspace/platform/hw/design_2_wrapper_final_2.xsa
TRACE::2025-07-17.22:20:37::SCWPlatform:: Unique name xilinx:::0.0
TRACE::2025-07-17.22:20:37::SCWPlatform::Trying to set the existing hwdb with name design_2_wrapper_1
TRACE::2025-07-17.22:20:37::SCWPlatform::Opened existing hwdb design_2_wrapper_1
TRACE::2025-07-17.22:20:37::SCWPlatform::Found the Hw Db part of the input DSA
TRACE::2025-07-17.22:20:37::SCWMssOS::Checking the sw design at  C:/AB/xilinxvivado/projects/arbiter-PUF-FPGA/new_workspace/platform/zynq_fsbl/zynq_fsbl_bsp/system.mss
TRACE::2025-07-17.22:20:37::SCWMssOS::DEBUG:  swdes dump  C:/AB/xilinxvivado/projects/arbiter-PUF-FPGA/new_workspace/platform/zynq_fsbl/zynq_fsbl_bsp/system.mss|system||

TRACE::2025-07-17.22:20:37::SCWMssOS::Sw design exists and opened at  C:/AB/xilinxvivado/projects/arbiter-PUF-FPGA/new_workspace/platform/zynq_fsbl/zynq_fsbl_bsp/system.mss
TRACE::2025-07-17.22:20:37::SCWReader::No isolation master present  
TRACE::2025-07-17.22:20:37::SCWDomain::checking for install qemu data   : 
TRACE::2025-07-17.22:20:37::SCWDomain:: Using the QEMU Data from install at  : C:/AB/xilinxvivado/Vitis/2020.2/data/emulation/platforms/zynq/sw/a9_standalone/qemu/
TRACE::2025-07-17.22:20:37::SCWDomain:: Using the QEMU args  from install at  : C:/AB/xilinxvivado/Vitis/2020.2/data/emulation/platforms/zynq/sw/a9_standalone/qemu/qemu_args.txt
TRACE::2025-07-17.22:20:37::SCWPlatform::Trying to open the hw design at C:/AB/xilinxvivado/projects/arbiter-PUF-FPGA/new_workspace/platform/hw/design_2_wrapper_final_2.xsa
TRACE::2025-07-17.22:20:37::SCWPlatform::DSA given C:/AB/xilinxvivado/projects/arbiter-PUF-FPGA/new_workspace/platform/hw/design_2_wrapper_final_2.xsa
TRACE::2025-07-17.22:20:37::SCWPlatform::DSA absoulate path C:/AB/xilinxvivado/projects/arbiter-PUF-FPGA/new_workspace/platform/hw/design_2_wrapper_final_2.xsa
TRACE::2025-07-17.22:20:37::SCWPlatform::DSA directory C:/AB/xilinxvivado/projects/arbiter-PUF-FPGA/new_workspace/platform/hw
TRACE::2025-07-17.22:20:37::SCWPlatform:: Platform Path C:/AB/xilinxvivado/projects/arbiter-PUF-FPGA/new_workspace/platform/hw/design_2_wrapper_final_2.xsa
TRACE::2025-07-17.22:20:37::SCWPlatform:: Unique name xilinx:::0.0
TRACE::2025-07-17.22:20:37::SCWPlatform::Trying to set the existing hwdb with name design_2_wrapper_1
TRACE::2025-07-17.22:20:37::SCWPlatform::Opened existing hwdb design_2_wrapper_1
TRACE::2025-07-17.22:20:37::SCWPlatform::Found the Hw Db part of the input DSA
TRACE::2025-07-17.22:20:37::SCWPlatform::Trying to open the hw design at C:/AB/xilinxvivado/projects/arbiter-PUF-FPGA/new_workspace/platform/hw/design_2_wrapper_final_2.xsa
TRACE::2025-07-17.22:20:37::SCWPlatform::DSA given C:/AB/xilinxvivado/projects/arbiter-PUF-FPGA/new_workspace/platform/hw/design_2_wrapper_final_2.xsa
TRACE::2025-07-17.22:20:37::SCWPlatform::DSA absoulate path C:/AB/xilinxvivado/projects/arbiter-PUF-FPGA/new_workspace/platform/hw/design_2_wrapper_final_2.xsa
TRACE::2025-07-17.22:20:37::SCWPlatform::DSA directory C:/AB/xilinxvivado/projects/arbiter-PUF-FPGA/new_workspace/platform/hw
TRACE::2025-07-17.22:20:37::SCWPlatform:: Platform Path C:/AB/xilinxvivado/projects/arbiter-PUF-FPGA/new_workspace/platform/hw/design_2_wrapper_final_2.xsa
TRACE::2025-07-17.22:20:37::SCWPlatform:: Unique name xilinx:::0.0
TRACE::2025-07-17.22:20:37::SCWPlatform::Trying to set the existing hwdb with name design_2_wrapper_1
TRACE::2025-07-17.22:20:37::SCWPlatform::Opened existing hwdb design_2_wrapper_1
TRACE::2025-07-17.22:20:37::SCWPlatform::Found the Hw Db part of the input DSA
TRACE::2025-07-17.22:20:37::SCWPlatform::Trying to open the hw design at C:/AB/xilinxvivado/projects/arbiter-PUF-FPGA/new_workspace/platform/hw/design_2_wrapper_final_2.xsa
TRACE::2025-07-17.22:20:37::SCWPlatform::DSA given C:/AB/xilinxvivado/projects/arbiter-PUF-FPGA/new_workspace/platform/hw/design_2_wrapper_final_2.xsa
TRACE::2025-07-17.22:20:37::SCWPlatform::DSA absoulate path C:/AB/xilinxvivado/projects/arbiter-PUF-FPGA/new_workspace/platform/hw/design_2_wrapper_final_2.xsa
TRACE::2025-07-17.22:20:37::SCWPlatform::DSA directory C:/AB/xilinxvivado/projects/arbiter-PUF-FPGA/new_workspace/platform/hw
TRACE::2025-07-17.22:20:37::SCWPlatform:: Platform Path C:/AB/xilinxvivado/projects/arbiter-PUF-FPGA/new_workspace/platform/hw/design_2_wrapper_final_2.xsa
TRACE::2025-07-17.22:20:37::SCWPlatform:: Unique name xilinx:::0.0
TRACE::2025-07-17.22:20:37::SCWPlatform::Trying to set the existing hwdb with name design_2_wrapper_1
TRACE::2025-07-17.22:20:37::SCWPlatform::Opened existing hwdb design_2_wrapper_1
TRACE::2025-07-17.22:20:37::SCWPlatform::Found the Hw Db part of the input DSA
TRACE::2025-07-17.22:20:37::SCWMssOS::Checking the sw design at  C:/AB/xilinxvivado/projects/arbiter-PUF-FPGA/new_workspace/platform/ps7_cortexa9_0/standalone_domain/bsp/system.mss
TRACE::2025-07-17.22:20:37::SCWMssOS::DEBUG:  swdes dump  C:/AB/xilinxvivado/projects/arbiter-PUF-FPGA/new_workspace/platform/zynq_fsbl/zynq_fsbl_bsp/system.mss|system||

TRACE::2025-07-17.22:20:37::SCWMssOS::No sw design opened at  C:/AB/xilinxvivado/projects/arbiter-PUF-FPGA/new_workspace/platform/ps7_cortexa9_0/standalone_domain/bsp/system.mss
TRACE::2025-07-17.22:20:37::SCWMssOS::mss exists loading the mss file  C:/AB/xilinxvivado/projects/arbiter-PUF-FPGA/new_workspace/platform/ps7_cortexa9_0/standalone_domain/bsp/system.mss
TRACE::2025-07-17.22:20:37::SCWMssOS::Opened the sw design from mss  C:/AB/xilinxvivado/projects/arbiter-PUF-FPGA/new_workspace/platform/ps7_cortexa9_0/standalone_domain/bsp/system.mss
TRACE::2025-07-17.22:20:37::SCWMssOS::Adding the swdes entry C:/AB/xilinxvivado/projects/arbiter-PUF-FPGA/new_workspace/platform/ps7_cortexa9_0/standalone_domain/bsp/system.mss with des name system_0
TRACE::2025-07-17.22:20:37::SCWMssOS::updating the scw layer about changes
TRACE::2025-07-17.22:20:37::SCWMssOS::Opened the sw design.  C:/AB/xilinxvivado/projects/arbiter-PUF-FPGA/new_workspace/platform/ps7_cortexa9_0/standalone_domain/bsp/system.mss
TRACE::2025-07-17.22:20:37::SCWMssOS::Saving the mss changes C:/AB/xilinxvivado/projects/arbiter-PUF-FPGA/new_workspace/platform/ps7_cortexa9_0/standalone_domain/bsp/system.mss
TRACE::2025-07-17.22:20:37::SCWMssOS::Found a swdesign opened with the mssfile.
TRACE::2025-07-17.22:20:37::SCWMssOS::Completed writemss as part of save.
TRACE::2025-07-17.22:20:37::SCWMssOS::Commit changes completed.
TRACE::2025-07-17.22:20:37::SCWReader::Adding prebuilt librarypaths as   
TRACE::2025-07-17.22:20:37::SCWReader::Adding prebuilt incpaths  as   
TRACE::2025-07-17.22:20:37::SCWPlatform::Trying to open the hw design at C:/AB/xilinxvivado/projects/arbiter-PUF-FPGA/new_workspace/platform/hw/design_2_wrapper_final_2.xsa
TRACE::2025-07-17.22:20:37::SCWPlatform::DSA given C:/AB/xilinxvivado/projects/arbiter-PUF-FPGA/new_workspace/platform/hw/design_2_wrapper_final_2.xsa
TRACE::2025-07-17.22:20:37::SCWPlatform::DSA absoulate path C:/AB/xilinxvivado/projects/arbiter-PUF-FPGA/new_workspace/platform/hw/design_2_wrapper_final_2.xsa
TRACE::2025-07-17.22:20:37::SCWPlatform::DSA directory C:/AB/xilinxvivado/projects/arbiter-PUF-FPGA/new_workspace/platform/hw
TRACE::2025-07-17.22:20:37::SCWPlatform:: Platform Path C:/AB/xilinxvivado/projects/arbiter-PUF-FPGA/new_workspace/platform/hw/design_2_wrapper_final_2.xsa
TRACE::2025-07-17.22:20:37::SCWPlatform:: Unique name xilinx:::0.0
TRACE::2025-07-17.22:20:37::SCWPlatform::Trying to set the existing hwdb with name design_2_wrapper_1
TRACE::2025-07-17.22:20:37::SCWPlatform::Opened existing hwdb design_2_wrapper_1
TRACE::2025-07-17.22:20:37::SCWPlatform::Found the Hw Db part of the input DSA
TRACE::2025-07-17.22:20:37::SCWMssOS::Checking the sw design at  C:/AB/xilinxvivado/projects/arbiter-PUF-FPGA/new_workspace/platform/ps7_cortexa9_0/standalone_domain/bsp/system.mss
TRACE::2025-07-17.22:20:37::SCWMssOS::DEBUG:  swdes dump  C:/AB/xilinxvivado/projects/arbiter-PUF-FPGA/new_workspace/platform/ps7_cortexa9_0/standalone_domain/bsp/system.mss|system_0||
C:/AB/xilinxvivado/projects/arbiter-PUF-FPGA/new_workspace/platform/zynq_fsbl/zynq_fsbl_bsp/system.mss|system||

TRACE::2025-07-17.22:20:37::SCWMssOS::Sw design exists and opened at  C:/AB/xilinxvivado/projects/arbiter-PUF-FPGA/new_workspace/platform/ps7_cortexa9_0/standalone_domain/bsp/system.mss
TRACE::2025-07-17.22:20:37::SCWReader::No isolation master present  
TRACE::2025-07-17.22:21:46::SCWBDomain::System Command Ran  C:&  cd  C:/AB/xilinxvivado/projects/arbiter-PUF-FPGA/new_workspace/platform/zynq_fsbl & make clean
TRACE::2025-07-17.22:21:46::SCWBDomain::rm -rf  sd.o  nand.o  nor.o  image_mover.o  md5.o  fsbl_hooks.o  main.o  rsa.o  qspi.o  ps7_init.o  pcap.o  fsbl_handoff.o zynq
TRACE::2025-07-17.22:21:46::SCWBDomain::_fsbl_bsp/ps7_cortexa9_0/lib/libxil.a fsbl.elf *.o

ERROR::2025-07-17.22:21:46::SCWSystem::Error in Processing the domain zynq_fsbl
LOG::2025-07-17.22:21:51::SCWPlatform::Started generating the artifacts platform platform
TRACE::2025-07-17.22:21:51::SCWPlatform::Sanity checking of platform is completed
LOG::2025-07-17.22:21:51::SCWPlatform::Started generating the artifacts for system configuration platform
LOG::2025-07-17.22:21:51::SCWSystem::Checking the domain zynq_fsbl
LOG::2025-07-17.22:21:51::SCWSystem::Doing application build for :  zynq_fsbl
TRACE::2025-07-17.22:21:51::SCWBDomain::Not a forced makefile updation, No changes are present. 
TRACE::2025-07-17.22:21:51::SCWDomain::Building the domain as part of full build :  zynq_fsbl
TRACE::2025-07-17.22:21:51::SCWPlatform::Trying to open the hw design at C:/AB/xilinxvivado/projects/arbiter-PUF-FPGA/new_workspace/platform/hw/design_2_wrapper_final_2.xsa
TRACE::2025-07-17.22:21:51::SCWPlatform::DSA given C:/AB/xilinxvivado/projects/arbiter-PUF-FPGA/new_workspace/platform/hw/design_2_wrapper_final_2.xsa
TRACE::2025-07-17.22:21:51::SCWPlatform::DSA absoulate path C:/AB/xilinxvivado/projects/arbiter-PUF-FPGA/new_workspace/platform/hw/design_2_wrapper_final_2.xsa
TRACE::2025-07-17.22:21:51::SCWPlatform::DSA directory C:/AB/xilinxvivado/projects/arbiter-PUF-FPGA/new_workspace/platform/hw
TRACE::2025-07-17.22:21:51::SCWPlatform:: Platform Path C:/AB/xilinxvivado/projects/arbiter-PUF-FPGA/new_workspace/platform/hw/design_2_wrapper_final_2.xsa
TRACE::2025-07-17.22:21:51::SCWPlatform:: Unique name xilinx:::0.0
TRACE::2025-07-17.22:21:51::SCWPlatform::Trying to set the existing hwdb with name design_2_wrapper_1
TRACE::2025-07-17.22:21:51::SCWPlatform::Opened existing hwdb design_2_wrapper_1
TRACE::2025-07-17.22:21:51::SCWPlatform::Found the Hw Db part of the input DSA
TRACE::2025-07-17.22:21:51::SCWMssOS::Checking the sw design at  C:/AB/xilinxvivado/projects/arbiter-PUF-FPGA/new_workspace/platform/zynq_fsbl/zynq_fsbl_bsp/system.mss
TRACE::2025-07-17.22:21:51::SCWMssOS::DEBUG:  swdes dump  C:/AB/xilinxvivado/projects/arbiter-PUF-FPGA/new_workspace/platform/ps7_cortexa9_0/standalone_domain/bsp/system.mss|system_0||
C:/AB/xilinxvivado/projects/arbiter-PUF-FPGA/new_workspace/platform/zynq_fsbl/zynq_fsbl_bsp/system.mss|system||

TRACE::2025-07-17.22:21:51::SCWMssOS::Sw design exists and opened at  C:/AB/xilinxvivado/projects/arbiter-PUF-FPGA/new_workspace/platform/zynq_fsbl/zynq_fsbl_bsp/system.mss
TRACE::2025-07-17.22:21:51::SCWBDomain::Completed writing the mss file at C:/AB/xilinxvivado/projects/arbiter-PUF-FPGA/new_workspace/platform/zynq_fsbl/zynq_fsbl_bsp
TRACE::2025-07-17.22:21:51::SCWBDomain::bsp generated is upto date with the mss file. Skipping bsp generation.
TRACE::2025-07-17.22:21:51::SCWBDomain::Not a forced makefile updation, No changes are present. 
TRACE::2025-07-17.22:21:51::SCWBDomain::System Command Ran  C:&  cd  C:/AB/xilinxvivado/projects/arbiter-PUF-FPGA/new_workspace/platform/zynq_fsbl& make -C  zynq_fsbl_bsp & make 
TRACE::2025-07-17.22:21:51::SCWBDomain::make: Entering directory 'C:/AB/xilinxvivado/projects/arbiter-PUF-FPGA/new_workspace/platform/zynq_fsbl/zynq_fsbl_bsp'

TRACE::2025-07-17.22:21:51::SCWBDomain::make --no-print-directory seq_libs

TRACE::2025-07-17.22:21:51::SCWBDomain::"Running Make include in ps7_cortexa9_0/libsrc/arbiter_puf_fpga_v1_0/src"

TRACE::2025-07-17.22:21:51::SCWBDomain::make -C ps7_cortexa9_0/libsrc/arbiter_puf_fpga_v1_0/src -s include  "SHELL=CMD" "COMPILER=arm-none-eabi-gcc" "ASSEMBLER=arm-non
TRACE::2025-07-17.22:21:51::SCWBDomain::e-eabi-as" "ARCHIVER=arm-none-eabi-ar" "COMPILER_FLAGS=  -O2 -c" "EXTRA_COMPILER_FLAGS=-mcpu=cortex-a9 -mfpu=vfpv3 -mfloat-abi=
TRACE::2025-07-17.22:21:51::SCWBDomain::hard -nostartfiles -g -Wall -Wextra"

TRACE::2025-07-17.22:21:51::SCWBDomain::"Running Make include in ps7_cortexa9_0/libsrc/coresightps_dcc_v1_8/src"

TRACE::2025-07-17.22:21:51::SCWBDomain::make -C ps7_cortexa9_0/libsrc/coresightps_dcc_v1_8/src -s include  "SHELL=CMD" "COMPILER=arm-none-eabi-gcc" "ASSEMBLER=arm-none
TRACE::2025-07-17.22:21:51::SCWBDomain::-eabi-as" "ARCHIVER=arm-none-eabi-ar" "COMPILER_FLAGS=  -O2 -c" "EXTRA_COMPILER_FLAGS=-mcpu=cortex-a9 -mfpu=vfpv3 -mfloat-abi=h
TRACE::2025-07-17.22:21:51::SCWBDomain::ard -nostartfiles -g -Wall -Wextra"

TRACE::2025-07-17.22:21:51::SCWBDomain::"Running Make include in ps7_cortexa9_0/libsrc/cpu_cortexa9_v2_10/src"

TRACE::2025-07-17.22:21:51::SCWBDomain::make -C ps7_cortexa9_0/libsrc/cpu_cortexa9_v2_10/src -s include  "SHELL=CMD" "COMPILER=arm-none-eabi-gcc" "ASSEMBLER=arm-none-e
TRACE::2025-07-17.22:21:51::SCWBDomain::abi-as" "ARCHIVER=arm-none-eabi-ar" "COMPILER_FLAGS=  -O2 -c" "EXTRA_COMPILER_FLAGS=-mcpu=cortex-a9 -mfpu=vfpv3 -mfloat-abi=har
TRACE::2025-07-17.22:21:51::SCWBDomain::d -nostartfiles -g -Wall -Wextra"

TRACE::2025-07-17.22:21:51::SCWBDomain::"Running Make include in ps7_cortexa9_0/libsrc/ddrps_v1_2/src"

TRACE::2025-07-17.22:21:51::SCWBDomain::make -C ps7_cortexa9_0/libsrc/ddrps_v1_2/src -s include  "SHELL=CMD" "COMPILER=arm-none-eabi-gcc" "ASSEMBLER=arm-none-eabi-as" 
TRACE::2025-07-17.22:21:51::SCWBDomain::"ARCHIVER=arm-none-eabi-ar" "COMPILER_FLAGS=  -O2 -c" "EXTRA_COMPILER_FLAGS=-mcpu=cortex-a9 -mfpu=vfpv3 -mfloat-abi=hard -nosta
TRACE::2025-07-17.22:21:51::SCWBDomain::rtfiles -g -Wall -Wextra"

TRACE::2025-07-17.22:21:51::SCWBDomain::"Running Make include in ps7_cortexa9_0/libsrc/devcfg_v3_7/src"

TRACE::2025-07-17.22:21:51::SCWBDomain::make -C ps7_cortexa9_0/libsrc/devcfg_v3_7/src -s include  "SHELL=CMD" "COMPILER=arm-none-eabi-gcc" "ASSEMBLER=arm-none-eabi-as"
TRACE::2025-07-17.22:21:51::SCWBDomain:: "ARCHIVER=arm-none-eabi-ar" "COMPILER_FLAGS=  -O2 -c" "EXTRA_COMPILER_FLAGS=-mcpu=cortex-a9 -mfpu=vfpv3 -mfloat-abi=hard -nost
TRACE::2025-07-17.22:21:51::SCWBDomain::artfiles -g -Wall -Wextra"

TRACE::2025-07-17.22:21:51::SCWBDomain::"Running Make include in ps7_cortexa9_0/libsrc/dmaps_v2_7/src"

TRACE::2025-07-17.22:21:51::SCWBDomain::make -C ps7_cortexa9_0/libsrc/dmaps_v2_7/src -s include  "SHELL=CMD" "COMPILER=arm-none-eabi-gcc" "ASSEMBLER=arm-none-eabi-as" 
TRACE::2025-07-17.22:21:51::SCWBDomain::"ARCHIVER=arm-none-eabi-ar" "COMPILER_FLAGS=  -O2 -c" "EXTRA_COMPILER_FLAGS=-mcpu=cortex-a9 -mfpu=vfpv3 -mfloat-abi=hard -nosta
TRACE::2025-07-17.22:21:51::SCWBDomain::rtfiles -g -Wall -Wextra"

TRACE::2025-07-17.22:21:51::SCWBDomain::"Running Make include in ps7_cortexa9_0/libsrc/scugic_v4_3/src"

TRACE::2025-07-17.22:21:51::SCWBDomain::make -C ps7_cortexa9_0/libsrc/scugic_v4_3/src -s include  "SHELL=CMD" "COMPILER=arm-none-eabi-gcc" "ASSEMBLER=arm-none-eabi-as"
TRACE::2025-07-17.22:21:51::SCWBDomain:: "ARCHIVER=arm-none-eabi-ar" "COMPILER_FLAGS=  -O2 -c" "EXTRA_COMPILER_FLAGS=-mcpu=cortex-a9 -mfpu=vfpv3 -mfloat-abi=hard -nost
TRACE::2025-07-17.22:21:51::SCWBDomain::artfiles -g -Wall -Wextra"

TRACE::2025-07-17.22:21:51::SCWBDomain::"Running Make include in ps7_cortexa9_0/libsrc/scutimer_v2_3/src"

TRACE::2025-07-17.22:21:51::SCWBDomain::make -C ps7_cortexa9_0/libsrc/scutimer_v2_3/src -s include  "SHELL=CMD" "COMPILER=arm-none-eabi-gcc" "ASSEMBLER=arm-none-eabi-a
TRACE::2025-07-17.22:21:51::SCWBDomain::s" "ARCHIVER=arm-none-eabi-ar" "COMPILER_FLAGS=  -O2 -c" "EXTRA_COMPILER_FLAGS=-mcpu=cortex-a9 -mfpu=vfpv3 -mfloat-abi=hard -no
TRACE::2025-07-17.22:21:51::SCWBDomain::startfiles -g -Wall -Wextra"

TRACE::2025-07-17.22:21:51::SCWBDomain::"Running Make include in ps7_cortexa9_0/libsrc/scuwdt_v2_3/src"

TRACE::2025-07-17.22:21:51::SCWBDomain::make -C ps7_cortexa9_0/libsrc/scuwdt_v2_3/src -s include  "SHELL=CMD" "COMPILER=arm-none-eabi-gcc" "ASSEMBLER=arm-none-eabi-as"
TRACE::2025-07-17.22:21:51::SCWBDomain:: "ARCHIVER=arm-none-eabi-ar" "COMPILER_FLAGS=  -O2 -c" "EXTRA_COMPILER_FLAGS=-mcpu=cortex-a9 -mfpu=vfpv3 -mfloat-abi=hard -nost
TRACE::2025-07-17.22:21:51::SCWBDomain::artfiles -g -Wall -Wextra"

TRACE::2025-07-17.22:21:51::SCWBDomain::"Running Make include in ps7_cortexa9_0/libsrc/standalone_v7_3/src"

TRACE::2025-07-17.22:21:51::SCWBDomain::make -C ps7_cortexa9_0/libsrc/standalone_v7_3/src -s include  "SHELL=CMD" "COMPILER=arm-none-eabi-gcc" "ASSEMBLER=arm-none-eabi
TRACE::2025-07-17.22:21:51::SCWBDomain::-as" "ARCHIVER=arm-none-eabi-ar" "COMPILER_FLAGS=  -O2 -c" "EXTRA_COMPILER_FLAGS=-mcpu=cortex-a9 -mfpu=vfpv3 -mfloat-abi=hard -
TRACE::2025-07-17.22:21:51::SCWBDomain::nostartfiles -g -Wall -Wextra"

TRACE::2025-07-17.22:21:52::SCWBDomain::"Running Make include in ps7_cortexa9_0/libsrc/uartps_v3_10/src"

TRACE::2025-07-17.22:21:52::SCWBDomain::make -C ps7_cortexa9_0/libsrc/uartps_v3_10/src -s include  "SHELL=CMD" "COMPILER=arm-none-eabi-gcc" "ASSEMBLER=arm-none-eabi-as
TRACE::2025-07-17.22:21:52::SCWBDomain::" "ARCHIVER=arm-none-eabi-ar" "COMPILER_FLAGS=  -O2 -c" "EXTRA_COMPILER_FLAGS=-mcpu=cortex-a9 -mfpu=vfpv3 -mfloat-abi=hard -nos
TRACE::2025-07-17.22:21:52::SCWBDomain::tartfiles -g -Wall -Wextra"

TRACE::2025-07-17.22:21:52::SCWBDomain::"Running Make include in ps7_cortexa9_0/libsrc/xadcps_v2_5/src"

TRACE::2025-07-17.22:21:52::SCWBDomain::make -C ps7_cortexa9_0/libsrc/xadcps_v2_5/src -s include  "SHELL=CMD" "COMPILER=arm-none-eabi-gcc" "ASSEMBLER=arm-none-eabi-as"
TRACE::2025-07-17.22:21:52::SCWBDomain:: "ARCHIVER=arm-none-eabi-ar" "COMPILER_FLAGS=  -O2 -c" "EXTRA_COMPILER_FLAGS=-mcpu=cortex-a9 -mfpu=vfpv3 -mfloat-abi=hard -nost
TRACE::2025-07-17.22:21:52::SCWBDomain::artfiles -g -Wall -Wextra"

TRACE::2025-07-17.22:21:52::SCWBDomain::"Running Make include in ps7_cortexa9_0/libsrc/xilffs_v4_4/src"

TRACE::2025-07-17.22:21:52::SCWBDomain::make -C ps7_cortexa9_0/libsrc/xilffs_v4_4/src -s include  "SHELL=CMD" "COMPILER=arm-none-eabi-gcc" "ASSEMBLER=arm-none-eabi-as"
TRACE::2025-07-17.22:21:52::SCWBDomain:: "ARCHIVER=arm-none-eabi-ar" "COMPILER_FLAGS=  -O2 -c" "EXTRA_COMPILER_FLAGS=-mcpu=cortex-a9 -mfpu=vfpv3 -mfloat-abi=hard -nost
TRACE::2025-07-17.22:21:52::SCWBDomain::artfiles -g -Wall -Wextra"

TRACE::2025-07-17.22:21:52::SCWBDomain::"Running Make include in ps7_cortexa9_0/libsrc/xilrsa_v1_6/src"

TRACE::2025-07-17.22:21:52::SCWBDomain::make -C ps7_cortexa9_0/libsrc/xilrsa_v1_6/src -s include  "SHELL=CMD" "COMPILER=arm-none-eabi-gcc" "ASSEMBLER=arm-none-eabi-as"
TRACE::2025-07-17.22:21:52::SCWBDomain:: "ARCHIVER=arm-none-eabi-ar" "COMPILER_FLAGS=  -O2 -c" "EXTRA_COMPILER_FLAGS=-mcpu=cortex-a9 -mfpu=vfpv3 -mfloat-abi=hard -nost
TRACE::2025-07-17.22:21:52::SCWBDomain::artfiles -g -Wall -Wextra"

TRACE::2025-07-17.22:21:52::SCWBDomain::"Running Make libs in ps7_cortexa9_0/libsrc/arbiter_puf_fpga_v1_0/src"

TRACE::2025-07-17.22:21:52::SCWBDomain::make -C ps7_cortexa9_0/libsrc/arbiter_puf_fpga_v1_0/src -s libs  "SHELL=CMD" "COMPILER=arm-none-eabi-gcc" "ASSEMBLER=arm-none-e
TRACE::2025-07-17.22:21:52::SCWBDomain::abi-as" "ARCHIVER=arm-none-eabi-ar" "COMPILER_FLAGS=  -O2 -c" "EXTRA_COMPILER_FLAGS=-mcpu=cortex-a9 -mfpu=vfpv3 -mfloat-abi=har
TRACE::2025-07-17.22:21:52::SCWBDomain::d -nostartfiles -g -Wall -Wextra"

TRACE::2025-07-17.22:21:52::SCWBDomain::"Running Make libs in ps7_cortexa9_0/libsrc/xilrsa_v1_6/src"

TRACE::2025-07-17.22:21:52::SCWBDomain::make -C ps7_cortexa9_0/libsrc/xilrsa_v1_6/src -s libs  "SHELL=CMD" "COMPILER=arm-none-eabi-gcc" "ASSEMBLER=arm-none-eabi-as" "A
TRACE::2025-07-17.22:21:52::SCWBDomain::RCHIVER=arm-none-eabi-ar" "COMPILER_FLAGS=  -O2 -c" "EXTRA_COMPILER_FLAGS=-mcpu=cortex-a9 -mfpu=vfpv3 -mfloat-abi=hard -nostart
TRACE::2025-07-17.22:21:52::SCWBDomain::files -g -Wall -Wextra"

TRACE::2025-07-17.22:21:52::SCWBDomain::'Finished building libraries sequentially.'

TRACE::2025-07-17.22:21:52::SCWBDomain::make -j --no-print-directory par_libs

TRACE::2025-07-17.22:21:52::SCWBDomain::"Running Make include in ps7_cortexa9_0/libsrc/arbiter_puf_fpga_v1_0/src"

TRACE::2025-07-17.22:21:52::SCWBDomain::"Running Make include in ps7_cortexa9_0/libsrc/coresightps_dcc_v1_8/src"

TRACE::2025-07-17.22:21:52::SCWBDomain::make -C ps7_cortexa9_0/libsrc/arbiter_puf_fpga_v1_0/src -s include  "SHELL=CMD" "COMPILER=arm-none-eabi-gcc" "ASSEMBLER=arm-non
TRACE::2025-07-17.22:21:52::SCWBDomain::e-eabi-as" "ARCHIVER=arm-none-eabi-ar" "COMPILER_FLAGS=  -O2 -c" "EXTRA_COMPILER_FLAGS=-mcpu=cortex-a9 -mfpu=vfpv3 -mfloat-abi=
TRACE::2025-07-17.22:21:52::SCWBDomain::hard -nostartfiles -g -Wall -Wextra"

TRACE::2025-07-17.22:21:52::SCWBDomain::"Running Make include in ps7_cortexa9_0/libsrc/cpu_cortexa9_v2_10/src"

TRACE::2025-07-17.22:21:52::SCWBDomain::make -C ps7_cortexa9_0/libsrc/coresightps_dcc_v1_8/src -s include  "SHELL=CMD" "COMPILER=arm-none-eabi-gcc" "ASSEMBLER=arm-none
TRACE::2025-07-17.22:21:52::SCWBDomain::-eabi-as" "ARCHIVER=arm-none-eabi-ar" "COMPILER_FLAGS=  -O2 -c" "EXTRA_COMPILER_FLAGS=-mcpu=cortex-a9 -mfpu=vfpv3 -mfloat-abi=h
TRACE::2025-07-17.22:21:52::SCWBDomain::ard -nostartfiles -g -Wall -Wextra"

TRACE::2025-07-17.22:21:52::SCWBDomain::make -C ps7_cortexa9_0/libsrc/cpu_cortexa9_v2_10/src -s include  "SHELL=CMD" "COMPILER=arm-none-eabi-gcc" "ASSEMBLER=arm-none-e
TRACE::2025-07-17.22:21:52::SCWBDomain::abi-as" "ARCHIVER=arm-none-eabi-ar" "COMPILER_FLAGS=  -O2 -c" "EXTRA_COMPILER_FLAGS=-mcpu=cortex-a9 -mfpu=vfpv3 -mfloat-abi=har
TRACE::2025-07-17.22:21:52::SCWBDomain::d -nostartfiles -g -Wall -Wextra"

TRACE::2025-07-17.22:21:52::SCWBDomain::"Running Make include in ps7_cortexa9_0/libsrc/ddrps_v1_2/src"

TRACE::2025-07-17.22:21:52::SCWBDomain::"Running Make include in ps7_cortexa9_0/libsrc/devcfg_v3_7/src"

TRACE::2025-07-17.22:21:52::SCWBDomain::make -C ps7_cortexa9_0/libsrc/ddrps_v1_2/src -s include  "SHELL=CMD" "COMPILER=arm-none-eabi-gcc" "ASSEMBLER=arm-none-eabi-as" 
TRACE::2025-07-17.22:21:52::SCWBDomain::"ARCHIVER=arm-none-eabi-ar" "COMPILER_FLAGS=  -O2 -c" "EXTRA_COMPILER_FLAGS=-mcpu=cortex-a9 -mfpu=vfpv3 -mfloat-abi=hard -nosta
TRACE::2025-07-17.22:21:52::SCWBDomain::rtfiles -g -Wall -Wextra"

TRACE::2025-07-17.22:21:52::SCWBDomain::make -C ps7_cortexa9_0/libsrc/devcfg_v3_7/src -s include  "SHELL=CMD" "COMPILER=arm-none-eabi-gcc" "ASSEMBLER=arm-none-eabi-as"
TRACE::2025-07-17.22:21:52::SCWBDomain:: "ARCHIVER=arm-none-eabi-ar" "COMPILER_FLAGS=  -O2 -c" "EXTRA_COMPILER_FLAGS=-mcpu=cortex-a9 -mfpu=vfpv3 -mfloat-abi=hard -nost
TRACE::2025-07-17.22:21:52::SCWBDomain::artfiles -g -Wall -Wextra"

TRACE::2025-07-17.22:21:52::SCWBDomain::"Running Make include in ps7_cortexa9_0/libsrc/dmaps_v2_7/src"

TRACE::2025-07-17.22:21:52::SCWBDomain::make -C ps7_cortexa9_0/libsrc/dmaps_v2_7/src -s include  "SHELL=CMD" "COMPILER=arm-none-eabi-gcc" "ASSEMBLER=arm-none-eabi-as" 
TRACE::2025-07-17.22:21:52::SCWBDomain::"ARCHIVER=arm-none-eabi-ar" "COMPILER_FLAGS=  -O2 -c" "EXTRA_COMPILER_FLAGS=-mcpu=cortex-a9 -mfpu=vfpv3 -mfloat-abi=hard -nosta
TRACE::2025-07-17.22:21:52::SCWBDomain::rtfiles -g -Wall -Wextra"

TRACE::2025-07-17.22:21:52::SCWBDomain::"Running Make include in ps7_cortexa9_0/libsrc/scugic_v4_3/src"

TRACE::2025-07-17.22:21:52::SCWBDomain::make -C ps7_cortexa9_0/libsrc/scugic_v4_3/src -s include  "SHELL=CMD" "COMPILER=arm-none-eabi-gcc" "ASSEMBLER=arm-none-eabi-as"
TRACE::2025-07-17.22:21:52::SCWBDomain:: "ARCHIVER=arm-none-eabi-ar" "COMPILER_FLAGS=  -O2 -c" "EXTRA_COMPILER_FLAGS=-mcpu=cortex-a9 -mfpu=vfpv3 -mfloat-abi=hard -nost
TRACE::2025-07-17.22:21:52::SCWBDomain::artfiles -g -Wall -Wextra"

TRACE::2025-07-17.22:21:52::SCWBDomain::"Running Make include in ps7_cortexa9_0/libsrc/scutimer_v2_3/src"

TRACE::2025-07-17.22:21:52::SCWBDomain::make -C ps7_cortexa9_0/libsrc/scutimer_v2_3/src -s include  "SHELL=CMD" "COMPILER=arm-none-eabi-gcc" "ASSEMBLER=arm-none-eabi-a
TRACE::2025-07-17.22:21:52::SCWBDomain::s" "ARCHIVER=arm-none-eabi-ar" "COMPILER_FLAGS=  -O2 -c" "EXTRA_COMPILER_FLAGS=-mcpu=cortex-a9 -mfpu=vfpv3 -mfloat-abi=hard -no
TRACE::2025-07-17.22:21:52::SCWBDomain::startfiles -g -Wall -Wextra"

TRACE::2025-07-17.22:21:52::SCWBDomain::"Running Make include in ps7_cortexa9_0/libsrc/scuwdt_v2_3/src"

TRACE::2025-07-17.22:21:52::SCWBDomain::"Running Make include in ps7_cortexa9_0/libsrc/standalone_v7_3/src"

TRACE::2025-07-17.22:21:52::SCWBDomain::make -C ps7_cortexa9_0/libsrc/scuwdt_v2_3/src -s include  "SHELL=CMD" "COMPILER=arm-none-eabi-gcc" "ASSEMBLER=arm-none-eabi-as"
TRACE::2025-07-17.22:21:52::SCWBDomain:: "ARCHIVER=arm-none-eabi-ar" "COMPILER_FLAGS=  -O2 -c" "EXTRA_COMPILER_FLAGS=-mcpu=cortex-a9 -mfpu=vfpv3 -mfloat-abi=hard -nost
TRACE::2025-07-17.22:21:52::SCWBDomain::artfiles -g -Wall -Wextra"

TRACE::2025-07-17.22:21:52::SCWBDomain::make -C ps7_cortexa9_0/libsrc/standalone_v7_3/src -s include  "SHELL=CMD" "COMPILER=arm-none-eabi-gcc" "ASSEMBLER=arm-none-eabi
TRACE::2025-07-17.22:21:52::SCWBDomain::-as" "ARCHIVER=arm-none-eabi-ar" "COMPILER_FLAGS=  -O2 -c" "EXTRA_COMPILER_FLAGS=-mcpu=cortex-a9 -mfpu=vfpv3 -mfloat-abi=hard -
TRACE::2025-07-17.22:21:52::SCWBDomain::nostartfiles -g -Wall -Wextra"

TRACE::2025-07-17.22:21:52::SCWBDomain::"Running Make include in ps7_cortexa9_0/libsrc/uartps_v3_10/src"

TRACE::2025-07-17.22:21:52::SCWBDomain::make -C ps7_cortexa9_0/libsrc/uartps_v3_10/src -s include  "SHELL=CMD" "COMPILER=arm-none-eabi-gcc" "ASSEMBLER=arm-none-eabi-as
TRACE::2025-07-17.22:21:52::SCWBDomain::" "ARCHIVER=arm-none-eabi-ar" "COMPILER_FLAGS=  -O2 -c" "EXTRA_COMPILER_FLAGS=-mcpu=cortex-a9 -mfpu=vfpv3 -mfloat-abi=hard -nos
TRACE::2025-07-17.22:21:52::SCWBDomain::tartfiles -g -Wall -Wextra"

TRACE::2025-07-17.22:21:52::SCWBDomain::"Running Make include in ps7_cortexa9_0/libsrc/xadcps_v2_5/src"

TRACE::2025-07-17.22:21:53::SCWBDomain::make -C ps7_cortexa9_0/libsrc/xadcps_v2_5/src -s include  "SHELL=CMD" "COMPILER=arm-none-eabi-gcc" "ASSEMBLER=arm-none-eabi-as"
TRACE::2025-07-17.22:21:53::SCWBDomain:: "ARCHIVER=arm-none-eabi-ar" "COMPILER_FLAGS=  -O2 -c" "EXTRA_COMPILER_FLAGS=-mcpu=cortex-a9 -mfpu=vfpv3 -mfloat-abi=hard -nost
TRACE::2025-07-17.22:21:53::SCWBDomain::artfiles -g -Wall -Wextra"

TRACE::2025-07-17.22:21:53::SCWBDomain::"Running Make include in ps7_cortexa9_0/libsrc/xilffs_v4_4/src"

TRACE::2025-07-17.22:21:53::SCWBDomain::make -C ps7_cortexa9_0/libsrc/xilffs_v4_4/src -s include  "SHELL=CMD" "COMPILER=arm-none-eabi-gcc" "ASSEMBLER=arm-none-eabi-as"
TRACE::2025-07-17.22:21:53::SCWBDomain:: "ARCHIVER=arm-none-eabi-ar" "COMPILER_FLAGS=  -O2 -c" "EXTRA_COMPILER_FLAGS=-mcpu=cortex-a9 -mfpu=vfpv3 -mfloat-abi=hard -nost
TRACE::2025-07-17.22:21:53::SCWBDomain::artfiles -g -Wall -Wextra"

TRACE::2025-07-17.22:21:53::SCWBDomain::"Running Make include in ps7_cortexa9_0/libsrc/xilrsa_v1_6/src"

TRACE::2025-07-17.22:21:53::SCWBDomain::make -C ps7_cortexa9_0/libsrc/xilrsa_v1_6/src -s include  "SHELL=CMD" "COMPILER=arm-none-eabi-gcc" "ASSEMBLER=arm-none-eabi-as"
TRACE::2025-07-17.22:21:53::SCWBDomain:: "ARCHIVER=arm-none-eabi-ar" "COMPILER_FLAGS=  -O2 -c" "EXTRA_COMPILER_FLAGS=-mcpu=cortex-a9 -mfpu=vfpv3 -mfloat-abi=hard -nost
TRACE::2025-07-17.22:21:53::SCWBDomain::artfiles -g -Wall -Wextra"

TRACE::2025-07-17.22:21:53::SCWBDomain::"Running Make libs in ps7_cortexa9_0/libsrc/coresightps_dcc_v1_8/src"

TRACE::2025-07-17.22:21:53::SCWBDomain::"Running Make libs in ps7_cortexa9_0/libsrc/cpu_cortexa9_v2_10/src"

TRACE::2025-07-17.22:21:53::SCWBDomain::"Running Make libs in ps7_cortexa9_0/libsrc/ddrps_v1_2/src"

TRACE::2025-07-17.22:21:53::SCWBDomain::make -C ps7_cortexa9_0/libsrc/coresightps_dcc_v1_8/src -s libs  "SHELL=CMD" "COMPILER=arm-none-eabi-gcc" "ASSEMBLER=arm-none-ea
TRACE::2025-07-17.22:21:53::SCWBDomain::bi-as" "ARCHIVER=arm-none-eabi-ar" "COMPILER_FLAGS=  -O2 -c" "EXTRA_COMPILER_FLAGS=-mcpu=cortex-a9 -mfpu=vfpv3 -mfloat-abi=hard
TRACE::2025-07-17.22:21:53::SCWBDomain:: -nostartfiles -g -Wall -Wextra"

TRACE::2025-07-17.22:21:53::SCWBDomain::make -C ps7_cortexa9_0/libsrc/cpu_cortexa9_v2_10/src -s libs  "SHELL=CMD" "COMPILER=arm-none-eabi-gcc" "ASSEMBLER=arm-none-eabi
TRACE::2025-07-17.22:21:53::SCWBDomain::-as" "ARCHIVER=arm-none-eabi-ar" "COMPILER_FLAGS=  -O2 -c" "EXTRA_COMPILER_FLAGS=-mcpu=cortex-a9 -mfpu=vfpv3 -mfloat-abi=hard -
TRACE::2025-07-17.22:21:53::SCWBDomain::nostartfiles -g -Wall -Wextra"

TRACE::2025-07-17.22:21:53::SCWBDomain::"Running Make libs in ps7_cortexa9_0/libsrc/devcfg_v3_7/src"

TRACE::2025-07-17.22:21:53::SCWBDomain::make -C ps7_cortexa9_0/libsrc/ddrps_v1_2/src -s libs  "SHELL=CMD" "COMPILER=arm-none-eabi-gcc" "ASSEMBLER=arm-none-eabi-as" "AR
TRACE::2025-07-17.22:21:53::SCWBDomain::CHIVER=arm-none-eabi-ar" "COMPILER_FLAGS=  -O2 -c" "EXTRA_COMPILER_FLAGS=-mcpu=cortex-a9 -mfpu=vfpv3 -mfloat-abi=hard -nostartf
TRACE::2025-07-17.22:21:53::SCWBDomain::iles -g -Wall -Wextra"

TRACE::2025-07-17.22:21:53::SCWBDomain::"Running Make libs in ps7_cortexa9_0/libsrc/dmaps_v2_7/src"

TRACE::2025-07-17.22:21:53::SCWBDomain::make -C ps7_cortexa9_0/libsrc/devcfg_v3_7/src -s libs  "SHELL=CMD" "COMPILER=arm-none-eabi-gcc" "ASSEMBLER=arm-none-eabi-as" "A
TRACE::2025-07-17.22:21:53::SCWBDomain::RCHIVER=arm-none-eabi-ar" "COMPILER_FLAGS=  -O2 -c" "EXTRA_COMPILER_FLAGS=-mcpu=cortex-a9 -mfpu=vfpv3 -mfloat-abi=hard -nostart
TRACE::2025-07-17.22:21:53::SCWBDomain::files -g -Wall -Wextra"

TRACE::2025-07-17.22:21:53::SCWBDomain::"Running Make libs in ps7_cortexa9_0/libsrc/scugic_v4_3/src"

TRACE::2025-07-17.22:21:53::SCWBDomain::make -C ps7_cortexa9_0/libsrc/dmaps_v2_7/src -s libs  "SHELL=CMD" "COMPILER=arm-none-eabi-gcc" "ASSEMBLER=arm-none-eabi-as" "AR
TRACE::2025-07-17.22:21:53::SCWBDomain::CHIVER=arm-none-eabi-ar" "COMPILER_FLAGS=  -O2 -c" "EXTRA_COMPILER_FLAGS=-mcpu=cortex-a9 -mfpu=vfpv3 -mfloat-abi=hard -nostartf
TRACE::2025-07-17.22:21:53::SCWBDomain::iles -g -Wall -Wextra"

TRACE::2025-07-17.22:21:53::SCWBDomain::make -C ps7_cortexa9_0/libsrc/scugic_v4_3/src -s libs  "SHELL=CMD" "COMPILER=arm-none-eabi-gcc" "ASSEMBLER=arm-none-eabi-as" "A
TRACE::2025-07-17.22:21:53::SCWBDomain::RCHIVER=arm-none-eabi-ar" "COMPILER_FLAGS=  -O2 -c" "EXTRA_COMPILER_FLAGS=-mcpu=cortex-a9 -mfpu=vfpv3 -mfloat-abi=hard -nostart
TRACE::2025-07-17.22:21:53::SCWBDomain::files -g -Wall -Wextra"

TRACE::2025-07-17.22:21:53::SCWBDomain::"Running Make libs in ps7_cortexa9_0/libsrc/scutimer_v2_3/src"

TRACE::2025-07-17.22:21:53::SCWBDomain::make -C ps7_cortexa9_0/libsrc/scutimer_v2_3/src -s libs  "SHELL=CMD" "COMPILER=arm-none-eabi-gcc" "ASSEMBLER=arm-none-eabi-as" 
TRACE::2025-07-17.22:21:53::SCWBDomain::"ARCHIVER=arm-none-eabi-ar" "COMPILER_FLAGS=  -O2 -c" "EXTRA_COMPILER_FLAGS=-mcpu=cortex-a9 -mfpu=vfpv3 -mfloat-abi=hard -nosta
TRACE::2025-07-17.22:21:53::SCWBDomain::rtfiles -g -Wall -Wextra"

TRACE::2025-07-17.22:21:53::SCWBDomain::"Running Make libs in ps7_cortexa9_0/libsrc/scuwdt_v2_3/src"

TRACE::2025-07-17.22:21:53::SCWBDomain::make -C ps7_cortexa9_0/libsrc/scuwdt_v2_3/src -s libs  "SHELL=CMD" "COMPILER=arm-none-eabi-gcc" "ASSEMBLER=arm-none-eabi-as" "A
TRACE::2025-07-17.22:21:53::SCWBDomain::RCHIVER=arm-none-eabi-ar" "COMPILER_FLAGS=  -O2 -c" "EXTRA_COMPILER_FLAGS=-mcpu=cortex-a9 -mfpu=vfpv3 -mfloat-abi=hard -nostart
TRACE::2025-07-17.22:21:53::SCWBDomain::files -g -Wall -Wextra"

TRACE::2025-07-17.22:21:53::SCWBDomain::"Running Make libs in ps7_cortexa9_0/libsrc/standalone_v7_3/src"

TRACE::2025-07-17.22:21:53::SCWBDomain::"Running Make libs in ps7_cortexa9_0/libsrc/uartps_v3_10/src"

TRACE::2025-07-17.22:21:53::SCWBDomain::make -C ps7_cortexa9_0/libsrc/standalone_v7_3/src -s libs  "SHELL=CMD" "COMPILER=arm-none-eabi-gcc" "ASSEMBLER=arm-none-eabi-as
TRACE::2025-07-17.22:21:53::SCWBDomain::" "ARCHIVER=arm-none-eabi-ar" "COMPILER_FLAGS=  -O2 -c" "EXTRA_COMPILER_FLAGS=-mcpu=cortex-a9 -mfpu=vfpv3 -mfloat-abi=hard -nos
TRACE::2025-07-17.22:21:53::SCWBDomain::tartfiles -g -Wall -Wextra"

TRACE::2025-07-17.22:21:53::SCWBDomain::make -C ps7_cortexa9_0/libsrc/uartps_v3_10/src -s libs  "SHELL=CMD" "COMPILER=arm-none-eabi-gcc" "ASSEMBLER=arm-none-eabi-as" "
TRACE::2025-07-17.22:21:53::SCWBDomain::ARCHIVER=arm-none-eabi-ar" "COMPILER_FLAGS=  -O2 -c" "EXTRA_COMPILER_FLAGS=-mcpu=cortex-a9 -mfpu=vfpv3 -mfloat-abi=hard -nostar
TRACE::2025-07-17.22:21:53::SCWBDomain::tfiles -g -Wall -Wextra"

TRACE::2025-07-17.22:21:53::SCWBDomain::"Running Make libs in ps7_cortexa9_0/libsrc/xadcps_v2_5/src"

TRACE::2025-07-17.22:21:53::SCWBDomain::make -C ps7_cortexa9_0/libsrc/xadcps_v2_5/src -s libs  "SHELL=CMD" "COMPILER=arm-none-eabi-gcc" "ASSEMBLER=arm-none-eabi-as" "A
TRACE::2025-07-17.22:21:53::SCWBDomain::RCHIVER=arm-none-eabi-ar" "COMPILER_FLAGS=  -O2 -c" "EXTRA_COMPILER_FLAGS=-mcpu=cortex-a9 -mfpu=vfpv3 -mfloat-abi=hard -nostart
TRACE::2025-07-17.22:21:53::SCWBDomain::files -g -Wall -Wextra"

TRACE::2025-07-17.22:21:53::SCWBDomain::"Running Make libs in ps7_cortexa9_0/libsrc/xilffs_v4_4/src"

TRACE::2025-07-17.22:21:53::SCWBDomain::make -C ps7_cortexa9_0/libsrc/xilffs_v4_4/src -s libs  "SHELL=CMD" "COMPILER=arm-none-eabi-gcc" "ASSEMBLER=arm-none-eabi-as" "A
TRACE::2025-07-17.22:21:53::SCWBDomain::RCHIVER=arm-none-eabi-ar" "COMPILER_FLAGS=  -O2 -c" "EXTRA_COMPILER_FLAGS=-mcpu=cortex-a9 -mfpu=vfpv3 -mfloat-abi=hard -nostart
TRACE::2025-07-17.22:21:53::SCWBDomain::files -g -Wall -Wextra"

TRACE::2025-07-17.22:21:54::SCWBDomain::'Finished building libraries parallelly.'

TRACE::2025-07-17.22:21:54::SCWBDomain::make --no-print-directory archive

TRACE::2025-07-17.22:21:54::SCWBDomain::arm-none-eabi-ar -r  ps7_cortexa9_0/lib/libxil.a ps7_cortexa9_0/lib/xadcps_selftest.o ps7_cortexa9_0/lib/kill.o ps7_cortexa9_0/
TRACE::2025-07-17.22:21:54::SCWBDomain::lib/xscuwdt_g.o ps7_cortexa9_0/lib/xplatform_info.o ps7_cortexa9_0/lib/print.o ps7_cortexa9_0/lib/_exit.o ps7_cortexa9_0/lib/xi
TRACE::2025-07-17.22:21:54::SCWBDomain::l_testio.o ps7_cortexa9_0/lib/isatty.o ps7_cortexa9_0/lib/sleep.o ps7_cortexa9_0/lib/boot.o ps7_cortexa9_0/lib/xdevcfg_hw.o ps7
TRACE::2025-07-17.22:21:54::SCWBDomain::_cortexa9_0/lib/xadcps_intr.o ps7_cortexa9_0/lib/xpm_counter.o ps7_cortexa9_0/lib/xdmaps_g.o ps7_cortexa9_0/lib/xscutimer_g.o p
TRACE::2025-07-17.22:21:54::SCWBDomain::s7_cortexa9_0/lib/xdmaps_sinit.o ps7_cortexa9_0/lib/xscutimer_sinit.o ps7_cortexa9_0/lib/xil_cache.o ps7_cortexa9_0/lib/xil_uti
TRACE::2025-07-17.22:21:54::SCWBDomain::l.o ps7_cortexa9_0/lib/inbyte.o ps7_cortexa9_0/lib/xdmaps_selftest.o ps7_cortexa9_0/lib/xscutimer_selftest.o ps7_cortexa9_0/lib
TRACE::2025-07-17.22:21:54::SCWBDomain::/xil_misc_psreset_api.o ps7_cortexa9_0/lib/cpputest_time.o ps7_cortexa9_0/lib/close.o ps7_cortexa9_0/lib/xuartps_g.o ps7_cortex
TRACE::2025-07-17.22:21:54::SCWBDomain::a9_0/lib/xscugic_hw.o ps7_cortexa9_0/lib/translation_table.o ps7_cortexa9_0/lib/write.o ps7_cortexa9_0/lib/xil_mem.o ps7_cortex
TRACE::2025-07-17.22:21:54::SCWBDomain::a9_0/lib/cpu_init.o ps7_cortexa9_0/lib/xscugic_g.o ps7_cortexa9_0/lib/usleep.o ps7_cortexa9_0/lib/xuartps_sinit.o ps7_cortexa9_
TRACE::2025-07-17.22:21:54::SCWBDomain::0/lib/xil_sleepcommon.o ps7_cortexa9_0/lib/xil_printf.o ps7_cortexa9_0/lib/unlink.o ps7_cortexa9_0/lib/xadcps.o ps7_cortexa9_0/
TRACE::2025-07-17.22:21:54::SCWBDomain::lib/xdmaps_hw.o ps7_cortexa9_0/lib/xscugic_intr.o ps7_cortexa9_0/lib/xscugic_sinit.o ps7_cortexa9_0/lib/xil_sleeptimer.o ps7_co
TRACE::2025-07-17.22:21:54::SCWBDomain::rtexa9_0/lib/fcntl.o ps7_cortexa9_0/lib/open.o ps7_cortexa9_0/lib/outbyte.o ps7_cortexa9_0/lib/xuartps_selftest.o ps7_cortexa9_
TRACE::2025-07-17.22:21:54::SCWBDomain::0/lib/xuartps_hw.o ps7_cortexa9_0/lib/read.o ps7_cortexa9_0/lib/xtime_l.o ps7_cortexa9_0/lib/xl2cc_counter.o ps7_cortexa9_0/lib
TRACE::2025-07-17.22:21:54::SCWBDomain::/asm_vectors.o ps7_cortexa9_0/lib/xdevcfg_intr.o ps7_cortexa9_0/lib/abort.o ps7_cortexa9_0/lib/xdevcfg_g.o ps7_cortexa9_0/lib/x
TRACE::2025-07-17.22:21:54::SCWBDomain::uartps_intr.o ps7_cortexa9_0/lib/xuartps.o ps7_cortexa9_0/lib/getpid.o ps7_cortexa9_0/lib/xil_testcache.o ps7_cortexa9_0/lib/xd
TRACE::2025-07-17.22:21:54::SCWBDomain::evcfg_sinit.o ps7_cortexa9_0/lib/xdmaps.o ps7_cortexa9_0/lib/xscutimer.o ps7_cortexa9_0/lib/xscuwdt.o ps7_cortexa9_0/lib/xdevcf
TRACE::2025-07-17.22:21:54::SCWBDomain::g_selftest.o ps7_cortexa9_0/lib/_sbrk.o ps7_cortexa9_0/lib/xscuwdt_sinit.o ps7_cortexa9_0/lib/sbrk.o ps7_cortexa9_0/lib/fstat.o
TRACE::2025-07-17.22:21:54::SCWBDomain:: ps7_cortexa9_0/lib/errno.o ps7_cortexa9_0/lib/lseek.o ps7_cortexa9_0/lib/xuartps_options.o ps7_cortexa9_0/lib/vectors.o ps7_co
TRACE::2025-07-17.22:21:54::SCWBDomain::rtexa9_0/lib/xil_exception.o ps7_cortexa9_0/lib/xil_testmem.o ps7_cortexa9_0/lib/putnum.o ps7_cortexa9_0/lib/xil_clocking.o ps7
TRACE::2025-07-17.22:21:54::SCWBDomain::_cortexa9_0/lib/xil_assert.o ps7_cortexa9_0/lib/xscuwdt_selftest.o ps7_cortexa9_0/lib/xcoresightpsdcc.o ps7_cortexa9_0/lib/xscu
TRACE::2025-07-17.22:21:54::SCWBDomain::gic.o ps7_cortexa9_0/lib/xadcps_g.o ps7_cortexa9_0/lib/xscugic_selftest.o ps7_cortexa9_0/lib/xil-crt0.o ps7_cortexa9_0/lib/xadc
TRACE::2025-07-17.22:21:54::SCWBDomain::ps_sinit.o ps7_cortexa9_0/lib/xil_mmu.o ps7_cortexa9_0/lib/_open.o ps7_cortexa9_0/lib/xdevcfg.o

TRACE::2025-07-17.22:21:54::SCWBDomain::'Finished building libraries'

TRACE::2025-07-17.22:21:54::SCWBDomain::make: Leaving directory 'C:/AB/xilinxvivado/projects/arbiter-PUF-FPGA/new_workspace/platform/zynq_fsbl/zynq_fsbl_bsp'

TRACE::2025-07-17.22:21:54::SCWBDomain::arm-none-eabi-gcc -MMD -MP       -mcpu=cortex-a9 -mfpu=vfpv3 -mfloat-abi=hard   -O2 -c -c sd.c -o sd.o -Izynq_fsbl_bsp/ps7_cort
TRACE::2025-07-17.22:21:54::SCWBDomain::exa9_0/include -I.

TRACE::2025-07-17.22:21:54::SCWBDomain::arm-none-eabi-gcc -MMD -MP       -mcpu=cortex-a9 -mfpu=vfpv3 -mfloat-abi=hard   -O2 -c -c nand.c -o nand.o -Izynq_fsbl_bsp/ps7_
TRACE::2025-07-17.22:21:54::SCWBDomain::cortexa9_0/include -I.

TRACE::2025-07-17.22:21:54::SCWBDomain::arm-none-eabi-gcc -MMD -MP       -mcpu=cortex-a9 -mfpu=vfpv3 -mfloat-abi=hard   -O2 -c -c nor.c -o nor.o -Izynq_fsbl_bsp/ps7_co
TRACE::2025-07-17.22:21:54::SCWBDomain::rtexa9_0/include -I.

TRACE::2025-07-17.22:21:54::SCWBDomain::arm-none-eabi-gcc -MMD -MP       -mcpu=cortex-a9 -mfpu=vfpv3 -mfloat-abi=hard   -O2 -c -c image_mover.c -o image_mover.o -Izynq
TRACE::2025-07-17.22:21:54::SCWBDomain::_fsbl_bsp/ps7_cortexa9_0/include -I.

TRACE::2025-07-17.22:21:54::SCWBDomain::arm-none-eabi-gcc -MMD -MP       -mcpu=cortex-a9 -mfpu=vfpv3 -mfloat-abi=hard   -O2 -c -c md5.c -o md5.o -Izynq_fsbl_bsp/ps7_co
TRACE::2025-07-17.22:21:54::SCWBDomain::rtexa9_0/include -I.

TRACE::2025-07-17.22:21:54::SCWBDomain::arm-none-eabi-gcc -MMD -MP       -mcpu=cortex-a9 -mfpu=vfpv3 -mfloat-abi=hard   -O2 -c -c fsbl_hooks.c -o fsbl_hooks.o -Izynq_f
TRACE::2025-07-17.22:21:54::SCWBDomain::sbl_bsp/ps7_cortexa9_0/include -I.

TRACE::2025-07-17.22:21:54::SCWBDomain::arm-none-eabi-gcc -MMD -MP       -mcpu=cortex-a9 -mfpu=vfpv3 -mfloat-abi=hard   -O2 -c -c main.c -o main.o -Izynq_fsbl_bsp/ps7_
TRACE::2025-07-17.22:21:54::SCWBDomain::cortexa9_0/include -I.

TRACE::2025-07-17.22:21:54::SCWBDomain::arm-none-eabi-gcc -MMD -MP       -mcpu=cortex-a9 -mfpu=vfpv3 -mfloat-abi=hard   -O2 -c -c rsa.c -o rsa.o -Izynq_fsbl_bsp/ps7_co
TRACE::2025-07-17.22:21:54::SCWBDomain::rtexa9_0/include -I.

TRACE::2025-07-17.22:21:54::SCWBDomain::arm-none-eabi-gcc -MMD -MP       -mcpu=cortex-a9 -mfpu=vfpv3 -mfloat-abi=hard   -O2 -c -c qspi.c -o qspi.o -Izynq_fsbl_bsp/ps7_
TRACE::2025-07-17.22:21:54::SCWBDomain::cortexa9_0/include -I.

TRACE::2025-07-17.22:21:54::SCWBDomain::arm-none-eabi-gcc -MMD -MP       -mcpu=cortex-a9 -mfpu=vfpv3 -mfloat-abi=hard   -O2 -c -c ps7_init.c -o ps7_init.o -Izynq_fsbl_
TRACE::2025-07-17.22:21:54::SCWBDomain::bsp/ps7_cortexa9_0/include -I.

TRACE::2025-07-17.22:21:55::SCWBDomain::arm-none-eabi-gcc -MMD -MP       -mcpu=cortex-a9 -mfpu=vfpv3 -mfloat-abi=hard   -O2 -c -c pcap.c -o pcap.o -Izynq_fsbl_bsp/ps7_
TRACE::2025-07-17.22:21:55::SCWBDomain::cortexa9_0/include -I.

TRACE::2025-07-17.22:21:55::SCWBDomain::arm-none-eabi-gcc -MMD -MP       -mcpu=cortex-a9 -mfpu=vfpv3 -mfloat-abi=hard   -O2 -c -c fsbl_handoff.S -o fsbl_handoff.o -Izy
TRACE::2025-07-17.22:21:55::SCWBDomain::nq_fsbl_bsp/ps7_cortexa9_0/include -I.

TRACE::2025-07-17.22:21:55::SCWBDomain::arm-none-eabi-gcc -o fsbl.elf  sd.o  nand.o  nor.o  image_mover.o  md5.o  fsbl_hooks.o  main.o  rsa.o  qspi.o  ps7_init.o  pcap
TRACE::2025-07-17.22:21:55::SCWBDomain::.o  fsbl_handoff.o -MMD -MP       -mcpu=cortex-a9 -mfpu=vfpv3 -mfloat-abi=hard   -mcpu=cortex-a9 -mfpu=vfpv3 -mfloat-abi=hard -
TRACE::2025-07-17.22:21:55::SCWBDomain::Wl,-build-id=none -specs=Xilinx.spec  -lrsa -Wl,--start-group,-lxil,-lgcc,-lc,--end-group -Wl,--start-group,-lxilffs,-lxil,-lgc
TRACE::2025-07-17.22:21:55::SCWBDomain::c,-lc,--end-group -Wl,--start-group,-lrsa,-lxil,-lgcc,-lc,--end-group                              -Wl,--gc-sections -Lzynq_fsb
TRACE::2025-07-17.22:21:55::SCWBDomain::l_bsp/ps7_cortexa9_0/lib -L./ -Tlscript.ld

LOG::2025-07-17.22:21:55::SCWSystem::Checking the domain standalone_domain
LOG::2025-07-17.22:21:55::SCWSystem::Not a boot domain 
LOG::2025-07-17.22:21:55::SCWSystem::Started Processing the domain standalone_domain
TRACE::2025-07-17.22:21:55::SCWDomain::Generating domain artifcats
TRACE::2025-07-17.22:21:55::SCWMssOS::Generating standalone artifcats
TRACE::2025-07-17.22:21:55::SCWMssOS::Copying the qemu file from  C:/AB/xilinxvivado/Vitis/2020.2/data/emulation/platforms/zynq/sw/a9_standalone/qemu/qemu_args.txt To C:/AB/xilinxvivado/projects/arbiter-PUF-FPGA/new_workspace/platform/export/platform/sw/platform/qemu/
TRACE::2025-07-17.22:21:55::SCWMssOS::Copying the qemu file from  C:/AB/xilinxvivado/Vitis/2020.2/data/emulation/platforms/zynq/sw/a9_standalone/qemu/qemu_args.txt To C:/AB/xilinxvivado/projects/arbiter-PUF-FPGA/new_workspace/platform/export/platform/sw/platform/standalone_domain/qemu/
TRACE::2025-07-17.22:21:55::SCWMssOS:: Copying the user libraries. 
TRACE::2025-07-17.22:21:55::SCWPlatform::Trying to open the hw design at C:/AB/xilinxvivado/projects/arbiter-PUF-FPGA/new_workspace/platform/hw/design_2_wrapper_final_2.xsa
TRACE::2025-07-17.22:21:55::SCWPlatform::DSA given C:/AB/xilinxvivado/projects/arbiter-PUF-FPGA/new_workspace/platform/hw/design_2_wrapper_final_2.xsa
TRACE::2025-07-17.22:21:55::SCWPlatform::DSA absoulate path C:/AB/xilinxvivado/projects/arbiter-PUF-FPGA/new_workspace/platform/hw/design_2_wrapper_final_2.xsa
TRACE::2025-07-17.22:21:55::SCWPlatform::DSA directory C:/AB/xilinxvivado/projects/arbiter-PUF-FPGA/new_workspace/platform/hw
TRACE::2025-07-17.22:21:55::SCWPlatform:: Platform Path C:/AB/xilinxvivado/projects/arbiter-PUF-FPGA/new_workspace/platform/hw/design_2_wrapper_final_2.xsa
TRACE::2025-07-17.22:21:55::SCWPlatform:: Unique name xilinx:::0.0
TRACE::2025-07-17.22:21:55::SCWPlatform::Trying to set the existing hwdb with name design_2_wrapper_1
TRACE::2025-07-17.22:21:55::SCWPlatform::Opened existing hwdb design_2_wrapper_1
TRACE::2025-07-17.22:21:55::SCWPlatform::Found the Hw Db part of the input DSA
TRACE::2025-07-17.22:21:55::SCWMssOS::Checking the sw design at  C:/AB/xilinxvivado/projects/arbiter-PUF-FPGA/new_workspace/platform/ps7_cortexa9_0/standalone_domain/bsp/system.mss
TRACE::2025-07-17.22:21:55::SCWMssOS::DEBUG:  swdes dump  C:/AB/xilinxvivado/projects/arbiter-PUF-FPGA/new_workspace/platform/ps7_cortexa9_0/standalone_domain/bsp/system.mss|system_0||
C:/AB/xilinxvivado/projects/arbiter-PUF-FPGA/new_workspace/platform/zynq_fsbl/zynq_fsbl_bsp/system.mss|system||

TRACE::2025-07-17.22:21:55::SCWMssOS::Sw design exists and opened at  C:/AB/xilinxvivado/projects/arbiter-PUF-FPGA/new_workspace/platform/ps7_cortexa9_0/standalone_domain/bsp/system.mss
TRACE::2025-07-17.22:21:55::SCWMssOS::Completed writing the mss file at C:/AB/xilinxvivado/projects/arbiter-PUF-FPGA/new_workspace/platform/ps7_cortexa9_0/standalone_domain/bsp
TRACE::2025-07-17.22:21:55::SCWMssOS::Mss edits present, copying mssfile into export location C:/AB/xilinxvivado/projects/arbiter-PUF-FPGA/new_workspace/platform/ps7_cortexa9_0/standalone_domain/bsp/system.mss
TRACE::2025-07-17.22:21:55::SCWMssOS::bsp generated is upto date with the mss file. Skipping bsp generation.
TRACE::2025-07-17.22:21:55::SCWMssOS::BSP is already built. skipping the bsp build ... 
TRACE::2025-07-17.22:21:55::SCWDomain::Building the domain as part of full build :  standalone_domain
TRACE::2025-07-17.22:21:55::SCWMssOS::doing bsp build ... 
TRACE::2025-07-17.22:21:55::SCWMssOS::System Command Ran  C: & cd  C:/AB/xilinxvivado/projects/arbiter-PUF-FPGA/new_workspace/platform/ps7_cortexa9_0/standalone_domain/bsp & make 
TRACE::2025-07-17.22:21:55::SCWMssOS::make --no-print-directory seq_libs

TRACE::2025-07-17.22:21:55::SCWMssOS::"Running Make include in ps7_cortexa9_0/libsrc/arbiter_puf_fpga_v1_0/src"

TRACE::2025-07-17.22:21:55::SCWMssOS::make -C ps7_cortexa9_0/libsrc/arbiter_puf_fpga_v1_0/src -s include  "SHELL=CMD" "COMPILER=arm-none-eabi-gcc" "ASSEMBLER=arm-non
TRACE::2025-07-17.22:21:55::SCWMssOS::e-eabi-as" "ARCHIVER=arm-none-eabi-ar" "COMPILER_FLAGS=  -O2 -c" "EXTRA_COMPILER_FLAGS=-mcpu=cortex-a9 -mfpu=vfpv3 -mfloat-abi=
TRACE::2025-07-17.22:21:55::SCWMssOS::hard -nostartfiles -g -Wall -Wextra"

TRACE::2025-07-17.22:21:55::SCWMssOS::"Running Make include in ps7_cortexa9_0/libsrc/coresightps_dcc_v1_8/src"

TRACE::2025-07-17.22:21:55::SCWMssOS::make -C ps7_cortexa9_0/libsrc/coresightps_dcc_v1_8/src -s include  "SHELL=CMD" "COMPILER=arm-none-eabi-gcc" "ASSEMBLER=arm-none
TRACE::2025-07-17.22:21:55::SCWMssOS::-eabi-as" "ARCHIVER=arm-none-eabi-ar" "COMPILER_FLAGS=  -O2 -c" "EXTRA_COMPILER_FLAGS=-mcpu=cortex-a9 -mfpu=vfpv3 -mfloat-abi=h
TRACE::2025-07-17.22:21:55::SCWMssOS::ard -nostartfiles -g -Wall -Wextra"

TRACE::2025-07-17.22:21:55::SCWMssOS::"Running Make include in ps7_cortexa9_0/libsrc/cpu_cortexa9_v2_10/src"

TRACE::2025-07-17.22:21:55::SCWMssOS::make -C ps7_cortexa9_0/libsrc/cpu_cortexa9_v2_10/src -s include  "SHELL=CMD" "COMPILER=arm-none-eabi-gcc" "ASSEMBLER=arm-none-e
TRACE::2025-07-17.22:21:55::SCWMssOS::abi-as" "ARCHIVER=arm-none-eabi-ar" "COMPILER_FLAGS=  -O2 -c" "EXTRA_COMPILER_FLAGS=-mcpu=cortex-a9 -mfpu=vfpv3 -mfloat-abi=har
TRACE::2025-07-17.22:21:55::SCWMssOS::d -nostartfiles -g -Wall -Wextra"

TRACE::2025-07-17.22:21:55::SCWMssOS::"Running Make include in ps7_cortexa9_0/libsrc/ddrps_v1_2/src"

TRACE::2025-07-17.22:21:55::SCWMssOS::make -C ps7_cortexa9_0/libsrc/ddrps_v1_2/src -s include  "SHELL=CMD" "COMPILER=arm-none-eabi-gcc" "ASSEMBLER=arm-none-eabi-as" 
TRACE::2025-07-17.22:21:55::SCWMssOS::"ARCHIVER=arm-none-eabi-ar" "COMPILER_FLAGS=  -O2 -c" "EXTRA_COMPILER_FLAGS=-mcpu=cortex-a9 -mfpu=vfpv3 -mfloat-abi=hard -nosta
TRACE::2025-07-17.22:21:55::SCWMssOS::rtfiles -g -Wall -Wextra"

TRACE::2025-07-17.22:21:55::SCWMssOS::"Running Make include in ps7_cortexa9_0/libsrc/devcfg_v3_7/src"

TRACE::2025-07-17.22:21:55::SCWMssOS::make -C ps7_cortexa9_0/libsrc/devcfg_v3_7/src -s include  "SHELL=CMD" "COMPILER=arm-none-eabi-gcc" "ASSEMBLER=arm-none-eabi-as"
TRACE::2025-07-17.22:21:55::SCWMssOS:: "ARCHIVER=arm-none-eabi-ar" "COMPILER_FLAGS=  -O2 -c" "EXTRA_COMPILER_FLAGS=-mcpu=cortex-a9 -mfpu=vfpv3 -mfloat-abi=hard -nost
TRACE::2025-07-17.22:21:55::SCWMssOS::artfiles -g -Wall -Wextra"

TRACE::2025-07-17.22:21:55::SCWMssOS::"Running Make include in ps7_cortexa9_0/libsrc/dmaps_v2_7/src"

TRACE::2025-07-17.22:21:55::SCWMssOS::make -C ps7_cortexa9_0/libsrc/dmaps_v2_7/src -s include  "SHELL=CMD" "COMPILER=arm-none-eabi-gcc" "ASSEMBLER=arm-none-eabi-as" 
TRACE::2025-07-17.22:21:55::SCWMssOS::"ARCHIVER=arm-none-eabi-ar" "COMPILER_FLAGS=  -O2 -c" "EXTRA_COMPILER_FLAGS=-mcpu=cortex-a9 -mfpu=vfpv3 -mfloat-abi=hard -nosta
TRACE::2025-07-17.22:21:55::SCWMssOS::rtfiles -g -Wall -Wextra"

TRACE::2025-07-17.22:21:55::SCWMssOS::"Running Make include in ps7_cortexa9_0/libsrc/scugic_v4_3/src"

TRACE::2025-07-17.22:21:55::SCWMssOS::make -C ps7_cortexa9_0/libsrc/scugic_v4_3/src -s include  "SHELL=CMD" "COMPILER=arm-none-eabi-gcc" "ASSEMBLER=arm-none-eabi-as"
TRACE::2025-07-17.22:21:55::SCWMssOS:: "ARCHIVER=arm-none-eabi-ar" "COMPILER_FLAGS=  -O2 -c" "EXTRA_COMPILER_FLAGS=-mcpu=cortex-a9 -mfpu=vfpv3 -mfloat-abi=hard -nost
TRACE::2025-07-17.22:21:55::SCWMssOS::artfiles -g -Wall -Wextra"

TRACE::2025-07-17.22:21:55::SCWMssOS::"Running Make include in ps7_cortexa9_0/libsrc/scutimer_v2_3/src"

TRACE::2025-07-17.22:21:55::SCWMssOS::make -C ps7_cortexa9_0/libsrc/scutimer_v2_3/src -s include  "SHELL=CMD" "COMPILER=arm-none-eabi-gcc" "ASSEMBLER=arm-none-eabi-a
TRACE::2025-07-17.22:21:55::SCWMssOS::s" "ARCHIVER=arm-none-eabi-ar" "COMPILER_FLAGS=  -O2 -c" "EXTRA_COMPILER_FLAGS=-mcpu=cortex-a9 -mfpu=vfpv3 -mfloat-abi=hard -no
TRACE::2025-07-17.22:21:55::SCWMssOS::startfiles -g -Wall -Wextra"

TRACE::2025-07-17.22:21:55::SCWMssOS::"Running Make include in ps7_cortexa9_0/libsrc/scuwdt_v2_3/src"

TRACE::2025-07-17.22:21:55::SCWMssOS::make -C ps7_cortexa9_0/libsrc/scuwdt_v2_3/src -s include  "SHELL=CMD" "COMPILER=arm-none-eabi-gcc" "ASSEMBLER=arm-none-eabi-as"
TRACE::2025-07-17.22:21:55::SCWMssOS:: "ARCHIVER=arm-none-eabi-ar" "COMPILER_FLAGS=  -O2 -c" "EXTRA_COMPILER_FLAGS=-mcpu=cortex-a9 -mfpu=vfpv3 -mfloat-abi=hard -nost
TRACE::2025-07-17.22:21:55::SCWMssOS::artfiles -g -Wall -Wextra"

TRACE::2025-07-17.22:21:55::SCWMssOS::"Running Make include in ps7_cortexa9_0/libsrc/standalone_v7_3/src"

TRACE::2025-07-17.22:21:55::SCWMssOS::make -C ps7_cortexa9_0/libsrc/standalone_v7_3/src -s include  "SHELL=CMD" "COMPILER=arm-none-eabi-gcc" "ASSEMBLER=arm-none-eabi
TRACE::2025-07-17.22:21:55::SCWMssOS::-as" "ARCHIVER=arm-none-eabi-ar" "COMPILER_FLAGS=  -O2 -c" "EXTRA_COMPILER_FLAGS=-mcpu=cortex-a9 -mfpu=vfpv3 -mfloat-abi=hard -
TRACE::2025-07-17.22:21:55::SCWMssOS::nostartfiles -g -Wall -Wextra"

TRACE::2025-07-17.22:21:56::SCWMssOS::"Running Make include in ps7_cortexa9_0/libsrc/uartps_v3_10/src"

TRACE::2025-07-17.22:21:56::SCWMssOS::make -C ps7_cortexa9_0/libsrc/uartps_v3_10/src -s include  "SHELL=CMD" "COMPILER=arm-none-eabi-gcc" "ASSEMBLER=arm-none-eabi-as
TRACE::2025-07-17.22:21:56::SCWMssOS::" "ARCHIVER=arm-none-eabi-ar" "COMPILER_FLAGS=  -O2 -c" "EXTRA_COMPILER_FLAGS=-mcpu=cortex-a9 -mfpu=vfpv3 -mfloat-abi=hard -nos
TRACE::2025-07-17.22:21:56::SCWMssOS::tartfiles -g -Wall -Wextra"

TRACE::2025-07-17.22:21:56::SCWMssOS::"Running Make include in ps7_cortexa9_0/libsrc/xadcps_v2_5/src"

TRACE::2025-07-17.22:21:56::SCWMssOS::make -C ps7_cortexa9_0/libsrc/xadcps_v2_5/src -s include  "SHELL=CMD" "COMPILER=arm-none-eabi-gcc" "ASSEMBLER=arm-none-eabi-as"
TRACE::2025-07-17.22:21:56::SCWMssOS:: "ARCHIVER=arm-none-eabi-ar" "COMPILER_FLAGS=  -O2 -c" "EXTRA_COMPILER_FLAGS=-mcpu=cortex-a9 -mfpu=vfpv3 -mfloat-abi=hard -nost
TRACE::2025-07-17.22:21:56::SCWMssOS::artfiles -g -Wall -Wextra"

TRACE::2025-07-17.22:21:56::SCWMssOS::"Running Make libs in ps7_cortexa9_0/libsrc/arbiter_puf_fpga_v1_0/src"

TRACE::2025-07-17.22:21:56::SCWMssOS::make -C ps7_cortexa9_0/libsrc/arbiter_puf_fpga_v1_0/src -s libs  "SHELL=CMD" "COMPILER=arm-none-eabi-gcc" "ASSEMBLER=arm-none-e
TRACE::2025-07-17.22:21:56::SCWMssOS::abi-as" "ARCHIVER=arm-none-eabi-ar" "COMPILER_FLAGS=  -O2 -c" "EXTRA_COMPILER_FLAGS=-mcpu=cortex-a9 -mfpu=vfpv3 -mfloat-abi=har
TRACE::2025-07-17.22:21:56::SCWMssOS::d -nostartfiles -g -Wall -Wextra"

TRACE::2025-07-17.22:21:56::SCWMssOS::"--- Using corrected repository Makefile to build custom IP driver ---"

ERROR::2025-07-17.22:21:56::SCWMssOS::Failed to build  the bsp sources for domain - standalone_domain
ERROR::2025-07-17.22:21:56::SCWSystem::Error in Processing the domain standalone_domain
TRACE::2025-07-17.22:29:53::SCWBDomain::System Command Ran  C:&  cd  C:/AB/xilinxvivado/projects/arbiter-PUF-FPGA/new_workspace/platform/zynq_fsbl & make clean
TRACE::2025-07-17.22:29:53::SCWBDomain::rm -rf  sd.o  nand.o  image_mover.o  md5.o  fsbl_hooks.o  main.o  nor.o  qspi.o  rsa.o  ps7_init.o  pcap.o  fsbl_handoff.o zynq
TRACE::2025-07-17.22:29:53::SCWBDomain::_fsbl_bsp/ps7_cortexa9_0/lib/libxil.a fsbl.elf *.o

TRACE::2025-07-17.22:29:53::SCWBDomain::System Command Ran  C:&  cd  C:/AB/xilinxvivado/projects/arbiter-PUF-FPGA/new_workspace/platform/zynq_fsbl/zynq_fsbl_bsp & make clean
TRACE::2025-07-17.22:29:53::SCWBDomain::make -C ps7_cortexa9_0/libsrc/arbiter_puf_fpga_v1_0/src -s clean 

TRACE::2025-07-17.22:29:53::SCWBDomain::make -C ps7_cortexa9_0/libsrc/coresightps_dcc_v1_8/src -s clean 

TRACE::2025-07-17.22:29:53::SCWBDomain::make -C ps7_cortexa9_0/libsrc/cpu_cortexa9_v2_10/src -s clean 

TRACE::2025-07-17.22:29:53::SCWBDomain::make -C ps7_cortexa9_0/libsrc/ddrps_v1_2/src -s clean 

TRACE::2025-07-17.22:29:53::SCWBDomain::make -C ps7_cortexa9_0/libsrc/devcfg_v3_7/src -s clean 

TRACE::2025-07-17.22:29:54::SCWBDomain::make -C ps7_cortexa9_0/libsrc/dmaps_v2_7/src -s clean 

TRACE::2025-07-17.22:29:54::SCWBDomain::make -C ps7_cortexa9_0/libsrc/scugic_v4_3/src -s clean 

TRACE::2025-07-17.22:29:54::SCWBDomain::make -C ps7_cortexa9_0/libsrc/scutimer_v2_3/src -s clean 

TRACE::2025-07-17.22:29:54::SCWBDomain::make -C ps7_cortexa9_0/libsrc/scuwdt_v2_3/src -s clean 

TRACE::2025-07-17.22:29:54::SCWBDomain::make -C ps7_cortexa9_0/libsrc/standalone_v7_3/src -s clean 

TRACE::2025-07-17.22:29:54::SCWBDomain::make -C ps7_cortexa9_0/libsrc/uartps_v3_10/src -s clean 

TRACE::2025-07-17.22:29:54::SCWBDomain::make -C ps7_cortexa9_0/libsrc/xadcps_v2_5/src -s clean 

TRACE::2025-07-17.22:29:54::SCWBDomain::make -C ps7_cortexa9_0/libsrc/xilffs_v4_4/src -s clean 

TRACE::2025-07-17.22:29:54::SCWBDomain::make -C ps7_cortexa9_0/libsrc/xilrsa_v1_6/src -s clean 

TRACE::2025-07-17.22:29:54::SCWBDomain::rm -f ps7_cortexa9_0/lib/libxil.a

TRACE::2025-07-17.22:29:55::SCWMssOS::cleaning the bsp 
TRACE::2025-07-17.22:29:55::SCWMssOS::System Command Ran  C: & cd  C:/AB/xilinxvivado/projects/arbiter-PUF-FPGA/new_workspace/platform/ps7_cortexa9_0/standalone_domain/bsp & make clean 
TRACE::2025-07-17.22:29:55::SCWMssOS::make -C ps7_cortexa9_0/libsrc/arbiter_puf_fpga_v1_0/src -s clean 

TRACE::2025-07-17.22:29:55::SCWMssOS::make -C ps7_cortexa9_0/libsrc/coresightps_dcc_v1_8/src -s clean 

TRACE::2025-07-17.22:29:55::SCWMssOS::make -C ps7_cortexa9_0/libsrc/cpu_cortexa9_v2_10/src -s clean 

TRACE::2025-07-17.22:29:55::SCWMssOS::make -C ps7_cortexa9_0/libsrc/ddrps_v1_2/src -s clean 

TRACE::2025-07-17.22:29:55::SCWMssOS::make -C ps7_cortexa9_0/libsrc/devcfg_v3_7/src -s clean 

TRACE::2025-07-17.22:29:55::SCWMssOS::make -C ps7_cortexa9_0/libsrc/dmaps_v2_7/src -s clean 

TRACE::2025-07-17.22:29:55::SCWMssOS::make -C ps7_cortexa9_0/libsrc/scugic_v4_3/src -s clean 

TRACE::2025-07-17.22:29:55::SCWMssOS::make -C ps7_cortexa9_0/libsrc/scutimer_v2_3/src -s clean 

TRACE::2025-07-17.22:29:55::SCWMssOS::make -C ps7_cortexa9_0/libsrc/scuwdt_v2_3/src -s clean 

TRACE::2025-07-17.22:29:55::SCWMssOS::make -C ps7_cortexa9_0/libsrc/standalone_v7_3/src -s clean 

TRACE::2025-07-17.22:29:55::SCWMssOS::make -C ps7_cortexa9_0/libsrc/uartps_v3_10/src -s clean 

TRACE::2025-07-17.22:29:55::SCWMssOS::make -C ps7_cortexa9_0/libsrc/xadcps_v2_5/src -s clean 

TRACE::2025-07-17.22:29:55::SCWMssOS::rm -f ps7_cortexa9_0/lib/libxil.a

LOG::2025-07-17.22:30:03::SCWPlatform::Started generating the artifacts platform platform
TRACE::2025-07-17.22:30:03::SCWPlatform::Sanity checking of platform is completed
LOG::2025-07-17.22:30:03::SCWPlatform::Started generating the artifacts for system configuration platform
LOG::2025-07-17.22:30:03::SCWSystem::Checking the domain zynq_fsbl
LOG::2025-07-17.22:30:03::SCWSystem::Doing application build for :  zynq_fsbl
TRACE::2025-07-17.22:30:03::SCWBDomain::Not a forced makefile updation, No changes are present. 
TRACE::2025-07-17.22:30:03::SCWDomain::Building the domain as part of full build :  zynq_fsbl
TRACE::2025-07-17.22:30:03::SCWPlatform::Trying to open the hw design at C:/AB/xilinxvivado/projects/arbiter-PUF-FPGA/new_workspace/platform/hw/design_2_wrapper_final_2.xsa
TRACE::2025-07-17.22:30:03::SCWPlatform::DSA given C:/AB/xilinxvivado/projects/arbiter-PUF-FPGA/new_workspace/platform/hw/design_2_wrapper_final_2.xsa
TRACE::2025-07-17.22:30:03::SCWPlatform::DSA absoulate path C:/AB/xilinxvivado/projects/arbiter-PUF-FPGA/new_workspace/platform/hw/design_2_wrapper_final_2.xsa
TRACE::2025-07-17.22:30:03::SCWPlatform::DSA directory C:/AB/xilinxvivado/projects/arbiter-PUF-FPGA/new_workspace/platform/hw
TRACE::2025-07-17.22:30:03::SCWPlatform:: Platform Path C:/AB/xilinxvivado/projects/arbiter-PUF-FPGA/new_workspace/platform/hw/design_2_wrapper_final_2.xsa
TRACE::2025-07-17.22:30:03::SCWPlatform:: Unique name xilinx:::0.0
TRACE::2025-07-17.22:30:03::SCWPlatform::Trying to set the existing hwdb with name design_2_wrapper_1
TRACE::2025-07-17.22:30:03::SCWPlatform::Opened existing hwdb design_2_wrapper_1
TRACE::2025-07-17.22:30:03::SCWPlatform::Found the Hw Db part of the input DSA
TRACE::2025-07-17.22:30:03::SCWMssOS::Checking the sw design at  C:/AB/xilinxvivado/projects/arbiter-PUF-FPGA/new_workspace/platform/zynq_fsbl/zynq_fsbl_bsp/system.mss
TRACE::2025-07-17.22:30:03::SCWMssOS::DEBUG:  swdes dump  C:/AB/xilinxvivado/projects/arbiter-PUF-FPGA/new_workspace/platform/ps7_cortexa9_0/standalone_domain/bsp/system.mss|system_0||
C:/AB/xilinxvivado/projects/arbiter-PUF-FPGA/new_workspace/platform/zynq_fsbl/zynq_fsbl_bsp/system.mss|system||

TRACE::2025-07-17.22:30:03::SCWMssOS::Sw design exists and opened at  C:/AB/xilinxvivado/projects/arbiter-PUF-FPGA/new_workspace/platform/zynq_fsbl/zynq_fsbl_bsp/system.mss
TRACE::2025-07-17.22:30:03::SCWBDomain::Completed writing the mss file at C:/AB/xilinxvivado/projects/arbiter-PUF-FPGA/new_workspace/platform/zynq_fsbl/zynq_fsbl_bsp
TRACE::2025-07-17.22:30:03::SCWBDomain::bsp generated is upto date with the mss file. Skipping bsp generation.
TRACE::2025-07-17.22:30:03::SCWBDomain::Not a forced makefile updation, No changes are present. 
TRACE::2025-07-17.22:30:03::SCWBDomain::System Command Ran  C:&  cd  C:/AB/xilinxvivado/projects/arbiter-PUF-FPGA/new_workspace/platform/zynq_fsbl& make -C  zynq_fsbl_bsp & make 
TRACE::2025-07-17.22:30:03::SCWBDomain::make: Entering directory 'C:/AB/xilinxvivado/projects/arbiter-PUF-FPGA/new_workspace/platform/zynq_fsbl/zynq_fsbl_bsp'

TRACE::2025-07-17.22:30:03::SCWBDomain::make --no-print-directory seq_libs

TRACE::2025-07-17.22:30:03::SCWBDomain::"Running Make include in ps7_cortexa9_0/libsrc/arbiter_puf_fpga_v1_0/src"

TRACE::2025-07-17.22:30:03::SCWBDomain::make -C ps7_cortexa9_0/libsrc/arbiter_puf_fpga_v1_0/src -s include  "SHELL=CMD" "COMPILER=arm-none-eabi-gcc" "ASSEMBLER=arm-non
TRACE::2025-07-17.22:30:03::SCWBDomain::e-eabi-as" "ARCHIVER=arm-none-eabi-ar" "COMPILER_FLAGS=  -O2 -c" "EXTRA_COMPILER_FLAGS=-mcpu=cortex-a9 -mfpu=vfpv3 -mfloat-abi=
TRACE::2025-07-17.22:30:03::SCWBDomain::hard -nostartfiles -g -Wall -Wextra"

TRACE::2025-07-17.22:30:03::SCWBDomain::        1 file(s) copied.

TRACE::2025-07-17.22:30:03::SCWBDomain::"Running Make include in ps7_cortexa9_0/libsrc/coresightps_dcc_v1_8/src"

TRACE::2025-07-17.22:30:03::SCWBDomain::make -C ps7_cortexa9_0/libsrc/coresightps_dcc_v1_8/src -s include  "SHELL=CMD" "COMPILER=arm-none-eabi-gcc" "ASSEMBLER=arm-none
TRACE::2025-07-17.22:30:03::SCWBDomain::-eabi-as" "ARCHIVER=arm-none-eabi-ar" "COMPILER_FLAGS=  -O2 -c" "EXTRA_COMPILER_FLAGS=-mcpu=cortex-a9 -mfpu=vfpv3 -mfloat-abi=h
TRACE::2025-07-17.22:30:03::SCWBDomain::ard -nostartfiles -g -Wall -Wextra"

TRACE::2025-07-17.22:30:03::SCWBDomain::"Running Make include in ps7_cortexa9_0/libsrc/cpu_cortexa9_v2_10/src"

TRACE::2025-07-17.22:30:03::SCWBDomain::make -C ps7_cortexa9_0/libsrc/cpu_cortexa9_v2_10/src -s include  "SHELL=CMD" "COMPILER=arm-none-eabi-gcc" "ASSEMBLER=arm-none-e
TRACE::2025-07-17.22:30:03::SCWBDomain::abi-as" "ARCHIVER=arm-none-eabi-ar" "COMPILER_FLAGS=  -O2 -c" "EXTRA_COMPILER_FLAGS=-mcpu=cortex-a9 -mfpu=vfpv3 -mfloat-abi=har
TRACE::2025-07-17.22:30:03::SCWBDomain::d -nostartfiles -g -Wall -Wextra"

TRACE::2025-07-17.22:30:03::SCWBDomain::"Running Make include in ps7_cortexa9_0/libsrc/ddrps_v1_2/src"

TRACE::2025-07-17.22:30:03::SCWBDomain::make -C ps7_cortexa9_0/libsrc/ddrps_v1_2/src -s include  "SHELL=CMD" "COMPILER=arm-none-eabi-gcc" "ASSEMBLER=arm-none-eabi-as" 
TRACE::2025-07-17.22:30:03::SCWBDomain::"ARCHIVER=arm-none-eabi-ar" "COMPILER_FLAGS=  -O2 -c" "EXTRA_COMPILER_FLAGS=-mcpu=cortex-a9 -mfpu=vfpv3 -mfloat-abi=hard -nosta
TRACE::2025-07-17.22:30:03::SCWBDomain::rtfiles -g -Wall -Wextra"

TRACE::2025-07-17.22:30:03::SCWBDomain::"Running Make include in ps7_cortexa9_0/libsrc/devcfg_v3_7/src"

TRACE::2025-07-17.22:30:03::SCWBDomain::make -C ps7_cortexa9_0/libsrc/devcfg_v3_7/src -s include  "SHELL=CMD" "COMPILER=arm-none-eabi-gcc" "ASSEMBLER=arm-none-eabi-as"
TRACE::2025-07-17.22:30:03::SCWBDomain:: "ARCHIVER=arm-none-eabi-ar" "COMPILER_FLAGS=  -O2 -c" "EXTRA_COMPILER_FLAGS=-mcpu=cortex-a9 -mfpu=vfpv3 -mfloat-abi=hard -nost
TRACE::2025-07-17.22:30:03::SCWBDomain::artfiles -g -Wall -Wextra"

TRACE::2025-07-17.22:30:03::SCWBDomain::"Running Make include in ps7_cortexa9_0/libsrc/dmaps_v2_7/src"

TRACE::2025-07-17.22:30:03::SCWBDomain::make -C ps7_cortexa9_0/libsrc/dmaps_v2_7/src -s include  "SHELL=CMD" "COMPILER=arm-none-eabi-gcc" "ASSEMBLER=arm-none-eabi-as" 
TRACE::2025-07-17.22:30:03::SCWBDomain::"ARCHIVER=arm-none-eabi-ar" "COMPILER_FLAGS=  -O2 -c" "EXTRA_COMPILER_FLAGS=-mcpu=cortex-a9 -mfpu=vfpv3 -mfloat-abi=hard -nosta
TRACE::2025-07-17.22:30:03::SCWBDomain::rtfiles -g -Wall -Wextra"

TRACE::2025-07-17.22:30:03::SCWBDomain::"Running Make include in ps7_cortexa9_0/libsrc/scugic_v4_3/src"

TRACE::2025-07-17.22:30:03::SCWBDomain::make -C ps7_cortexa9_0/libsrc/scugic_v4_3/src -s include  "SHELL=CMD" "COMPILER=arm-none-eabi-gcc" "ASSEMBLER=arm-none-eabi-as"
TRACE::2025-07-17.22:30:03::SCWBDomain:: "ARCHIVER=arm-none-eabi-ar" "COMPILER_FLAGS=  -O2 -c" "EXTRA_COMPILER_FLAGS=-mcpu=cortex-a9 -mfpu=vfpv3 -mfloat-abi=hard -nost
TRACE::2025-07-17.22:30:03::SCWBDomain::artfiles -g -Wall -Wextra"

TRACE::2025-07-17.22:30:03::SCWBDomain::"Running Make include in ps7_cortexa9_0/libsrc/scutimer_v2_3/src"

TRACE::2025-07-17.22:30:03::SCWBDomain::make -C ps7_cortexa9_0/libsrc/scutimer_v2_3/src -s include  "SHELL=CMD" "COMPILER=arm-none-eabi-gcc" "ASSEMBLER=arm-none-eabi-a
TRACE::2025-07-17.22:30:03::SCWBDomain::s" "ARCHIVER=arm-none-eabi-ar" "COMPILER_FLAGS=  -O2 -c" "EXTRA_COMPILER_FLAGS=-mcpu=cortex-a9 -mfpu=vfpv3 -mfloat-abi=hard -no
TRACE::2025-07-17.22:30:03::SCWBDomain::startfiles -g -Wall -Wextra"

TRACE::2025-07-17.22:30:03::SCWBDomain::"Running Make include in ps7_cortexa9_0/libsrc/scuwdt_v2_3/src"

TRACE::2025-07-17.22:30:03::SCWBDomain::make -C ps7_cortexa9_0/libsrc/scuwdt_v2_3/src -s include  "SHELL=CMD" "COMPILER=arm-none-eabi-gcc" "ASSEMBLER=arm-none-eabi-as"
TRACE::2025-07-17.22:30:03::SCWBDomain:: "ARCHIVER=arm-none-eabi-ar" "COMPILER_FLAGS=  -O2 -c" "EXTRA_COMPILER_FLAGS=-mcpu=cortex-a9 -mfpu=vfpv3 -mfloat-abi=hard -nost
TRACE::2025-07-17.22:30:03::SCWBDomain::artfiles -g -Wall -Wextra"

TRACE::2025-07-17.22:30:03::SCWBDomain::"Running Make include in ps7_cortexa9_0/libsrc/standalone_v7_3/src"

TRACE::2025-07-17.22:30:03::SCWBDomain::make -C ps7_cortexa9_0/libsrc/standalone_v7_3/src -s include  "SHELL=CMD" "COMPILER=arm-none-eabi-gcc" "ASSEMBLER=arm-none-eabi
TRACE::2025-07-17.22:30:03::SCWBDomain::-as" "ARCHIVER=arm-none-eabi-ar" "COMPILER_FLAGS=  -O2 -c" "EXTRA_COMPILER_FLAGS=-mcpu=cortex-a9 -mfpu=vfpv3 -mfloat-abi=hard -
TRACE::2025-07-17.22:30:03::SCWBDomain::nostartfiles -g -Wall -Wextra"

TRACE::2025-07-17.22:30:03::SCWBDomain::"Running Make include in ps7_cortexa9_0/libsrc/uartps_v3_10/src"

TRACE::2025-07-17.22:30:03::SCWBDomain::make -C ps7_cortexa9_0/libsrc/uartps_v3_10/src -s include  "SHELL=CMD" "COMPILER=arm-none-eabi-gcc" "ASSEMBLER=arm-none-eabi-as
TRACE::2025-07-17.22:30:03::SCWBDomain::" "ARCHIVER=arm-none-eabi-ar" "COMPILER_FLAGS=  -O2 -c" "EXTRA_COMPILER_FLAGS=-mcpu=cortex-a9 -mfpu=vfpv3 -mfloat-abi=hard -nos
TRACE::2025-07-17.22:30:03::SCWBDomain::tartfiles -g -Wall -Wextra"

TRACE::2025-07-17.22:30:03::SCWBDomain::"Running Make include in ps7_cortexa9_0/libsrc/xadcps_v2_5/src"

TRACE::2025-07-17.22:30:03::SCWBDomain::make -C ps7_cortexa9_0/libsrc/xadcps_v2_5/src -s include  "SHELL=CMD" "COMPILER=arm-none-eabi-gcc" "ASSEMBLER=arm-none-eabi-as"
TRACE::2025-07-17.22:30:03::SCWBDomain:: "ARCHIVER=arm-none-eabi-ar" "COMPILER_FLAGS=  -O2 -c" "EXTRA_COMPILER_FLAGS=-mcpu=cortex-a9 -mfpu=vfpv3 -mfloat-abi=hard -nost
TRACE::2025-07-17.22:30:03::SCWBDomain::artfiles -g -Wall -Wextra"

TRACE::2025-07-17.22:30:03::SCWBDomain::"Running Make include in ps7_cortexa9_0/libsrc/xilffs_v4_4/src"

TRACE::2025-07-17.22:30:03::SCWBDomain::make -C ps7_cortexa9_0/libsrc/xilffs_v4_4/src -s include  "SHELL=CMD" "COMPILER=arm-none-eabi-gcc" "ASSEMBLER=arm-none-eabi-as"
TRACE::2025-07-17.22:30:03::SCWBDomain:: "ARCHIVER=arm-none-eabi-ar" "COMPILER_FLAGS=  -O2 -c" "EXTRA_COMPILER_FLAGS=-mcpu=cortex-a9 -mfpu=vfpv3 -mfloat-abi=hard -nost
TRACE::2025-07-17.22:30:03::SCWBDomain::artfiles -g -Wall -Wextra"

TRACE::2025-07-17.22:30:03::SCWBDomain::"Running Make include in ps7_cortexa9_0/libsrc/xilrsa_v1_6/src"

TRACE::2025-07-17.22:30:03::SCWBDomain::make -C ps7_cortexa9_0/libsrc/xilrsa_v1_6/src -s include  "SHELL=CMD" "COMPILER=arm-none-eabi-gcc" "ASSEMBLER=arm-none-eabi-as"
TRACE::2025-07-17.22:30:03::SCWBDomain:: "ARCHIVER=arm-none-eabi-ar" "COMPILER_FLAGS=  -O2 -c" "EXTRA_COMPILER_FLAGS=-mcpu=cortex-a9 -mfpu=vfpv3 -mfloat-abi=hard -nost
TRACE::2025-07-17.22:30:03::SCWBDomain::artfiles -g -Wall -Wextra"

TRACE::2025-07-17.22:30:03::SCWBDomain::"Running Make libs in ps7_cortexa9_0/libsrc/arbiter_puf_fpga_v1_0/src"

TRACE::2025-07-17.22:30:03::SCWBDomain::make -C ps7_cortexa9_0/libsrc/arbiter_puf_fpga_v1_0/src -s libs  "SHELL=CMD" "COMPILER=arm-none-eabi-gcc" "ASSEMBLER=arm-none-e
TRACE::2025-07-17.22:30:03::SCWBDomain::abi-as" "ARCHIVER=arm-none-eabi-ar" "COMPILER_FLAGS=  -O2 -c" "EXTRA_COMPILER_FLAGS=-mcpu=cortex-a9 -mfpu=vfpv3 -mfloat-abi=har
TRACE::2025-07-17.22:30:03::SCWBDomain::d -nostartfiles -g -Wall -Wextra"

TRACE::2025-07-17.22:30:04::SCWBDomain::"Running Make libs in ps7_cortexa9_0/libsrc/xilrsa_v1_6/src"

TRACE::2025-07-17.22:30:04::SCWBDomain::make -C ps7_cortexa9_0/libsrc/xilrsa_v1_6/src -s libs  "SHELL=CMD" "COMPILER=arm-none-eabi-gcc" "ASSEMBLER=arm-none-eabi-as" "A
TRACE::2025-07-17.22:30:04::SCWBDomain::RCHIVER=arm-none-eabi-ar" "COMPILER_FLAGS=  -O2 -c" "EXTRA_COMPILER_FLAGS=-mcpu=cortex-a9 -mfpu=vfpv3 -mfloat-abi=hard -nostart
TRACE::2025-07-17.22:30:04::SCWBDomain::files -g -Wall -Wextra"

TRACE::2025-07-17.22:30:04::SCWBDomain::'Finished building libraries sequentially.'

TRACE::2025-07-17.22:30:04::SCWBDomain::make -j --no-print-directory par_libs

TRACE::2025-07-17.22:30:04::SCWBDomain::"Running Make include in ps7_cortexa9_0/libsrc/arbiter_puf_fpga_v1_0/src"

TRACE::2025-07-17.22:30:04::SCWBDomain::"Running Make include in ps7_cortexa9_0/libsrc/coresightps_dcc_v1_8/src"

TRACE::2025-07-17.22:30:04::SCWBDomain::make -C ps7_cortexa9_0/libsrc/arbiter_puf_fpga_v1_0/src -s include  "SHELL=CMD" "COMPILER=arm-none-eabi-gcc" "ASSEMBLER=arm-non
TRACE::2025-07-17.22:30:04::SCWBDomain::e-eabi-as" "ARCHIVER=arm-none-eabi-ar" "COMPILER_FLAGS=  -O2 -c" "EXTRA_COMPILER_FLAGS=-mcpu=cortex-a9 -mfpu=vfpv3 -mfloat-abi=
TRACE::2025-07-17.22:30:04::SCWBDomain::hard -nostartfiles -g -Wall -Wextra"

TRACE::2025-07-17.22:30:04::SCWBDomain::"Running Make include in ps7_cortexa9_0/libsrc/cpu_cortexa9_v2_10/src"

TRACE::2025-07-17.22:30:04::SCWBDomain::make -C ps7_cortexa9_0/libsrc/coresightps_dcc_v1_8/src -s include  "SHELL=CMD" "COMPILER=arm-none-eabi-gcc" "ASSEMBLER=arm-none
TRACE::2025-07-17.22:30:04::SCWBDomain::-eabi-as" "ARCHIVER=arm-none-eabi-ar" "COMPILER_FLAGS=  -O2 -c" "EXTRA_COMPILER_FLAGS=-mcpu=cortex-a9 -mfpu=vfpv3 -mfloat-abi=h
TRACE::2025-07-17.22:30:04::SCWBDomain::ard -nostartfiles -g -Wall -Wextra"

TRACE::2025-07-17.22:30:04::SCWBDomain::"Running Make include in ps7_cortexa9_0/libsrc/ddrps_v1_2/src"

TRACE::2025-07-17.22:30:04::SCWBDomain::make -C ps7_cortexa9_0/libsrc/cpu_cortexa9_v2_10/src -s include  "SHELL=CMD" "COMPILER=arm-none-eabi-gcc" "ASSEMBLER=arm-none-e
TRACE::2025-07-17.22:30:04::SCWBDomain::abi-as" "ARCHIVER=arm-none-eabi-ar" "COMPILER_FLAGS=  -O2 -c" "EXTRA_COMPILER_FLAGS=-mcpu=cortex-a9 -mfpu=vfpv3 -mfloat-abi=har
TRACE::2025-07-17.22:30:04::SCWBDomain::d -nostartfiles -g -Wall -Wextra"

TRACE::2025-07-17.22:30:04::SCWBDomain::"Running Make include in ps7_cortexa9_0/libsrc/devcfg_v3_7/src"

TRACE::2025-07-17.22:30:04::SCWBDomain::make -C ps7_cortexa9_0/libsrc/ddrps_v1_2/src -s include  "SHELL=CMD" "COMPILER=arm-none-eabi-gcc" "ASSEMBLER=arm-none-eabi-as" 
TRACE::2025-07-17.22:30:04::SCWBDomain::"ARCHIVER=arm-none-eabi-ar" "COMPILER_FLAGS=  -O2 -c" "EXTRA_COMPILER_FLAGS=-mcpu=cortex-a9 -mfpu=vfpv3 -mfloat-abi=hard -nosta
TRACE::2025-07-17.22:30:04::SCWBDomain::rtfiles -g -Wall -Wextra"

TRACE::2025-07-17.22:30:04::SCWBDomain::make -C ps7_cortexa9_0/libsrc/devcfg_v3_7/src -s include  "SHELL=CMD" "COMPILER=arm-none-eabi-gcc" "ASSEMBLER=arm-none-eabi-as"
TRACE::2025-07-17.22:30:04::SCWBDomain:: "ARCHIVER=arm-none-eabi-ar" "COMPILER_FLAGS=  -O2 -c" "EXTRA_COMPILER_FLAGS=-mcpu=cortex-a9 -mfpu=vfpv3 -mfloat-abi=hard -nost
TRACE::2025-07-17.22:30:04::SCWBDomain::artfiles -g -Wall -Wextra"

TRACE::2025-07-17.22:30:04::SCWBDomain::"Running Make include in ps7_cortexa9_0/libsrc/dmaps_v2_7/src"

TRACE::2025-07-17.22:30:04::SCWBDomain::make -C ps7_cortexa9_0/libsrc/dmaps_v2_7/src -s include  "SHELL=CMD" "COMPILER=arm-none-eabi-gcc" "ASSEMBLER=arm-none-eabi-as" 
TRACE::2025-07-17.22:30:04::SCWBDomain::"ARCHIVER=arm-none-eabi-ar" "COMPILER_FLAGS=  -O2 -c" "EXTRA_COMPILER_FLAGS=-mcpu=cortex-a9 -mfpu=vfpv3 -mfloat-abi=hard -nosta
TRACE::2025-07-17.22:30:04::SCWBDomain::rtfiles -g -Wall -Wextra"

TRACE::2025-07-17.22:30:04::SCWBDomain::"Running Make include in ps7_cortexa9_0/libsrc/scugic_v4_3/src"

TRACE::2025-07-17.22:30:04::SCWBDomain::"Running Make include in ps7_cortexa9_0/libsrc/scutimer_v2_3/src"

TRACE::2025-07-17.22:30:04::SCWBDomain::        1 file(s) copied.

TRACE::2025-07-17.22:30:04::SCWBDomain::make -C ps7_cortexa9_0/libsrc/scugic_v4_3/src -s include  "SHELL=CMD" "COMPILER=arm-none-eabi-gcc" "ASSEMBLER=arm-none-eabi-as"
TRACE::2025-07-17.22:30:04::SCWBDomain:: "ARCHIVER=arm-none-eabi-ar" "COMPILER_FLAGS=  -O2 -c" "EXTRA_COMPILER_FLAGS=-mcpu=cortex-a9 -mfpu=vfpv3 -mfloat-abi=hard -nost
TRACE::2025-07-17.22:30:04::SCWBDomain::artfiles -g -Wall -Wextra"

TRACE::2025-07-17.22:30:04::SCWBDomain::make -C ps7_cortexa9_0/libsrc/scutimer_v2_3/src -s include  "SHELL=CMD" "COMPILER=arm-none-eabi-gcc" "ASSEMBLER=arm-none-eabi-a
TRACE::2025-07-17.22:30:04::SCWBDomain::s" "ARCHIVER=arm-none-eabi-ar" "COMPILER_FLAGS=  -O2 -c" "EXTRA_COMPILER_FLAGS=-mcpu=cortex-a9 -mfpu=vfpv3 -mfloat-abi=hard -no
TRACE::2025-07-17.22:30:04::SCWBDomain::startfiles -g -Wall -Wextra"

TRACE::2025-07-17.22:30:04::SCWBDomain::"Running Make include in ps7_cortexa9_0/libsrc/scuwdt_v2_3/src"

TRACE::2025-07-17.22:30:04::SCWBDomain::"Running Make include in ps7_cortexa9_0/libsrc/standalone_v7_3/src"

TRACE::2025-07-17.22:30:04::SCWBDomain::make -C ps7_cortexa9_0/libsrc/scuwdt_v2_3/src -s include  "SHELL=CMD" "COMPILER=arm-none-eabi-gcc" "ASSEMBLER=arm-none-eabi-as"
TRACE::2025-07-17.22:30:04::SCWBDomain:: "ARCHIVER=arm-none-eabi-ar" "COMPILER_FLAGS=  -O2 -c" "EXTRA_COMPILER_FLAGS=-mcpu=cortex-a9 -mfpu=vfpv3 -mfloat-abi=hard -nost
TRACE::2025-07-17.22:30:04::SCWBDomain::artfiles -g -Wall -Wextra"

TRACE::2025-07-17.22:30:04::SCWBDomain::"Running Make include in ps7_cortexa9_0/libsrc/uartps_v3_10/src"

TRACE::2025-07-17.22:30:04::SCWBDomain::make -C ps7_cortexa9_0/libsrc/standalone_v7_3/src -s include  "SHELL=CMD" "COMPILER=arm-none-eabi-gcc" "ASSEMBLER=arm-none-eabi
TRACE::2025-07-17.22:30:04::SCWBDomain::-as" "ARCHIVER=arm-none-eabi-ar" "COMPILER_FLAGS=  -O2 -c" "EXTRA_COMPILER_FLAGS=-mcpu=cortex-a9 -mfpu=vfpv3 -mfloat-abi=hard -
TRACE::2025-07-17.22:30:04::SCWBDomain::nostartfiles -g -Wall -Wextra"

TRACE::2025-07-17.22:30:04::SCWBDomain::make -C ps7_cortexa9_0/libsrc/uartps_v3_10/src -s include  "SHELL=CMD" "COMPILER=arm-none-eabi-gcc" "ASSEMBLER=arm-none-eabi-as
TRACE::2025-07-17.22:30:04::SCWBDomain::" "ARCHIVER=arm-none-eabi-ar" "COMPILER_FLAGS=  -O2 -c" "EXTRA_COMPILER_FLAGS=-mcpu=cortex-a9 -mfpu=vfpv3 -mfloat-abi=hard -nos
TRACE::2025-07-17.22:30:04::SCWBDomain::tartfiles -g -Wall -Wextra"

TRACE::2025-07-17.22:30:04::SCWBDomain::"Running Make include in ps7_cortexa9_0/libsrc/xadcps_v2_5/src"

TRACE::2025-07-17.22:30:04::SCWBDomain::make -C ps7_cortexa9_0/libsrc/xadcps_v2_5/src -s include  "SHELL=CMD" "COMPILER=arm-none-eabi-gcc" "ASSEMBLER=arm-none-eabi-as"
TRACE::2025-07-17.22:30:04::SCWBDomain:: "ARCHIVER=arm-none-eabi-ar" "COMPILER_FLAGS=  -O2 -c" "EXTRA_COMPILER_FLAGS=-mcpu=cortex-a9 -mfpu=vfpv3 -mfloat-abi=hard -nost
TRACE::2025-07-17.22:30:04::SCWBDomain::artfiles -g -Wall -Wextra"

TRACE::2025-07-17.22:30:04::SCWBDomain::"Running Make include in ps7_cortexa9_0/libsrc/xilffs_v4_4/src"

TRACE::2025-07-17.22:30:04::SCWBDomain::make -C ps7_cortexa9_0/libsrc/xilffs_v4_4/src -s include  "SHELL=CMD" "COMPILER=arm-none-eabi-gcc" "ASSEMBLER=arm-none-eabi-as"
TRACE::2025-07-17.22:30:04::SCWBDomain:: "ARCHIVER=arm-none-eabi-ar" "COMPILER_FLAGS=  -O2 -c" "EXTRA_COMPILER_FLAGS=-mcpu=cortex-a9 -mfpu=vfpv3 -mfloat-abi=hard -nost
TRACE::2025-07-17.22:30:04::SCWBDomain::artfiles -g -Wall -Wextra"

TRACE::2025-07-17.22:30:04::SCWBDomain::"Running Make include in ps7_cortexa9_0/libsrc/xilrsa_v1_6/src"

TRACE::2025-07-17.22:30:04::SCWBDomain::make -C ps7_cortexa9_0/libsrc/xilrsa_v1_6/src -s include  "SHELL=CMD" "COMPILER=arm-none-eabi-gcc" "ASSEMBLER=arm-none-eabi-as"
TRACE::2025-07-17.22:30:04::SCWBDomain:: "ARCHIVER=arm-none-eabi-ar" "COMPILER_FLAGS=  -O2 -c" "EXTRA_COMPILER_FLAGS=-mcpu=cortex-a9 -mfpu=vfpv3 -mfloat-abi=hard -nost
TRACE::2025-07-17.22:30:04::SCWBDomain::artfiles -g -Wall -Wextra"

TRACE::2025-07-17.22:30:04::SCWBDomain::"Running Make libs in ps7_cortexa9_0/libsrc/coresightps_dcc_v1_8/src"

TRACE::2025-07-17.22:30:04::SCWBDomain::make -C ps7_cortexa9_0/libsrc/coresightps_dcc_v1_8/src -s libs  "SHELL=CMD" "COMPILER=arm-none-eabi-gcc" "ASSEMBLER=arm-none-ea
TRACE::2025-07-17.22:30:04::SCWBDomain::bi-as" "ARCHIVER=arm-none-eabi-ar" "COMPILER_FLAGS=  -O2 -c" "EXTRA_COMPILER_FLAGS=-mcpu=cortex-a9 -mfpu=vfpv3 -mfloat-abi=hard
TRACE::2025-07-17.22:30:04::SCWBDomain:: -nostartfiles -g -Wall -Wextra"

TRACE::2025-07-17.22:30:04::SCWBDomain::"Running Make libs in ps7_cortexa9_0/libsrc/cpu_cortexa9_v2_10/src"

TRACE::2025-07-17.22:30:04::SCWBDomain::"Running Make libs in ps7_cortexa9_0/libsrc/ddrps_v1_2/src"

TRACE::2025-07-17.22:30:04::SCWBDomain::make -C ps7_cortexa9_0/libsrc/cpu_cortexa9_v2_10/src -s libs  "SHELL=CMD" "COMPILER=arm-none-eabi-gcc" "ASSEMBLER=arm-none-eabi
TRACE::2025-07-17.22:30:04::SCWBDomain::-as" "ARCHIVER=arm-none-eabi-ar" "COMPILER_FLAGS=  -O2 -c" "EXTRA_COMPILER_FLAGS=-mcpu=cortex-a9 -mfpu=vfpv3 -mfloat-abi=hard -
TRACE::2025-07-17.22:30:04::SCWBDomain::nostartfiles -g -Wall -Wextra"

TRACE::2025-07-17.22:30:04::SCWBDomain::"Running Make libs in ps7_cortexa9_0/libsrc/devcfg_v3_7/src"

TRACE::2025-07-17.22:30:04::SCWBDomain::make -C ps7_cortexa9_0/libsrc/ddrps_v1_2/src -s libs  "SHELL=CMD" "COMPILER=arm-none-eabi-gcc" "ASSEMBLER=arm-none-eabi-as" "AR
TRACE::2025-07-17.22:30:04::SCWBDomain::CHIVER=arm-none-eabi-ar" "COMPILER_FLAGS=  -O2 -c" "EXTRA_COMPILER_FLAGS=-mcpu=cortex-a9 -mfpu=vfpv3 -mfloat-abi=hard -nostartf
TRACE::2025-07-17.22:30:04::SCWBDomain::iles -g -Wall -Wextra"

TRACE::2025-07-17.22:30:04::SCWBDomain::"Running Make libs in ps7_cortexa9_0/libsrc/dmaps_v2_7/src"

TRACE::2025-07-17.22:30:04::SCWBDomain::make -C ps7_cortexa9_0/libsrc/devcfg_v3_7/src -s libs  "SHELL=CMD" "COMPILER=arm-none-eabi-gcc" "ASSEMBLER=arm-none-eabi-as" "A
TRACE::2025-07-17.22:30:04::SCWBDomain::RCHIVER=arm-none-eabi-ar" "COMPILER_FLAGS=  -O2 -c" "EXTRA_COMPILER_FLAGS=-mcpu=cortex-a9 -mfpu=vfpv3 -mfloat-abi=hard -nostart
TRACE::2025-07-17.22:30:04::SCWBDomain::files -g -Wall -Wextra"

TRACE::2025-07-17.22:30:04::SCWBDomain::make -C ps7_cortexa9_0/libsrc/dmaps_v2_7/src -s libs  "SHELL=CMD" "COMPILER=arm-none-eabi-gcc" "ASSEMBLER=arm-none-eabi-as" "AR
TRACE::2025-07-17.22:30:04::SCWBDomain::CHIVER=arm-none-eabi-ar" "COMPILER_FLAGS=  -O2 -c" "EXTRA_COMPILER_FLAGS=-mcpu=cortex-a9 -mfpu=vfpv3 -mfloat-abi=hard -nostartf
TRACE::2025-07-17.22:30:04::SCWBDomain::iles -g -Wall -Wextra"

TRACE::2025-07-17.22:30:04::SCWBDomain::"Running Make libs in ps7_cortexa9_0/libsrc/scugic_v4_3/src"

TRACE::2025-07-17.22:30:04::SCWBDomain::make -C ps7_cortexa9_0/libsrc/scugic_v4_3/src -s libs  "SHELL=CMD" "COMPILER=arm-none-eabi-gcc" "ASSEMBLER=arm-none-eabi-as" "A
TRACE::2025-07-17.22:30:04::SCWBDomain::RCHIVER=arm-none-eabi-ar" "COMPILER_FLAGS=  -O2 -c" "EXTRA_COMPILER_FLAGS=-mcpu=cortex-a9 -mfpu=vfpv3 -mfloat-abi=hard -nostart
TRACE::2025-07-17.22:30:04::SCWBDomain::files -g -Wall -Wextra"

TRACE::2025-07-17.22:30:04::SCWBDomain::"Running Make libs in ps7_cortexa9_0/libsrc/scutimer_v2_3/src"

TRACE::2025-07-17.22:30:04::SCWBDomain::make -C ps7_cortexa9_0/libsrc/scutimer_v2_3/src -s libs  "SHELL=CMD" "COMPILER=arm-none-eabi-gcc" "ASSEMBLER=arm-none-eabi-as" 
TRACE::2025-07-17.22:30:04::SCWBDomain::"ARCHIVER=arm-none-eabi-ar" "COMPILER_FLAGS=  -O2 -c" "EXTRA_COMPILER_FLAGS=-mcpu=cortex-a9 -mfpu=vfpv3 -mfloat-abi=hard -nosta
TRACE::2025-07-17.22:30:04::SCWBDomain::rtfiles -g -Wall -Wextra"

TRACE::2025-07-17.22:30:04::SCWBDomain::"Running Make libs in ps7_cortexa9_0/libsrc/scuwdt_v2_3/src"

TRACE::2025-07-17.22:30:04::SCWBDomain::make -C ps7_cortexa9_0/libsrc/scuwdt_v2_3/src -s libs  "SHELL=CMD" "COMPILER=arm-none-eabi-gcc" "ASSEMBLER=arm-none-eabi-as" "A
TRACE::2025-07-17.22:30:04::SCWBDomain::RCHIVER=arm-none-eabi-ar" "COMPILER_FLAGS=  -O2 -c" "EXTRA_COMPILER_FLAGS=-mcpu=cortex-a9 -mfpu=vfpv3 -mfloat-abi=hard -nostart
TRACE::2025-07-17.22:30:04::SCWBDomain::files -g -Wall -Wextra"

TRACE::2025-07-17.22:30:04::SCWBDomain::"Running Make libs in ps7_cortexa9_0/libsrc/standalone_v7_3/src"

TRACE::2025-07-17.22:30:04::SCWBDomain::"Running Make libs in ps7_cortexa9_0/libsrc/uartps_v3_10/src"

TRACE::2025-07-17.22:30:04::SCWBDomain::make -C ps7_cortexa9_0/libsrc/standalone_v7_3/src -s libs  "SHELL=CMD" "COMPILER=arm-none-eabi-gcc" "ASSEMBLER=arm-none-eabi-as
TRACE::2025-07-17.22:30:04::SCWBDomain::" "ARCHIVER=arm-none-eabi-ar" "COMPILER_FLAGS=  -O2 -c" "EXTRA_COMPILER_FLAGS=-mcpu=cortex-a9 -mfpu=vfpv3 -mfloat-abi=hard -nos
TRACE::2025-07-17.22:30:04::SCWBDomain::tartfiles -g -Wall -Wextra"

TRACE::2025-07-17.22:30:04::SCWBDomain::make -C ps7_cortexa9_0/libsrc/uartps_v3_10/src -s libs  "SHELL=CMD" "COMPILER=arm-none-eabi-gcc" "ASSEMBLER=arm-none-eabi-as" "
TRACE::2025-07-17.22:30:04::SCWBDomain::ARCHIVER=arm-none-eabi-ar" "COMPILER_FLAGS=  -O2 -c" "EXTRA_COMPILER_FLAGS=-mcpu=cortex-a9 -mfpu=vfpv3 -mfloat-abi=hard -nostar
TRACE::2025-07-17.22:30:04::SCWBDomain::tfiles -g -Wall -Wextra"

TRACE::2025-07-17.22:30:04::SCWBDomain::"Running Make libs in ps7_cortexa9_0/libsrc/xadcps_v2_5/src"

TRACE::2025-07-17.22:30:04::SCWBDomain::make -C ps7_cortexa9_0/libsrc/xadcps_v2_5/src -s libs  "SHELL=CMD" "COMPILER=arm-none-eabi-gcc" "ASSEMBLER=arm-none-eabi-as" "A
TRACE::2025-07-17.22:30:04::SCWBDomain::RCHIVER=arm-none-eabi-ar" "COMPILER_FLAGS=  -O2 -c" "EXTRA_COMPILER_FLAGS=-mcpu=cortex-a9 -mfpu=vfpv3 -mfloat-abi=hard -nostart
TRACE::2025-07-17.22:30:04::SCWBDomain::files -g -Wall -Wextra"

TRACE::2025-07-17.22:30:04::SCWBDomain::"Running Make libs in ps7_cortexa9_0/libsrc/xilffs_v4_4/src"

TRACE::2025-07-17.22:30:04::SCWBDomain::make -C ps7_cortexa9_0/libsrc/xilffs_v4_4/src -s libs  "SHELL=CMD" "COMPILER=arm-none-eabi-gcc" "ASSEMBLER=arm-none-eabi-as" "A
TRACE::2025-07-17.22:30:04::SCWBDomain::RCHIVER=arm-none-eabi-ar" "COMPILER_FLAGS=  -O2 -c" "EXTRA_COMPILER_FLAGS=-mcpu=cortex-a9 -mfpu=vfpv3 -mfloat-abi=hard -nostart
TRACE::2025-07-17.22:30:04::SCWBDomain::files -g -Wall -Wextra"

TRACE::2025-07-17.22:30:05::SCWBDomain::'Finished building libraries parallelly.'

TRACE::2025-07-17.22:30:05::SCWBDomain::make --no-print-directory archive

TRACE::2025-07-17.22:30:05::SCWBDomain::arm-none-eabi-ar -r  ps7_cortexa9_0/lib/libxil.a ps7_cortexa9_0/lib/xadcps_selftest.o ps7_cortexa9_0/lib/kill.o ps7_cortexa9_0/
TRACE::2025-07-17.22:30:05::SCWBDomain::lib/xscuwdt_g.o ps7_cortexa9_0/lib/xplatform_info.o ps7_cortexa9_0/lib/print.o ps7_cortexa9_0/lib/_exit.o ps7_cortexa9_0/lib/xi
TRACE::2025-07-17.22:30:05::SCWBDomain::l_testio.o ps7_cortexa9_0/lib/isatty.o ps7_cortexa9_0/lib/sleep.o ps7_cortexa9_0/lib/boot.o ps7_cortexa9_0/lib/xdevcfg_hw.o ps7
TRACE::2025-07-17.22:30:05::SCWBDomain::_cortexa9_0/lib/xadcps_intr.o ps7_cortexa9_0/lib/xpm_counter.o ps7_cortexa9_0/lib/xdmaps_g.o ps7_cortexa9_0/lib/xscutimer_g.o p
TRACE::2025-07-17.22:30:05::SCWBDomain::s7_cortexa9_0/lib/xdmaps_sinit.o ps7_cortexa9_0/lib/xscutimer_sinit.o ps7_cortexa9_0/lib/xil_cache.o ps7_cortexa9_0/lib/xil_uti
TRACE::2025-07-17.22:30:05::SCWBDomain::l.o ps7_cortexa9_0/lib/inbyte.o ps7_cortexa9_0/lib/xdmaps_selftest.o ps7_cortexa9_0/lib/xscutimer_selftest.o ps7_cortexa9_0/lib
TRACE::2025-07-17.22:30:05::SCWBDomain::/xil_misc_psreset_api.o ps7_cortexa9_0/lib/cpputest_time.o ps7_cortexa9_0/lib/close.o ps7_cortexa9_0/lib/xuartps_g.o ps7_cortex
TRACE::2025-07-17.22:30:05::SCWBDomain::a9_0/lib/xscugic_hw.o ps7_cortexa9_0/lib/translation_table.o ps7_cortexa9_0/lib/write.o ps7_cortexa9_0/lib/xil_mem.o ps7_cortex
TRACE::2025-07-17.22:30:05::SCWBDomain::a9_0/lib/cpu_init.o ps7_cortexa9_0/lib/xscugic_g.o ps7_cortexa9_0/lib/usleep.o ps7_cortexa9_0/lib/xuartps_sinit.o ps7_cortexa9_
TRACE::2025-07-17.22:30:05::SCWBDomain::0/lib/xil_sleepcommon.o ps7_cortexa9_0/lib/xil_printf.o ps7_cortexa9_0/lib/unlink.o ps7_cortexa9_0/lib/xadcps.o ps7_cortexa9_0/
TRACE::2025-07-17.22:30:05::SCWBDomain::lib/xdmaps_hw.o ps7_cortexa9_0/lib/xscugic_intr.o ps7_cortexa9_0/lib/xscugic_sinit.o ps7_cortexa9_0/lib/xil_sleeptimer.o ps7_co
TRACE::2025-07-17.22:30:05::SCWBDomain::rtexa9_0/lib/fcntl.o ps7_cortexa9_0/lib/open.o ps7_cortexa9_0/lib/outbyte.o ps7_cortexa9_0/lib/xuartps_selftest.o ps7_cortexa9_
TRACE::2025-07-17.22:30:05::SCWBDomain::0/lib/xuartps_hw.o ps7_cortexa9_0/lib/read.o ps7_cortexa9_0/lib/xtime_l.o ps7_cortexa9_0/lib/xl2cc_counter.o ps7_cortexa9_0/lib
TRACE::2025-07-17.22:30:05::SCWBDomain::/asm_vectors.o ps7_cortexa9_0/lib/xdevcfg_intr.o ps7_cortexa9_0/lib/abort.o ps7_cortexa9_0/lib/xdevcfg_g.o ps7_cortexa9_0/lib/x
TRACE::2025-07-17.22:30:05::SCWBDomain::uartps_intr.o ps7_cortexa9_0/lib/xuartps.o ps7_cortexa9_0/lib/getpid.o ps7_cortexa9_0/lib/xil_testcache.o ps7_cortexa9_0/lib/xd
TRACE::2025-07-17.22:30:05::SCWBDomain::evcfg_sinit.o ps7_cortexa9_0/lib/xdmaps.o ps7_cortexa9_0/lib/xscutimer.o ps7_cortexa9_0/lib/xscuwdt.o ps7_cortexa9_0/lib/xdevcf
TRACE::2025-07-17.22:30:05::SCWBDomain::g_selftest.o ps7_cortexa9_0/lib/_sbrk.o ps7_cortexa9_0/lib/xscuwdt_sinit.o ps7_cortexa9_0/lib/sbrk.o ps7_cortexa9_0/lib/fstat.o
TRACE::2025-07-17.22:30:05::SCWBDomain:: ps7_cortexa9_0/lib/errno.o ps7_cortexa9_0/lib/lseek.o ps7_cortexa9_0/lib/xuartps_options.o ps7_cortexa9_0/lib/vectors.o ps7_co
TRACE::2025-07-17.22:30:05::SCWBDomain::rtexa9_0/lib/xil_exception.o ps7_cortexa9_0/lib/xil_testmem.o ps7_cortexa9_0/lib/putnum.o ps7_cortexa9_0/lib/xil_clocking.o ps7
TRACE::2025-07-17.22:30:05::SCWBDomain::_cortexa9_0/lib/xil_assert.o ps7_cortexa9_0/lib/xscuwdt_selftest.o ps7_cortexa9_0/lib/xcoresightpsdcc.o ps7_cortexa9_0/lib/xscu
TRACE::2025-07-17.22:30:05::SCWBDomain::gic.o ps7_cortexa9_0/lib/xadcps_g.o ps7_cortexa9_0/lib/xscugic_selftest.o ps7_cortexa9_0/lib/xil-crt0.o ps7_cortexa9_0/lib/xadc
TRACE::2025-07-17.22:30:05::SCWBDomain::ps_sinit.o ps7_cortexa9_0/lib/xil_mmu.o ps7_cortexa9_0/lib/_open.o ps7_cortexa9_0/lib/xdevcfg.o

TRACE::2025-07-17.22:30:05::SCWBDomain::'Finished building libraries'

TRACE::2025-07-17.22:30:05::SCWBDomain::make: Leaving directory 'C:/AB/xilinxvivado/projects/arbiter-PUF-FPGA/new_workspace/platform/zynq_fsbl/zynq_fsbl_bsp'

TRACE::2025-07-17.22:30:05::SCWBDomain::arm-none-eabi-gcc -MMD -MP       -mcpu=cortex-a9 -mfpu=vfpv3 -mfloat-abi=hard   -O2 -c -c sd.c -o sd.o -Izynq_fsbl_bsp/ps7_cort
TRACE::2025-07-17.22:30:05::SCWBDomain::exa9_0/include -I.

TRACE::2025-07-17.22:30:05::SCWBDomain::arm-none-eabi-gcc -MMD -MP       -mcpu=cortex-a9 -mfpu=vfpv3 -mfloat-abi=hard   -O2 -c -c nand.c -o nand.o -Izynq_fsbl_bsp/ps7_
TRACE::2025-07-17.22:30:05::SCWBDomain::cortexa9_0/include -I.

TRACE::2025-07-17.22:30:05::SCWBDomain::arm-none-eabi-gcc -MMD -MP       -mcpu=cortex-a9 -mfpu=vfpv3 -mfloat-abi=hard   -O2 -c -c image_mover.c -o image_mover.o -Izynq
TRACE::2025-07-17.22:30:05::SCWBDomain::_fsbl_bsp/ps7_cortexa9_0/include -I.

TRACE::2025-07-17.22:30:05::SCWBDomain::arm-none-eabi-gcc -MMD -MP       -mcpu=cortex-a9 -mfpu=vfpv3 -mfloat-abi=hard   -O2 -c -c md5.c -o md5.o -Izynq_fsbl_bsp/ps7_co
TRACE::2025-07-17.22:30:05::SCWBDomain::rtexa9_0/include -I.

TRACE::2025-07-17.22:30:06::SCWBDomain::arm-none-eabi-gcc -MMD -MP       -mcpu=cortex-a9 -mfpu=vfpv3 -mfloat-abi=hard   -O2 -c -c fsbl_hooks.c -o fsbl_hooks.o -Izynq_f
TRACE::2025-07-17.22:30:06::SCWBDomain::sbl_bsp/ps7_cortexa9_0/include -I.

TRACE::2025-07-17.22:30:06::SCWBDomain::arm-none-eabi-gcc -MMD -MP       -mcpu=cortex-a9 -mfpu=vfpv3 -mfloat-abi=hard   -O2 -c -c main.c -o main.o -Izynq_fsbl_bsp/ps7_
TRACE::2025-07-17.22:30:06::SCWBDomain::cortexa9_0/include -I.

TRACE::2025-07-17.22:30:06::SCWBDomain::arm-none-eabi-gcc -MMD -MP       -mcpu=cortex-a9 -mfpu=vfpv3 -mfloat-abi=hard   -O2 -c -c rsa.c -o rsa.o -Izynq_fsbl_bsp/ps7_co
TRACE::2025-07-17.22:30:06::SCWBDomain::rtexa9_0/include -I.

TRACE::2025-07-17.22:30:06::SCWBDomain::arm-none-eabi-gcc -MMD -MP       -mcpu=cortex-a9 -mfpu=vfpv3 -mfloat-abi=hard   -O2 -c -c nor.c -o nor.o -Izynq_fsbl_bsp/ps7_co
TRACE::2025-07-17.22:30:06::SCWBDomain::rtexa9_0/include -I.

TRACE::2025-07-17.22:30:06::SCWBDomain::arm-none-eabi-gcc -MMD -MP       -mcpu=cortex-a9 -mfpu=vfpv3 -mfloat-abi=hard   -O2 -c -c qspi.c -o qspi.o -Izynq_fsbl_bsp/ps7_
TRACE::2025-07-17.22:30:06::SCWBDomain::cortexa9_0/include -I.

TRACE::2025-07-17.22:30:06::SCWBDomain::arm-none-eabi-gcc -MMD -MP       -mcpu=cortex-a9 -mfpu=vfpv3 -mfloat-abi=hard   -O2 -c -c ps7_init.c -o ps7_init.o -Izynq_fsbl_
TRACE::2025-07-17.22:30:06::SCWBDomain::bsp/ps7_cortexa9_0/include -I.

TRACE::2025-07-17.22:30:06::SCWBDomain::arm-none-eabi-gcc -MMD -MP       -mcpu=cortex-a9 -mfpu=vfpv3 -mfloat-abi=hard   -O2 -c -c pcap.c -o pcap.o -Izynq_fsbl_bsp/ps7_
TRACE::2025-07-17.22:30:06::SCWBDomain::cortexa9_0/include -I.

TRACE::2025-07-17.22:30:06::SCWBDomain::arm-none-eabi-gcc -MMD -MP       -mcpu=cortex-a9 -mfpu=vfpv3 -mfloat-abi=hard   -O2 -c -c fsbl_handoff.S -o fsbl_handoff.o -Izy
TRACE::2025-07-17.22:30:06::SCWBDomain::nq_fsbl_bsp/ps7_cortexa9_0/include -I.

TRACE::2025-07-17.22:30:06::SCWBDomain::arm-none-eabi-gcc -o fsbl.elf  sd.o  nand.o  image_mover.o  md5.o  fsbl_hooks.o  main.o  rsa.o  nor.o  qspi.o  ps7_init.o  pcap
TRACE::2025-07-17.22:30:06::SCWBDomain::.o  fsbl_handoff.o -MMD -MP       -mcpu=cortex-a9 -mfpu=vfpv3 -mfloat-abi=hard   -mcpu=cortex-a9 -mfpu=vfpv3 -mfloat-abi=hard -
TRACE::2025-07-17.22:30:06::SCWBDomain::Wl,-build-id=none -specs=Xilinx.spec  -lrsa -Wl,--start-group,-lxil,-lgcc,-lc,--end-group -Wl,--start-group,-lxilffs,-lxil,-lgc
TRACE::2025-07-17.22:30:06::SCWBDomain::c,-lc,--end-group -Wl,--start-group,-lrsa,-lxil,-lgcc,-lc,--end-group                              -Wl,--gc-sections -Lzynq_fsb
TRACE::2025-07-17.22:30:06::SCWBDomain::l_bsp/ps7_cortexa9_0/lib -L./ -Tlscript.ld

LOG::2025-07-17.22:30:06::SCWSystem::Checking the domain standalone_domain
LOG::2025-07-17.22:30:06::SCWSystem::Not a boot domain 
LOG::2025-07-17.22:30:06::SCWSystem::Started Processing the domain standalone_domain
TRACE::2025-07-17.22:30:06::SCWDomain::Generating domain artifcats
TRACE::2025-07-17.22:30:06::SCWMssOS::Generating standalone artifcats
TRACE::2025-07-17.22:30:06::SCWMssOS::Copying the qemu file from  C:/AB/xilinxvivado/Vitis/2020.2/data/emulation/platforms/zynq/sw/a9_standalone/qemu/qemu_args.txt To C:/AB/xilinxvivado/projects/arbiter-PUF-FPGA/new_workspace/platform/export/platform/sw/platform/standalone_domain/qemu/
TRACE::2025-07-17.22:30:06::SCWMssOS:: Copying the user libraries. 
TRACE::2025-07-17.22:30:06::SCWPlatform::Trying to open the hw design at C:/AB/xilinxvivado/projects/arbiter-PUF-FPGA/new_workspace/platform/hw/design_2_wrapper_final_2.xsa
TRACE::2025-07-17.22:30:06::SCWPlatform::DSA given C:/AB/xilinxvivado/projects/arbiter-PUF-FPGA/new_workspace/platform/hw/design_2_wrapper_final_2.xsa
TRACE::2025-07-17.22:30:06::SCWPlatform::DSA absoulate path C:/AB/xilinxvivado/projects/arbiter-PUF-FPGA/new_workspace/platform/hw/design_2_wrapper_final_2.xsa
TRACE::2025-07-17.22:30:06::SCWPlatform::DSA directory C:/AB/xilinxvivado/projects/arbiter-PUF-FPGA/new_workspace/platform/hw
TRACE::2025-07-17.22:30:06::SCWPlatform:: Platform Path C:/AB/xilinxvivado/projects/arbiter-PUF-FPGA/new_workspace/platform/hw/design_2_wrapper_final_2.xsa
TRACE::2025-07-17.22:30:06::SCWPlatform:: Unique name xilinx:::0.0
TRACE::2025-07-17.22:30:06::SCWPlatform::Trying to set the existing hwdb with name design_2_wrapper_1
TRACE::2025-07-17.22:30:06::SCWPlatform::Opened existing hwdb design_2_wrapper_1
TRACE::2025-07-17.22:30:06::SCWPlatform::Found the Hw Db part of the input DSA
TRACE::2025-07-17.22:30:06::SCWMssOS::Checking the sw design at  C:/AB/xilinxvivado/projects/arbiter-PUF-FPGA/new_workspace/platform/ps7_cortexa9_0/standalone_domain/bsp/system.mss
TRACE::2025-07-17.22:30:06::SCWMssOS::DEBUG:  swdes dump  C:/AB/xilinxvivado/projects/arbiter-PUF-FPGA/new_workspace/platform/ps7_cortexa9_0/standalone_domain/bsp/system.mss|system_0||
C:/AB/xilinxvivado/projects/arbiter-PUF-FPGA/new_workspace/platform/zynq_fsbl/zynq_fsbl_bsp/system.mss|system||

TRACE::2025-07-17.22:30:06::SCWMssOS::Sw design exists and opened at  C:/AB/xilinxvivado/projects/arbiter-PUF-FPGA/new_workspace/platform/ps7_cortexa9_0/standalone_domain/bsp/system.mss
TRACE::2025-07-17.22:30:06::SCWMssOS::Completed writing the mss file at C:/AB/xilinxvivado/projects/arbiter-PUF-FPGA/new_workspace/platform/ps7_cortexa9_0/standalone_domain/bsp
TRACE::2025-07-17.22:30:06::SCWMssOS::Mss edits present, copying mssfile into export location C:/AB/xilinxvivado/projects/arbiter-PUF-FPGA/new_workspace/platform/ps7_cortexa9_0/standalone_domain/bsp/system.mss
TRACE::2025-07-17.22:30:06::SCWMssOS::bsp generated is upto date with the mss file. Skipping bsp generation.
TRACE::2025-07-17.22:30:06::SCWMssOS::BSP is already built. skipping the bsp build ... 
TRACE::2025-07-17.22:30:06::SCWDomain::Building the domain as part of full build :  standalone_domain
TRACE::2025-07-17.22:30:06::SCWMssOS::doing bsp build ... 
TRACE::2025-07-17.22:30:06::SCWMssOS::System Command Ran  C: & cd  C:/AB/xilinxvivado/projects/arbiter-PUF-FPGA/new_workspace/platform/ps7_cortexa9_0/standalone_domain/bsp & make 
TRACE::2025-07-17.22:30:06::SCWMssOS::make --no-print-directory seq_libs

TRACE::2025-07-17.22:30:06::SCWMssOS::"Running Make include in ps7_cortexa9_0/libsrc/arbiter_puf_fpga_v1_0/src"

TRACE::2025-07-17.22:30:06::SCWMssOS::make -C ps7_cortexa9_0/libsrc/arbiter_puf_fpga_v1_0/src -s include  "SHELL=CMD" "COMPILER=arm-none-eabi-gcc" "ASSEMBLER=arm-non
TRACE::2025-07-17.22:30:06::SCWMssOS::e-eabi-as" "ARCHIVER=arm-none-eabi-ar" "COMPILER_FLAGS=  -O2 -c" "EXTRA_COMPILER_FLAGS=-mcpu=cortex-a9 -mfpu=vfpv3 -mfloat-abi=
TRACE::2025-07-17.22:30:06::SCWMssOS::hard -nostartfiles -g -Wall -Wextra"

TRACE::2025-07-17.22:30:06::SCWMssOS::"Running Make include in ps7_cortexa9_0/libsrc/coresightps_dcc_v1_8/src"

TRACE::2025-07-17.22:30:06::SCWMssOS::make -C ps7_cortexa9_0/libsrc/coresightps_dcc_v1_8/src -s include  "SHELL=CMD" "COMPILER=arm-none-eabi-gcc" "ASSEMBLER=arm-none
TRACE::2025-07-17.22:30:06::SCWMssOS::-eabi-as" "ARCHIVER=arm-none-eabi-ar" "COMPILER_FLAGS=  -O2 -c" "EXTRA_COMPILER_FLAGS=-mcpu=cortex-a9 -mfpu=vfpv3 -mfloat-abi=h
TRACE::2025-07-17.22:30:06::SCWMssOS::ard -nostartfiles -g -Wall -Wextra"

TRACE::2025-07-17.22:30:06::SCWMssOS::"Running Make include in ps7_cortexa9_0/libsrc/cpu_cortexa9_v2_10/src"

TRACE::2025-07-17.22:30:06::SCWMssOS::make -C ps7_cortexa9_0/libsrc/cpu_cortexa9_v2_10/src -s include  "SHELL=CMD" "COMPILER=arm-none-eabi-gcc" "ASSEMBLER=arm-none-e
TRACE::2025-07-17.22:30:06::SCWMssOS::abi-as" "ARCHIVER=arm-none-eabi-ar" "COMPILER_FLAGS=  -O2 -c" "EXTRA_COMPILER_FLAGS=-mcpu=cortex-a9 -mfpu=vfpv3 -mfloat-abi=har
TRACE::2025-07-17.22:30:06::SCWMssOS::d -nostartfiles -g -Wall -Wextra"

TRACE::2025-07-17.22:30:06::SCWMssOS::"Running Make include in ps7_cortexa9_0/libsrc/ddrps_v1_2/src"

TRACE::2025-07-17.22:30:06::SCWMssOS::make -C ps7_cortexa9_0/libsrc/ddrps_v1_2/src -s include  "SHELL=CMD" "COMPILER=arm-none-eabi-gcc" "ASSEMBLER=arm-none-eabi-as" 
TRACE::2025-07-17.22:30:06::SCWMssOS::"ARCHIVER=arm-none-eabi-ar" "COMPILER_FLAGS=  -O2 -c" "EXTRA_COMPILER_FLAGS=-mcpu=cortex-a9 -mfpu=vfpv3 -mfloat-abi=hard -nosta
TRACE::2025-07-17.22:30:06::SCWMssOS::rtfiles -g -Wall -Wextra"

TRACE::2025-07-17.22:30:06::SCWMssOS::"Running Make include in ps7_cortexa9_0/libsrc/devcfg_v3_7/src"

TRACE::2025-07-17.22:30:06::SCWMssOS::make -C ps7_cortexa9_0/libsrc/devcfg_v3_7/src -s include  "SHELL=CMD" "COMPILER=arm-none-eabi-gcc" "ASSEMBLER=arm-none-eabi-as"
TRACE::2025-07-17.22:30:06::SCWMssOS:: "ARCHIVER=arm-none-eabi-ar" "COMPILER_FLAGS=  -O2 -c" "EXTRA_COMPILER_FLAGS=-mcpu=cortex-a9 -mfpu=vfpv3 -mfloat-abi=hard -nost
TRACE::2025-07-17.22:30:06::SCWMssOS::artfiles -g -Wall -Wextra"

TRACE::2025-07-17.22:30:06::SCWMssOS::"Running Make include in ps7_cortexa9_0/libsrc/dmaps_v2_7/src"

TRACE::2025-07-17.22:30:06::SCWMssOS::make -C ps7_cortexa9_0/libsrc/dmaps_v2_7/src -s include  "SHELL=CMD" "COMPILER=arm-none-eabi-gcc" "ASSEMBLER=arm-none-eabi-as" 
TRACE::2025-07-17.22:30:06::SCWMssOS::"ARCHIVER=arm-none-eabi-ar" "COMPILER_FLAGS=  -O2 -c" "EXTRA_COMPILER_FLAGS=-mcpu=cortex-a9 -mfpu=vfpv3 -mfloat-abi=hard -nosta
TRACE::2025-07-17.22:30:06::SCWMssOS::rtfiles -g -Wall -Wextra"

TRACE::2025-07-17.22:30:06::SCWMssOS::"Running Make include in ps7_cortexa9_0/libsrc/scugic_v4_3/src"

TRACE::2025-07-17.22:30:06::SCWMssOS::make -C ps7_cortexa9_0/libsrc/scugic_v4_3/src -s include  "SHELL=CMD" "COMPILER=arm-none-eabi-gcc" "ASSEMBLER=arm-none-eabi-as"
TRACE::2025-07-17.22:30:06::SCWMssOS:: "ARCHIVER=arm-none-eabi-ar" "COMPILER_FLAGS=  -O2 -c" "EXTRA_COMPILER_FLAGS=-mcpu=cortex-a9 -mfpu=vfpv3 -mfloat-abi=hard -nost
TRACE::2025-07-17.22:30:06::SCWMssOS::artfiles -g -Wall -Wextra"

TRACE::2025-07-17.22:30:06::SCWMssOS::"Running Make include in ps7_cortexa9_0/libsrc/scutimer_v2_3/src"

TRACE::2025-07-17.22:30:06::SCWMssOS::make -C ps7_cortexa9_0/libsrc/scutimer_v2_3/src -s include  "SHELL=CMD" "COMPILER=arm-none-eabi-gcc" "ASSEMBLER=arm-none-eabi-a
TRACE::2025-07-17.22:30:06::SCWMssOS::s" "ARCHIVER=arm-none-eabi-ar" "COMPILER_FLAGS=  -O2 -c" "EXTRA_COMPILER_FLAGS=-mcpu=cortex-a9 -mfpu=vfpv3 -mfloat-abi=hard -no
TRACE::2025-07-17.22:30:06::SCWMssOS::startfiles -g -Wall -Wextra"

TRACE::2025-07-17.22:30:06::SCWMssOS::"Running Make include in ps7_cortexa9_0/libsrc/scuwdt_v2_3/src"

TRACE::2025-07-17.22:30:06::SCWMssOS::make -C ps7_cortexa9_0/libsrc/scuwdt_v2_3/src -s include  "SHELL=CMD" "COMPILER=arm-none-eabi-gcc" "ASSEMBLER=arm-none-eabi-as"
TRACE::2025-07-17.22:30:06::SCWMssOS:: "ARCHIVER=arm-none-eabi-ar" "COMPILER_FLAGS=  -O2 -c" "EXTRA_COMPILER_FLAGS=-mcpu=cortex-a9 -mfpu=vfpv3 -mfloat-abi=hard -nost
TRACE::2025-07-17.22:30:06::SCWMssOS::artfiles -g -Wall -Wextra"

TRACE::2025-07-17.22:30:07::SCWMssOS::"Running Make include in ps7_cortexa9_0/libsrc/standalone_v7_3/src"

TRACE::2025-07-17.22:30:07::SCWMssOS::make -C ps7_cortexa9_0/libsrc/standalone_v7_3/src -s include  "SHELL=CMD" "COMPILER=arm-none-eabi-gcc" "ASSEMBLER=arm-none-eabi
TRACE::2025-07-17.22:30:07::SCWMssOS::-as" "ARCHIVER=arm-none-eabi-ar" "COMPILER_FLAGS=  -O2 -c" "EXTRA_COMPILER_FLAGS=-mcpu=cortex-a9 -mfpu=vfpv3 -mfloat-abi=hard -
TRACE::2025-07-17.22:30:07::SCWMssOS::nostartfiles -g -Wall -Wextra"

TRACE::2025-07-17.22:30:07::SCWMssOS::"Running Make include in ps7_cortexa9_0/libsrc/uartps_v3_10/src"

TRACE::2025-07-17.22:30:07::SCWMssOS::make -C ps7_cortexa9_0/libsrc/uartps_v3_10/src -s include  "SHELL=CMD" "COMPILER=arm-none-eabi-gcc" "ASSEMBLER=arm-none-eabi-as
TRACE::2025-07-17.22:30:07::SCWMssOS::" "ARCHIVER=arm-none-eabi-ar" "COMPILER_FLAGS=  -O2 -c" "EXTRA_COMPILER_FLAGS=-mcpu=cortex-a9 -mfpu=vfpv3 -mfloat-abi=hard -nos
TRACE::2025-07-17.22:30:07::SCWMssOS::tartfiles -g -Wall -Wextra"

TRACE::2025-07-17.22:30:07::SCWMssOS::"Running Make include in ps7_cortexa9_0/libsrc/xadcps_v2_5/src"

TRACE::2025-07-17.22:30:07::SCWMssOS::make -C ps7_cortexa9_0/libsrc/xadcps_v2_5/src -s include  "SHELL=CMD" "COMPILER=arm-none-eabi-gcc" "ASSEMBLER=arm-none-eabi-as"
TRACE::2025-07-17.22:30:07::SCWMssOS:: "ARCHIVER=arm-none-eabi-ar" "COMPILER_FLAGS=  -O2 -c" "EXTRA_COMPILER_FLAGS=-mcpu=cortex-a9 -mfpu=vfpv3 -mfloat-abi=hard -nost
TRACE::2025-07-17.22:30:07::SCWMssOS::artfiles -g -Wall -Wextra"

TRACE::2025-07-17.22:30:07::SCWMssOS::"Running Make libs in ps7_cortexa9_0/libsrc/arbiter_puf_fpga_v1_0/src"

TRACE::2025-07-17.22:30:07::SCWMssOS::make -C ps7_cortexa9_0/libsrc/arbiter_puf_fpga_v1_0/src -s libs  "SHELL=CMD" "COMPILER=arm-none-eabi-gcc" "ASSEMBLER=arm-none-e
TRACE::2025-07-17.22:30:07::SCWMssOS::abi-as" "ARCHIVER=arm-none-eabi-ar" "COMPILER_FLAGS=  -O2 -c" "EXTRA_COMPILER_FLAGS=-mcpu=cortex-a9 -mfpu=vfpv3 -mfloat-abi=har
TRACE::2025-07-17.22:30:07::SCWMssOS::d -nostartfiles -g -Wall -Wextra"

TRACE::2025-07-17.22:30:07::SCWMssOS::"--- Using corrected repository Makefile to build custom IP driver ---"

ERROR::2025-07-17.22:30:07::SCWMssOS::Failed to build  the bsp sources for domain - standalone_domain
ERROR::2025-07-17.22:30:07::SCWSystem::Error in Processing the domain standalone_domain
TRACE::2025-07-17.22:40:14::SCWBDomain::System Command Ran  C:&  cd  C:/AB/xilinxvivado/projects/arbiter-PUF-FPGA/new_workspace/platform/zynq_fsbl & make clean
TRACE::2025-07-17.22:40:14::SCWBDomain::rm -rf  sd.o  nand.o  image_mover.o  md5.o  fsbl_hooks.o  main.o  nor.o  qspi.o  rsa.o  ps7_init.o  pcap.o  fsbl_handoff.o zynq
TRACE::2025-07-17.22:40:14::SCWBDomain::_fsbl_bsp/ps7_cortexa9_0/lib/libxil.a fsbl.elf *.o

TRACE::2025-07-17.22:40:14::SCWBDomain::System Command Ran  C:&  cd  C:/AB/xilinxvivado/projects/arbiter-PUF-FPGA/new_workspace/platform/zynq_fsbl/zynq_fsbl_bsp & make clean
TRACE::2025-07-17.22:40:14::SCWBDomain::make -C ps7_cortexa9_0/libsrc/arbiter_puf_fpga_v1_0/src -s clean 

TRACE::2025-07-17.22:40:14::SCWBDomain::make -C ps7_cortexa9_0/libsrc/coresightps_dcc_v1_8/src -s clean 

TRACE::2025-07-17.22:40:14::SCWBDomain::make -C ps7_cortexa9_0/libsrc/cpu_cortexa9_v2_10/src -s clean 

TRACE::2025-07-17.22:40:14::SCWBDomain::make -C ps7_cortexa9_0/libsrc/ddrps_v1_2/src -s clean 

TRACE::2025-07-17.22:40:14::SCWBDomain::make -C ps7_cortexa9_0/libsrc/devcfg_v3_7/src -s clean 

TRACE::2025-07-17.22:40:14::SCWBDomain::make -C ps7_cortexa9_0/libsrc/dmaps_v2_7/src -s clean 

TRACE::2025-07-17.22:40:14::SCWBDomain::make -C ps7_cortexa9_0/libsrc/scugic_v4_3/src -s clean 

TRACE::2025-07-17.22:40:14::SCWBDomain::make -C ps7_cortexa9_0/libsrc/scutimer_v2_3/src -s clean 

TRACE::2025-07-17.22:40:14::SCWBDomain::make -C ps7_cortexa9_0/libsrc/scuwdt_v2_3/src -s clean 

TRACE::2025-07-17.22:40:14::SCWBDomain::make -C ps7_cortexa9_0/libsrc/standalone_v7_3/src -s clean 

TRACE::2025-07-17.22:40:15::SCWBDomain::make -C ps7_cortexa9_0/libsrc/uartps_v3_10/src -s clean 

TRACE::2025-07-17.22:40:15::SCWBDomain::make -C ps7_cortexa9_0/libsrc/xadcps_v2_5/src -s clean 

TRACE::2025-07-17.22:40:15::SCWBDomain::make -C ps7_cortexa9_0/libsrc/xilffs_v4_4/src -s clean 

TRACE::2025-07-17.22:40:15::SCWBDomain::make -C ps7_cortexa9_0/libsrc/xilrsa_v1_6/src -s clean 

TRACE::2025-07-17.22:40:15::SCWBDomain::rm -f ps7_cortexa9_0/lib/libxil.a

TRACE::2025-07-17.22:40:15::SCWMssOS::cleaning the bsp 
TRACE::2025-07-17.22:40:15::SCWMssOS::System Command Ran  C: & cd  C:/AB/xilinxvivado/projects/arbiter-PUF-FPGA/new_workspace/platform/ps7_cortexa9_0/standalone_domain/bsp & make clean 
TRACE::2025-07-17.22:40:15::SCWMssOS::make -C ps7_cortexa9_0/libsrc/arbiter_puf_fpga_v1_0/src -s clean 

TRACE::2025-07-17.22:40:15::SCWMssOS::make -C ps7_cortexa9_0/libsrc/coresightps_dcc_v1_8/src -s clean 

TRACE::2025-07-17.22:40:15::SCWMssOS::make -C ps7_cortexa9_0/libsrc/cpu_cortexa9_v2_10/src -s clean 

TRACE::2025-07-17.22:40:15::SCWMssOS::make -C ps7_cortexa9_0/libsrc/ddrps_v1_2/src -s clean 

TRACE::2025-07-17.22:40:15::SCWMssOS::make -C ps7_cortexa9_0/libsrc/devcfg_v3_7/src -s clean 

TRACE::2025-07-17.22:40:15::SCWMssOS::make -C ps7_cortexa9_0/libsrc/dmaps_v2_7/src -s clean 

TRACE::2025-07-17.22:40:15::SCWMssOS::make -C ps7_cortexa9_0/libsrc/scugic_v4_3/src -s clean 

TRACE::2025-07-17.22:40:16::SCWMssOS::make -C ps7_cortexa9_0/libsrc/scutimer_v2_3/src -s clean 

TRACE::2025-07-17.22:40:16::SCWMssOS::make -C ps7_cortexa9_0/libsrc/scuwdt_v2_3/src -s clean 

TRACE::2025-07-17.22:40:16::SCWMssOS::make -C ps7_cortexa9_0/libsrc/standalone_v7_3/src -s clean 

TRACE::2025-07-17.22:40:16::SCWMssOS::make -C ps7_cortexa9_0/libsrc/uartps_v3_10/src -s clean 

TRACE::2025-07-17.22:40:16::SCWMssOS::make -C ps7_cortexa9_0/libsrc/xadcps_v2_5/src -s clean 

TRACE::2025-07-17.22:40:16::SCWMssOS::rm -f ps7_cortexa9_0/lib/libxil.a

LOG::2025-07-17.22:40:25::SCWPlatform::Started generating the artifacts platform platform
TRACE::2025-07-17.22:40:25::SCWPlatform::Sanity checking of platform is completed
LOG::2025-07-17.22:40:25::SCWPlatform::Started generating the artifacts for system configuration platform
LOG::2025-07-17.22:40:25::SCWSystem::Checking the domain zynq_fsbl
LOG::2025-07-17.22:40:25::SCWSystem::Doing application build for :  zynq_fsbl
TRACE::2025-07-17.22:40:25::SCWBDomain::Not a forced makefile updation, No changes are present. 
TRACE::2025-07-17.22:40:25::SCWDomain::Building the domain as part of full build :  zynq_fsbl
TRACE::2025-07-17.22:40:25::SCWPlatform::Trying to open the hw design at C:/AB/xilinxvivado/projects/arbiter-PUF-FPGA/new_workspace/platform/hw/design_2_wrapper_final_2.xsa
TRACE::2025-07-17.22:40:25::SCWPlatform::DSA given C:/AB/xilinxvivado/projects/arbiter-PUF-FPGA/new_workspace/platform/hw/design_2_wrapper_final_2.xsa
TRACE::2025-07-17.22:40:25::SCWPlatform::DSA absoulate path C:/AB/xilinxvivado/projects/arbiter-PUF-FPGA/new_workspace/platform/hw/design_2_wrapper_final_2.xsa
TRACE::2025-07-17.22:40:25::SCWPlatform::DSA directory C:/AB/xilinxvivado/projects/arbiter-PUF-FPGA/new_workspace/platform/hw
TRACE::2025-07-17.22:40:25::SCWPlatform:: Platform Path C:/AB/xilinxvivado/projects/arbiter-PUF-FPGA/new_workspace/platform/hw/design_2_wrapper_final_2.xsa
TRACE::2025-07-17.22:40:25::SCWPlatform:: Unique name xilinx:::0.0
TRACE::2025-07-17.22:40:25::SCWPlatform::Trying to set the existing hwdb with name design_2_wrapper_1
TRACE::2025-07-17.22:40:25::SCWPlatform::Opened existing hwdb design_2_wrapper_1
TRACE::2025-07-17.22:40:25::SCWPlatform::Found the Hw Db part of the input DSA
TRACE::2025-07-17.22:40:25::SCWMssOS::Checking the sw design at  C:/AB/xilinxvivado/projects/arbiter-PUF-FPGA/new_workspace/platform/zynq_fsbl/zynq_fsbl_bsp/system.mss
TRACE::2025-07-17.22:40:25::SCWMssOS::DEBUG:  swdes dump  C:/AB/xilinxvivado/projects/arbiter-PUF-FPGA/new_workspace/platform/ps7_cortexa9_0/standalone_domain/bsp/system.mss|system_0||
C:/AB/xilinxvivado/projects/arbiter-PUF-FPGA/new_workspace/platform/zynq_fsbl/zynq_fsbl_bsp/system.mss|system||

TRACE::2025-07-17.22:40:25::SCWMssOS::Sw design exists and opened at  C:/AB/xilinxvivado/projects/arbiter-PUF-FPGA/new_workspace/platform/zynq_fsbl/zynq_fsbl_bsp/system.mss
TRACE::2025-07-17.22:40:25::SCWBDomain::Completed writing the mss file at C:/AB/xilinxvivado/projects/arbiter-PUF-FPGA/new_workspace/platform/zynq_fsbl/zynq_fsbl_bsp
TRACE::2025-07-17.22:40:25::SCWBDomain::bsp generated is upto date with the mss file. Skipping bsp generation.
TRACE::2025-07-17.22:40:25::SCWBDomain::Not a forced makefile updation, No changes are present. 
TRACE::2025-07-17.22:40:25::SCWBDomain::System Command Ran  C:&  cd  C:/AB/xilinxvivado/projects/arbiter-PUF-FPGA/new_workspace/platform/zynq_fsbl& make -C  zynq_fsbl_bsp & make 
TRACE::2025-07-17.22:40:25::SCWBDomain::make: Entering directory 'C:/AB/xilinxvivado/projects/arbiter-PUF-FPGA/new_workspace/platform/zynq_fsbl/zynq_fsbl_bsp'

TRACE::2025-07-17.22:40:25::SCWBDomain::make --no-print-directory seq_libs

TRACE::2025-07-17.22:40:25::SCWBDomain::"Running Make include in ps7_cortexa9_0/libsrc/arbiter_puf_fpga_v1_0/src"

TRACE::2025-07-17.22:40:25::SCWBDomain::make -C ps7_cortexa9_0/libsrc/arbiter_puf_fpga_v1_0/src -s include  "SHELL=CMD" "COMPILER=arm-none-eabi-gcc" "ASSEMBLER=arm-non
TRACE::2025-07-17.22:40:25::SCWBDomain::e-eabi-as" "ARCHIVER=arm-none-eabi-ar" "COMPILER_FLAGS=  -O2 -c" "EXTRA_COMPILER_FLAGS=-mcpu=cortex-a9 -mfpu=vfpv3 -mfloat-abi=
TRACE::2025-07-17.22:40:25::SCWBDomain::hard -nostartfiles -g -Wall -Wextra"

TRACE::2025-07-17.22:40:25::SCWBDomain::        1 file(s) copied.

TRACE::2025-07-17.22:40:25::SCWBDomain::"Running Make include in ps7_cortexa9_0/libsrc/coresightps_dcc_v1_8/src"

TRACE::2025-07-17.22:40:25::SCWBDomain::make -C ps7_cortexa9_0/libsrc/coresightps_dcc_v1_8/src -s include  "SHELL=CMD" "COMPILER=arm-none-eabi-gcc" "ASSEMBLER=arm-none
TRACE::2025-07-17.22:40:25::SCWBDomain::-eabi-as" "ARCHIVER=arm-none-eabi-ar" "COMPILER_FLAGS=  -O2 -c" "EXTRA_COMPILER_FLAGS=-mcpu=cortex-a9 -mfpu=vfpv3 -mfloat-abi=h
TRACE::2025-07-17.22:40:25::SCWBDomain::ard -nostartfiles -g -Wall -Wextra"

TRACE::2025-07-17.22:40:25::SCWBDomain::"Running Make include in ps7_cortexa9_0/libsrc/cpu_cortexa9_v2_10/src"

TRACE::2025-07-17.22:40:25::SCWBDomain::make -C ps7_cortexa9_0/libsrc/cpu_cortexa9_v2_10/src -s include  "SHELL=CMD" "COMPILER=arm-none-eabi-gcc" "ASSEMBLER=arm-none-e
TRACE::2025-07-17.22:40:25::SCWBDomain::abi-as" "ARCHIVER=arm-none-eabi-ar" "COMPILER_FLAGS=  -O2 -c" "EXTRA_COMPILER_FLAGS=-mcpu=cortex-a9 -mfpu=vfpv3 -mfloat-abi=har
TRACE::2025-07-17.22:40:25::SCWBDomain::d -nostartfiles -g -Wall -Wextra"

TRACE::2025-07-17.22:40:25::SCWBDomain::"Running Make include in ps7_cortexa9_0/libsrc/ddrps_v1_2/src"

TRACE::2025-07-17.22:40:25::SCWBDomain::make -C ps7_cortexa9_0/libsrc/ddrps_v1_2/src -s include  "SHELL=CMD" "COMPILER=arm-none-eabi-gcc" "ASSEMBLER=arm-none-eabi-as" 
TRACE::2025-07-17.22:40:25::SCWBDomain::"ARCHIVER=arm-none-eabi-ar" "COMPILER_FLAGS=  -O2 -c" "EXTRA_COMPILER_FLAGS=-mcpu=cortex-a9 -mfpu=vfpv3 -mfloat-abi=hard -nosta
TRACE::2025-07-17.22:40:25::SCWBDomain::rtfiles -g -Wall -Wextra"

TRACE::2025-07-17.22:40:25::SCWBDomain::"Running Make include in ps7_cortexa9_0/libsrc/devcfg_v3_7/src"

TRACE::2025-07-17.22:40:25::SCWBDomain::make -C ps7_cortexa9_0/libsrc/devcfg_v3_7/src -s include  "SHELL=CMD" "COMPILER=arm-none-eabi-gcc" "ASSEMBLER=arm-none-eabi-as"
TRACE::2025-07-17.22:40:25::SCWBDomain:: "ARCHIVER=arm-none-eabi-ar" "COMPILER_FLAGS=  -O2 -c" "EXTRA_COMPILER_FLAGS=-mcpu=cortex-a9 -mfpu=vfpv3 -mfloat-abi=hard -nost
TRACE::2025-07-17.22:40:25::SCWBDomain::artfiles -g -Wall -Wextra"

TRACE::2025-07-17.22:40:25::SCWBDomain::"Running Make include in ps7_cortexa9_0/libsrc/dmaps_v2_7/src"

TRACE::2025-07-17.22:40:25::SCWBDomain::make -C ps7_cortexa9_0/libsrc/dmaps_v2_7/src -s include  "SHELL=CMD" "COMPILER=arm-none-eabi-gcc" "ASSEMBLER=arm-none-eabi-as" 
TRACE::2025-07-17.22:40:25::SCWBDomain::"ARCHIVER=arm-none-eabi-ar" "COMPILER_FLAGS=  -O2 -c" "EXTRA_COMPILER_FLAGS=-mcpu=cortex-a9 -mfpu=vfpv3 -mfloat-abi=hard -nosta
TRACE::2025-07-17.22:40:25::SCWBDomain::rtfiles -g -Wall -Wextra"

TRACE::2025-07-17.22:40:25::SCWBDomain::"Running Make include in ps7_cortexa9_0/libsrc/scugic_v4_3/src"

TRACE::2025-07-17.22:40:25::SCWBDomain::make -C ps7_cortexa9_0/libsrc/scugic_v4_3/src -s include  "SHELL=CMD" "COMPILER=arm-none-eabi-gcc" "ASSEMBLER=arm-none-eabi-as"
TRACE::2025-07-17.22:40:25::SCWBDomain:: "ARCHIVER=arm-none-eabi-ar" "COMPILER_FLAGS=  -O2 -c" "EXTRA_COMPILER_FLAGS=-mcpu=cortex-a9 -mfpu=vfpv3 -mfloat-abi=hard -nost
TRACE::2025-07-17.22:40:25::SCWBDomain::artfiles -g -Wall -Wextra"

TRACE::2025-07-17.22:40:25::SCWBDomain::"Running Make include in ps7_cortexa9_0/libsrc/scutimer_v2_3/src"

TRACE::2025-07-17.22:40:25::SCWBDomain::make -C ps7_cortexa9_0/libsrc/scutimer_v2_3/src -s include  "SHELL=CMD" "COMPILER=arm-none-eabi-gcc" "ASSEMBLER=arm-none-eabi-a
TRACE::2025-07-17.22:40:25::SCWBDomain::s" "ARCHIVER=arm-none-eabi-ar" "COMPILER_FLAGS=  -O2 -c" "EXTRA_COMPILER_FLAGS=-mcpu=cortex-a9 -mfpu=vfpv3 -mfloat-abi=hard -no
TRACE::2025-07-17.22:40:25::SCWBDomain::startfiles -g -Wall -Wextra"

TRACE::2025-07-17.22:40:25::SCWBDomain::"Running Make include in ps7_cortexa9_0/libsrc/scuwdt_v2_3/src"

TRACE::2025-07-17.22:40:25::SCWBDomain::make -C ps7_cortexa9_0/libsrc/scuwdt_v2_3/src -s include  "SHELL=CMD" "COMPILER=arm-none-eabi-gcc" "ASSEMBLER=arm-none-eabi-as"
TRACE::2025-07-17.22:40:25::SCWBDomain:: "ARCHIVER=arm-none-eabi-ar" "COMPILER_FLAGS=  -O2 -c" "EXTRA_COMPILER_FLAGS=-mcpu=cortex-a9 -mfpu=vfpv3 -mfloat-abi=hard -nost
TRACE::2025-07-17.22:40:25::SCWBDomain::artfiles -g -Wall -Wextra"

TRACE::2025-07-17.22:40:25::SCWBDomain::"Running Make include in ps7_cortexa9_0/libsrc/standalone_v7_3/src"

TRACE::2025-07-17.22:40:25::SCWBDomain::make -C ps7_cortexa9_0/libsrc/standalone_v7_3/src -s include  "SHELL=CMD" "COMPILER=arm-none-eabi-gcc" "ASSEMBLER=arm-none-eabi
TRACE::2025-07-17.22:40:25::SCWBDomain::-as" "ARCHIVER=arm-none-eabi-ar" "COMPILER_FLAGS=  -O2 -c" "EXTRA_COMPILER_FLAGS=-mcpu=cortex-a9 -mfpu=vfpv3 -mfloat-abi=hard -
TRACE::2025-07-17.22:40:25::SCWBDomain::nostartfiles -g -Wall -Wextra"

TRACE::2025-07-17.22:40:25::SCWBDomain::"Running Make include in ps7_cortexa9_0/libsrc/uartps_v3_10/src"

TRACE::2025-07-17.22:40:25::SCWBDomain::make -C ps7_cortexa9_0/libsrc/uartps_v3_10/src -s include  "SHELL=CMD" "COMPILER=arm-none-eabi-gcc" "ASSEMBLER=arm-none-eabi-as
TRACE::2025-07-17.22:40:25::SCWBDomain::" "ARCHIVER=arm-none-eabi-ar" "COMPILER_FLAGS=  -O2 -c" "EXTRA_COMPILER_FLAGS=-mcpu=cortex-a9 -mfpu=vfpv3 -mfloat-abi=hard -nos
TRACE::2025-07-17.22:40:25::SCWBDomain::tartfiles -g -Wall -Wextra"

TRACE::2025-07-17.22:40:25::SCWBDomain::"Running Make include in ps7_cortexa9_0/libsrc/xadcps_v2_5/src"

TRACE::2025-07-17.22:40:25::SCWBDomain::make -C ps7_cortexa9_0/libsrc/xadcps_v2_5/src -s include  "SHELL=CMD" "COMPILER=arm-none-eabi-gcc" "ASSEMBLER=arm-none-eabi-as"
TRACE::2025-07-17.22:40:25::SCWBDomain:: "ARCHIVER=arm-none-eabi-ar" "COMPILER_FLAGS=  -O2 -c" "EXTRA_COMPILER_FLAGS=-mcpu=cortex-a9 -mfpu=vfpv3 -mfloat-abi=hard -nost
TRACE::2025-07-17.22:40:25::SCWBDomain::artfiles -g -Wall -Wextra"

TRACE::2025-07-17.22:40:25::SCWBDomain::"Running Make include in ps7_cortexa9_0/libsrc/xilffs_v4_4/src"

TRACE::2025-07-17.22:40:25::SCWBDomain::make -C ps7_cortexa9_0/libsrc/xilffs_v4_4/src -s include  "SHELL=CMD" "COMPILER=arm-none-eabi-gcc" "ASSEMBLER=arm-none-eabi-as"
TRACE::2025-07-17.22:40:25::SCWBDomain:: "ARCHIVER=arm-none-eabi-ar" "COMPILER_FLAGS=  -O2 -c" "EXTRA_COMPILER_FLAGS=-mcpu=cortex-a9 -mfpu=vfpv3 -mfloat-abi=hard -nost
TRACE::2025-07-17.22:40:25::SCWBDomain::artfiles -g -Wall -Wextra"

TRACE::2025-07-17.22:40:25::SCWBDomain::"Running Make include in ps7_cortexa9_0/libsrc/xilrsa_v1_6/src"

TRACE::2025-07-17.22:40:25::SCWBDomain::make -C ps7_cortexa9_0/libsrc/xilrsa_v1_6/src -s include  "SHELL=CMD" "COMPILER=arm-none-eabi-gcc" "ASSEMBLER=arm-none-eabi-as"
TRACE::2025-07-17.22:40:25::SCWBDomain:: "ARCHIVER=arm-none-eabi-ar" "COMPILER_FLAGS=  -O2 -c" "EXTRA_COMPILER_FLAGS=-mcpu=cortex-a9 -mfpu=vfpv3 -mfloat-abi=hard -nost
TRACE::2025-07-17.22:40:25::SCWBDomain::artfiles -g -Wall -Wextra"

TRACE::2025-07-17.22:40:25::SCWBDomain::"Running Make libs in ps7_cortexa9_0/libsrc/arbiter_puf_fpga_v1_0/src"

TRACE::2025-07-17.22:40:25::SCWBDomain::make -C ps7_cortexa9_0/libsrc/arbiter_puf_fpga_v1_0/src -s libs  "SHELL=CMD" "COMPILER=arm-none-eabi-gcc" "ASSEMBLER=arm-none-e
TRACE::2025-07-17.22:40:25::SCWBDomain::abi-as" "ARCHIVER=arm-none-eabi-ar" "COMPILER_FLAGS=  -O2 -c" "EXTRA_COMPILER_FLAGS=-mcpu=cortex-a9 -mfpu=vfpv3 -mfloat-abi=har
TRACE::2025-07-17.22:40:25::SCWBDomain::d -nostartfiles -g -Wall -Wextra"

TRACE::2025-07-17.22:40:26::SCWBDomain::"Running Make libs in ps7_cortexa9_0/libsrc/xilrsa_v1_6/src"

TRACE::2025-07-17.22:40:26::SCWBDomain::make -C ps7_cortexa9_0/libsrc/xilrsa_v1_6/src -s libs  "SHELL=CMD" "COMPILER=arm-none-eabi-gcc" "ASSEMBLER=arm-none-eabi-as" "A
TRACE::2025-07-17.22:40:26::SCWBDomain::RCHIVER=arm-none-eabi-ar" "COMPILER_FLAGS=  -O2 -c" "EXTRA_COMPILER_FLAGS=-mcpu=cortex-a9 -mfpu=vfpv3 -mfloat-abi=hard -nostart
TRACE::2025-07-17.22:40:26::SCWBDomain::files -g -Wall -Wextra"

TRACE::2025-07-17.22:40:26::SCWBDomain::'Finished building libraries sequentially.'

TRACE::2025-07-17.22:40:26::SCWBDomain::make -j --no-print-directory par_libs

TRACE::2025-07-17.22:40:26::SCWBDomain::"Running Make include in ps7_cortexa9_0/libsrc/arbiter_puf_fpga_v1_0/src"

TRACE::2025-07-17.22:40:26::SCWBDomain::"Running Make include in ps7_cortexa9_0/libsrc/coresightps_dcc_v1_8/src"

TRACE::2025-07-17.22:40:26::SCWBDomain::make -C ps7_cortexa9_0/libsrc/arbiter_puf_fpga_v1_0/src -s include  "SHELL=CMD" "COMPILER=arm-none-eabi-gcc" "ASSEMBLER=arm-non
TRACE::2025-07-17.22:40:26::SCWBDomain::e-eabi-as" "ARCHIVER=arm-none-eabi-ar" "COMPILER_FLAGS=  -O2 -c" "EXTRA_COMPILER_FLAGS=-mcpu=cortex-a9 -mfpu=vfpv3 -mfloat-abi=
TRACE::2025-07-17.22:40:26::SCWBDomain::hard -nostartfiles -g -Wall -Wextra"

TRACE::2025-07-17.22:40:26::SCWBDomain::make -C ps7_cortexa9_0/libsrc/coresightps_dcc_v1_8/src -s include  "SHELL=CMD" "COMPILER=arm-none-eabi-gcc" "ASSEMBLER=arm-none
TRACE::2025-07-17.22:40:26::SCWBDomain::-eabi-as" "ARCHIVER=arm-none-eabi-ar" "COMPILER_FLAGS=  -O2 -c" "EXTRA_COMPILER_FLAGS=-mcpu=cortex-a9 -mfpu=vfpv3 -mfloat-abi=h
TRACE::2025-07-17.22:40:26::SCWBDomain::ard -nostartfiles -g -Wall -Wextra"

TRACE::2025-07-17.22:40:26::SCWBDomain::"Running Make include in ps7_cortexa9_0/libsrc/cpu_cortexa9_v2_10/src"

TRACE::2025-07-17.22:40:26::SCWBDomain::"Running Make include in ps7_cortexa9_0/libsrc/ddrps_v1_2/src"

TRACE::2025-07-17.22:40:26::SCWBDomain::make -C ps7_cortexa9_0/libsrc/cpu_cortexa9_v2_10/src -s include  "SHELL=CMD" "COMPILER=arm-none-eabi-gcc" "ASSEMBLER=arm-none-e
TRACE::2025-07-17.22:40:26::SCWBDomain::abi-as" "ARCHIVER=arm-none-eabi-ar" "COMPILER_FLAGS=  -O2 -c" "EXTRA_COMPILER_FLAGS=-mcpu=cortex-a9 -mfpu=vfpv3 -mfloat-abi=har
TRACE::2025-07-17.22:40:26::SCWBDomain::d -nostartfiles -g -Wall -Wextra"

TRACE::2025-07-17.22:40:26::SCWBDomain::"Running Make include in ps7_cortexa9_0/libsrc/devcfg_v3_7/src"

TRACE::2025-07-17.22:40:26::SCWBDomain::make -C ps7_cortexa9_0/libsrc/ddrps_v1_2/src -s include  "SHELL=CMD" "COMPILER=arm-none-eabi-gcc" "ASSEMBLER=arm-none-eabi-as" 
TRACE::2025-07-17.22:40:26::SCWBDomain::"ARCHIVER=arm-none-eabi-ar" "COMPILER_FLAGS=  -O2 -c" "EXTRA_COMPILER_FLAGS=-mcpu=cortex-a9 -mfpu=vfpv3 -mfloat-abi=hard -nosta
TRACE::2025-07-17.22:40:26::SCWBDomain::rtfiles -g -Wall -Wextra"

TRACE::2025-07-17.22:40:26::SCWBDomain::make -C ps7_cortexa9_0/libsrc/devcfg_v3_7/src -s include  "SHELL=CMD" "COMPILER=arm-none-eabi-gcc" "ASSEMBLER=arm-none-eabi-as"
TRACE::2025-07-17.22:40:26::SCWBDomain:: "ARCHIVER=arm-none-eabi-ar" "COMPILER_FLAGS=  -O2 -c" "EXTRA_COMPILER_FLAGS=-mcpu=cortex-a9 -mfpu=vfpv3 -mfloat-abi=hard -nost
TRACE::2025-07-17.22:40:26::SCWBDomain::artfiles -g -Wall -Wextra"

TRACE::2025-07-17.22:40:26::SCWBDomain::"Running Make include in ps7_cortexa9_0/libsrc/dmaps_v2_7/src"

TRACE::2025-07-17.22:40:26::SCWBDomain::make -C ps7_cortexa9_0/libsrc/dmaps_v2_7/src -s include  "SHELL=CMD" "COMPILER=arm-none-eabi-gcc" "ASSEMBLER=arm-none-eabi-as" 
TRACE::2025-07-17.22:40:26::SCWBDomain::"ARCHIVER=arm-none-eabi-ar" "COMPILER_FLAGS=  -O2 -c" "EXTRA_COMPILER_FLAGS=-mcpu=cortex-a9 -mfpu=vfpv3 -mfloat-abi=hard -nosta
TRACE::2025-07-17.22:40:26::SCWBDomain::rtfiles -g -Wall -Wextra"

TRACE::2025-07-17.22:40:26::SCWBDomain::"Running Make include in ps7_cortexa9_0/libsrc/scugic_v4_3/src"

TRACE::2025-07-17.22:40:26::SCWBDomain::"Running Make include in ps7_cortexa9_0/libsrc/scutimer_v2_3/src"

TRACE::2025-07-17.22:40:26::SCWBDomain::        1 file(s) copied.

TRACE::2025-07-17.22:40:26::SCWBDomain::make -C ps7_cortexa9_0/libsrc/scugic_v4_3/src -s include  "SHELL=CMD" "COMPILER=arm-none-eabi-gcc" "ASSEMBLER=arm-none-eabi-as"
TRACE::2025-07-17.22:40:26::SCWBDomain:: "ARCHIVER=arm-none-eabi-ar" "COMPILER_FLAGS=  -O2 -c" "EXTRA_COMPILER_FLAGS=-mcpu=cortex-a9 -mfpu=vfpv3 -mfloat-abi=hard -nost
TRACE::2025-07-17.22:40:26::SCWBDomain::artfiles -g -Wall -Wextra"

TRACE::2025-07-17.22:40:26::SCWBDomain::make -C ps7_cortexa9_0/libsrc/scutimer_v2_3/src -s include  "SHELL=CMD" "COMPILER=arm-none-eabi-gcc" "ASSEMBLER=arm-none-eabi-a
TRACE::2025-07-17.22:40:26::SCWBDomain::s" "ARCHIVER=arm-none-eabi-ar" "COMPILER_FLAGS=  -O2 -c" "EXTRA_COMPILER_FLAGS=-mcpu=cortex-a9 -mfpu=vfpv3 -mfloat-abi=hard -no
TRACE::2025-07-17.22:40:26::SCWBDomain::startfiles -g -Wall -Wextra"

TRACE::2025-07-17.22:40:26::SCWBDomain::"Running Make include in ps7_cortexa9_0/libsrc/scuwdt_v2_3/src"

TRACE::2025-07-17.22:40:26::SCWBDomain::make -C ps7_cortexa9_0/libsrc/scuwdt_v2_3/src -s include  "SHELL=CMD" "COMPILER=arm-none-eabi-gcc" "ASSEMBLER=arm-none-eabi-as"
TRACE::2025-07-17.22:40:26::SCWBDomain:: "ARCHIVER=arm-none-eabi-ar" "COMPILER_FLAGS=  -O2 -c" "EXTRA_COMPILER_FLAGS=-mcpu=cortex-a9 -mfpu=vfpv3 -mfloat-abi=hard -nost
TRACE::2025-07-17.22:40:26::SCWBDomain::artfiles -g -Wall -Wextra"

TRACE::2025-07-17.22:40:26::SCWBDomain::"Running Make include in ps7_cortexa9_0/libsrc/standalone_v7_3/src"

TRACE::2025-07-17.22:40:26::SCWBDomain::make -C ps7_cortexa9_0/libsrc/standalone_v7_3/src -s include  "SHELL=CMD" "COMPILER=arm-none-eabi-gcc" "ASSEMBLER=arm-none-eabi
TRACE::2025-07-17.22:40:26::SCWBDomain::-as" "ARCHIVER=arm-none-eabi-ar" "COMPILER_FLAGS=  -O2 -c" "EXTRA_COMPILER_FLAGS=-mcpu=cortex-a9 -mfpu=vfpv3 -mfloat-abi=hard -
TRACE::2025-07-17.22:40:26::SCWBDomain::nostartfiles -g -Wall -Wextra"

TRACE::2025-07-17.22:40:26::SCWBDomain::"Running Make include in ps7_cortexa9_0/libsrc/uartps_v3_10/src"

TRACE::2025-07-17.22:40:26::SCWBDomain::make -C ps7_cortexa9_0/libsrc/uartps_v3_10/src -s include  "SHELL=CMD" "COMPILER=arm-none-eabi-gcc" "ASSEMBLER=arm-none-eabi-as
TRACE::2025-07-17.22:40:26::SCWBDomain::" "ARCHIVER=arm-none-eabi-ar" "COMPILER_FLAGS=  -O2 -c" "EXTRA_COMPILER_FLAGS=-mcpu=cortex-a9 -mfpu=vfpv3 -mfloat-abi=hard -nos
TRACE::2025-07-17.22:40:26::SCWBDomain::tartfiles -g -Wall -Wextra"

TRACE::2025-07-17.22:40:26::SCWBDomain::"Running Make include in ps7_cortexa9_0/libsrc/xadcps_v2_5/src"

TRACE::2025-07-17.22:40:26::SCWBDomain::make -C ps7_cortexa9_0/libsrc/xadcps_v2_5/src -s include  "SHELL=CMD" "COMPILER=arm-none-eabi-gcc" "ASSEMBLER=arm-none-eabi-as"
TRACE::2025-07-17.22:40:26::SCWBDomain:: "ARCHIVER=arm-none-eabi-ar" "COMPILER_FLAGS=  -O2 -c" "EXTRA_COMPILER_FLAGS=-mcpu=cortex-a9 -mfpu=vfpv3 -mfloat-abi=hard -nost
TRACE::2025-07-17.22:40:26::SCWBDomain::artfiles -g -Wall -Wextra"

TRACE::2025-07-17.22:40:26::SCWBDomain::"Running Make include in ps7_cortexa9_0/libsrc/xilffs_v4_4/src"

TRACE::2025-07-17.22:40:26::SCWBDomain::make -C ps7_cortexa9_0/libsrc/xilffs_v4_4/src -s include  "SHELL=CMD" "COMPILER=arm-none-eabi-gcc" "ASSEMBLER=arm-none-eabi-as"
TRACE::2025-07-17.22:40:26::SCWBDomain:: "ARCHIVER=arm-none-eabi-ar" "COMPILER_FLAGS=  -O2 -c" "EXTRA_COMPILER_FLAGS=-mcpu=cortex-a9 -mfpu=vfpv3 -mfloat-abi=hard -nost
TRACE::2025-07-17.22:40:26::SCWBDomain::artfiles -g -Wall -Wextra"

TRACE::2025-07-17.22:40:26::SCWBDomain::"Running Make include in ps7_cortexa9_0/libsrc/xilrsa_v1_6/src"

TRACE::2025-07-17.22:40:26::SCWBDomain::make -C ps7_cortexa9_0/libsrc/xilrsa_v1_6/src -s include  "SHELL=CMD" "COMPILER=arm-none-eabi-gcc" "ASSEMBLER=arm-none-eabi-as"
TRACE::2025-07-17.22:40:26::SCWBDomain:: "ARCHIVER=arm-none-eabi-ar" "COMPILER_FLAGS=  -O2 -c" "EXTRA_COMPILER_FLAGS=-mcpu=cortex-a9 -mfpu=vfpv3 -mfloat-abi=hard -nost
TRACE::2025-07-17.22:40:26::SCWBDomain::artfiles -g -Wall -Wextra"

TRACE::2025-07-17.22:40:26::SCWBDomain::"Running Make libs in ps7_cortexa9_0/libsrc/coresightps_dcc_v1_8/src"

TRACE::2025-07-17.22:40:26::SCWBDomain::"Running Make libs in ps7_cortexa9_0/libsrc/cpu_cortexa9_v2_10/src"

TRACE::2025-07-17.22:40:26::SCWBDomain::make -C ps7_cortexa9_0/libsrc/coresightps_dcc_v1_8/src -s libs  "SHELL=CMD" "COMPILER=arm-none-eabi-gcc" "ASSEMBLER=arm-none-ea
TRACE::2025-07-17.22:40:26::SCWBDomain::bi-as" "ARCHIVER=arm-none-eabi-ar" "COMPILER_FLAGS=  -O2 -c" "EXTRA_COMPILER_FLAGS=-mcpu=cortex-a9 -mfpu=vfpv3 -mfloat-abi=hard
TRACE::2025-07-17.22:40:26::SCWBDomain:: -nostartfiles -g -Wall -Wextra"

TRACE::2025-07-17.22:40:26::SCWBDomain::"Running Make libs in ps7_cortexa9_0/libsrc/ddrps_v1_2/src"

TRACE::2025-07-17.22:40:26::SCWBDomain::make -C ps7_cortexa9_0/libsrc/cpu_cortexa9_v2_10/src -s libs  "SHELL=CMD" "COMPILER=arm-none-eabi-gcc" "ASSEMBLER=arm-none-eabi
TRACE::2025-07-17.22:40:26::SCWBDomain::-as" "ARCHIVER=arm-none-eabi-ar" "COMPILER_FLAGS=  -O2 -c" "EXTRA_COMPILER_FLAGS=-mcpu=cortex-a9 -mfpu=vfpv3 -mfloat-abi=hard -
TRACE::2025-07-17.22:40:26::SCWBDomain::nostartfiles -g -Wall -Wextra"

TRACE::2025-07-17.22:40:26::SCWBDomain::"Running Make libs in ps7_cortexa9_0/libsrc/devcfg_v3_7/src"

TRACE::2025-07-17.22:40:26::SCWBDomain::make -C ps7_cortexa9_0/libsrc/ddrps_v1_2/src -s libs  "SHELL=CMD" "COMPILER=arm-none-eabi-gcc" "ASSEMBLER=arm-none-eabi-as" "AR
TRACE::2025-07-17.22:40:26::SCWBDomain::CHIVER=arm-none-eabi-ar" "COMPILER_FLAGS=  -O2 -c" "EXTRA_COMPILER_FLAGS=-mcpu=cortex-a9 -mfpu=vfpv3 -mfloat-abi=hard -nostartf
TRACE::2025-07-17.22:40:26::SCWBDomain::iles -g -Wall -Wextra"

TRACE::2025-07-17.22:40:26::SCWBDomain::"Running Make libs in ps7_cortexa9_0/libsrc/dmaps_v2_7/src"

TRACE::2025-07-17.22:40:26::SCWBDomain::make -C ps7_cortexa9_0/libsrc/devcfg_v3_7/src -s libs  "SHELL=CMD" "COMPILER=arm-none-eabi-gcc" "ASSEMBLER=arm-none-eabi-as" "A
TRACE::2025-07-17.22:40:26::SCWBDomain::RCHIVER=arm-none-eabi-ar" "COMPILER_FLAGS=  -O2 -c" "EXTRA_COMPILER_FLAGS=-mcpu=cortex-a9 -mfpu=vfpv3 -mfloat-abi=hard -nostart
TRACE::2025-07-17.22:40:26::SCWBDomain::files -g -Wall -Wextra"

TRACE::2025-07-17.22:40:26::SCWBDomain::make -C ps7_cortexa9_0/libsrc/dmaps_v2_7/src -s libs  "SHELL=CMD" "COMPILER=arm-none-eabi-gcc" "ASSEMBLER=arm-none-eabi-as" "AR
TRACE::2025-07-17.22:40:26::SCWBDomain::CHIVER=arm-none-eabi-ar" "COMPILER_FLAGS=  -O2 -c" "EXTRA_COMPILER_FLAGS=-mcpu=cortex-a9 -mfpu=vfpv3 -mfloat-abi=hard -nostartf
TRACE::2025-07-17.22:40:26::SCWBDomain::iles -g -Wall -Wextra"

TRACE::2025-07-17.22:40:26::SCWBDomain::"Running Make libs in ps7_cortexa9_0/libsrc/scugic_v4_3/src"

TRACE::2025-07-17.22:40:26::SCWBDomain::"Running Make libs in ps7_cortexa9_0/libsrc/scutimer_v2_3/src"

TRACE::2025-07-17.22:40:26::SCWBDomain::make -C ps7_cortexa9_0/libsrc/scugic_v4_3/src -s libs  "SHELL=CMD" "COMPILER=arm-none-eabi-gcc" "ASSEMBLER=arm-none-eabi-as" "A
TRACE::2025-07-17.22:40:26::SCWBDomain::RCHIVER=arm-none-eabi-ar" "COMPILER_FLAGS=  -O2 -c" "EXTRA_COMPILER_FLAGS=-mcpu=cortex-a9 -mfpu=vfpv3 -mfloat-abi=hard -nostart
TRACE::2025-07-17.22:40:26::SCWBDomain::files -g -Wall -Wextra"

TRACE::2025-07-17.22:40:26::SCWBDomain::"Running Make libs in ps7_cortexa9_0/libsrc/scuwdt_v2_3/src"

TRACE::2025-07-17.22:40:26::SCWBDomain::make -C ps7_cortexa9_0/libsrc/scutimer_v2_3/src -s libs  "SHELL=CMD" "COMPILER=arm-none-eabi-gcc" "ASSEMBLER=arm-none-eabi-as" 
TRACE::2025-07-17.22:40:26::SCWBDomain::"ARCHIVER=arm-none-eabi-ar" "COMPILER_FLAGS=  -O2 -c" "EXTRA_COMPILER_FLAGS=-mcpu=cortex-a9 -mfpu=vfpv3 -mfloat-abi=hard -nosta
TRACE::2025-07-17.22:40:26::SCWBDomain::rtfiles -g -Wall -Wextra"

TRACE::2025-07-17.22:40:26::SCWBDomain::make -C ps7_cortexa9_0/libsrc/scuwdt_v2_3/src -s libs  "SHELL=CMD" "COMPILER=arm-none-eabi-gcc" "ASSEMBLER=arm-none-eabi-as" "A
TRACE::2025-07-17.22:40:26::SCWBDomain::RCHIVER=arm-none-eabi-ar" "COMPILER_FLAGS=  -O2 -c" "EXTRA_COMPILER_FLAGS=-mcpu=cortex-a9 -mfpu=vfpv3 -mfloat-abi=hard -nostart
TRACE::2025-07-17.22:40:26::SCWBDomain::files -g -Wall -Wextra"

TRACE::2025-07-17.22:40:26::SCWBDomain::"Running Make libs in ps7_cortexa9_0/libsrc/standalone_v7_3/src"

TRACE::2025-07-17.22:40:26::SCWBDomain::"Running Make libs in ps7_cortexa9_0/libsrc/uartps_v3_10/src"

TRACE::2025-07-17.22:40:26::SCWBDomain::make -C ps7_cortexa9_0/libsrc/standalone_v7_3/src -s libs  "SHELL=CMD" "COMPILER=arm-none-eabi-gcc" "ASSEMBLER=arm-none-eabi-as
TRACE::2025-07-17.22:40:26::SCWBDomain::" "ARCHIVER=arm-none-eabi-ar" "COMPILER_FLAGS=  -O2 -c" "EXTRA_COMPILER_FLAGS=-mcpu=cortex-a9 -mfpu=vfpv3 -mfloat-abi=hard -nos
TRACE::2025-07-17.22:40:26::SCWBDomain::tartfiles -g -Wall -Wextra"

TRACE::2025-07-17.22:40:26::SCWBDomain::make -C ps7_cortexa9_0/libsrc/uartps_v3_10/src -s libs  "SHELL=CMD" "COMPILER=arm-none-eabi-gcc" "ASSEMBLER=arm-none-eabi-as" "
TRACE::2025-07-17.22:40:26::SCWBDomain::ARCHIVER=arm-none-eabi-ar" "COMPILER_FLAGS=  -O2 -c" "EXTRA_COMPILER_FLAGS=-mcpu=cortex-a9 -mfpu=vfpv3 -mfloat-abi=hard -nostar
TRACE::2025-07-17.22:40:26::SCWBDomain::tfiles -g -Wall -Wextra"

TRACE::2025-07-17.22:40:26::SCWBDomain::"Running Make libs in ps7_cortexa9_0/libsrc/xadcps_v2_5/src"

TRACE::2025-07-17.22:40:26::SCWBDomain::make -C ps7_cortexa9_0/libsrc/xadcps_v2_5/src -s libs  "SHELL=CMD" "COMPILER=arm-none-eabi-gcc" "ASSEMBLER=arm-none-eabi-as" "A
TRACE::2025-07-17.22:40:26::SCWBDomain::RCHIVER=arm-none-eabi-ar" "COMPILER_FLAGS=  -O2 -c" "EXTRA_COMPILER_FLAGS=-mcpu=cortex-a9 -mfpu=vfpv3 -mfloat-abi=hard -nostart
TRACE::2025-07-17.22:40:26::SCWBDomain::files -g -Wall -Wextra"

TRACE::2025-07-17.22:40:26::SCWBDomain::"Running Make libs in ps7_cortexa9_0/libsrc/xilffs_v4_4/src"

TRACE::2025-07-17.22:40:26::SCWBDomain::make -C ps7_cortexa9_0/libsrc/xilffs_v4_4/src -s libs  "SHELL=CMD" "COMPILER=arm-none-eabi-gcc" "ASSEMBLER=arm-none-eabi-as" "A
TRACE::2025-07-17.22:40:26::SCWBDomain::RCHIVER=arm-none-eabi-ar" "COMPILER_FLAGS=  -O2 -c" "EXTRA_COMPILER_FLAGS=-mcpu=cortex-a9 -mfpu=vfpv3 -mfloat-abi=hard -nostart
TRACE::2025-07-17.22:40:26::SCWBDomain::files -g -Wall -Wextra"

TRACE::2025-07-17.22:40:27::SCWBDomain::'Finished building libraries parallelly.'

TRACE::2025-07-17.22:40:27::SCWBDomain::make --no-print-directory archive

TRACE::2025-07-17.22:40:27::SCWBDomain::arm-none-eabi-ar -r  ps7_cortexa9_0/lib/libxil.a ps7_cortexa9_0/lib/xadcps_selftest.o ps7_cortexa9_0/lib/kill.o ps7_cortexa9_0/
TRACE::2025-07-17.22:40:27::SCWBDomain::lib/xscuwdt_g.o ps7_cortexa9_0/lib/xplatform_info.o ps7_cortexa9_0/lib/print.o ps7_cortexa9_0/lib/_exit.o ps7_cortexa9_0/lib/xi
TRACE::2025-07-17.22:40:27::SCWBDomain::l_testio.o ps7_cortexa9_0/lib/isatty.o ps7_cortexa9_0/lib/sleep.o ps7_cortexa9_0/lib/boot.o ps7_cortexa9_0/lib/xdevcfg_hw.o ps7
TRACE::2025-07-17.22:40:27::SCWBDomain::_cortexa9_0/lib/xadcps_intr.o ps7_cortexa9_0/lib/xpm_counter.o ps7_cortexa9_0/lib/xdmaps_g.o ps7_cortexa9_0/lib/xscutimer_g.o p
TRACE::2025-07-17.22:40:27::SCWBDomain::s7_cortexa9_0/lib/xdmaps_sinit.o ps7_cortexa9_0/lib/xscutimer_sinit.o ps7_cortexa9_0/lib/xil_cache.o ps7_cortexa9_0/lib/xil_uti
TRACE::2025-07-17.22:40:27::SCWBDomain::l.o ps7_cortexa9_0/lib/inbyte.o ps7_cortexa9_0/lib/xdmaps_selftest.o ps7_cortexa9_0/lib/xscutimer_selftest.o ps7_cortexa9_0/lib
TRACE::2025-07-17.22:40:27::SCWBDomain::/xil_misc_psreset_api.o ps7_cortexa9_0/lib/cpputest_time.o ps7_cortexa9_0/lib/close.o ps7_cortexa9_0/lib/xuartps_g.o ps7_cortex
TRACE::2025-07-17.22:40:27::SCWBDomain::a9_0/lib/xscugic_hw.o ps7_cortexa9_0/lib/translation_table.o ps7_cortexa9_0/lib/write.o ps7_cortexa9_0/lib/xil_mem.o ps7_cortex
TRACE::2025-07-17.22:40:27::SCWBDomain::a9_0/lib/cpu_init.o ps7_cortexa9_0/lib/xscugic_g.o ps7_cortexa9_0/lib/usleep.o ps7_cortexa9_0/lib/xuartps_sinit.o ps7_cortexa9_
TRACE::2025-07-17.22:40:27::SCWBDomain::0/lib/xil_sleepcommon.o ps7_cortexa9_0/lib/xil_printf.o ps7_cortexa9_0/lib/unlink.o ps7_cortexa9_0/lib/xadcps.o ps7_cortexa9_0/
TRACE::2025-07-17.22:40:27::SCWBDomain::lib/xdmaps_hw.o ps7_cortexa9_0/lib/xscugic_intr.o ps7_cortexa9_0/lib/xscugic_sinit.o ps7_cortexa9_0/lib/xil_sleeptimer.o ps7_co
TRACE::2025-07-17.22:40:27::SCWBDomain::rtexa9_0/lib/fcntl.o ps7_cortexa9_0/lib/open.o ps7_cortexa9_0/lib/outbyte.o ps7_cortexa9_0/lib/xuartps_selftest.o ps7_cortexa9_
TRACE::2025-07-17.22:40:27::SCWBDomain::0/lib/xuartps_hw.o ps7_cortexa9_0/lib/read.o ps7_cortexa9_0/lib/xtime_l.o ps7_cortexa9_0/lib/xl2cc_counter.o ps7_cortexa9_0/lib
TRACE::2025-07-17.22:40:27::SCWBDomain::/asm_vectors.o ps7_cortexa9_0/lib/xdevcfg_intr.o ps7_cortexa9_0/lib/abort.o ps7_cortexa9_0/lib/xdevcfg_g.o ps7_cortexa9_0/lib/x
TRACE::2025-07-17.22:40:27::SCWBDomain::uartps_intr.o ps7_cortexa9_0/lib/xuartps.o ps7_cortexa9_0/lib/getpid.o ps7_cortexa9_0/lib/xil_testcache.o ps7_cortexa9_0/lib/xd
TRACE::2025-07-17.22:40:27::SCWBDomain::evcfg_sinit.o ps7_cortexa9_0/lib/xdmaps.o ps7_cortexa9_0/lib/xscutimer.o ps7_cortexa9_0/lib/xscuwdt.o ps7_cortexa9_0/lib/xdevcf
TRACE::2025-07-17.22:40:27::SCWBDomain::g_selftest.o ps7_cortexa9_0/lib/_sbrk.o ps7_cortexa9_0/lib/xscuwdt_sinit.o ps7_cortexa9_0/lib/sbrk.o ps7_cortexa9_0/lib/fstat.o
TRACE::2025-07-17.22:40:27::SCWBDomain:: ps7_cortexa9_0/lib/errno.o ps7_cortexa9_0/lib/lseek.o ps7_cortexa9_0/lib/xuartps_options.o ps7_cortexa9_0/lib/vectors.o ps7_co
TRACE::2025-07-17.22:40:27::SCWBDomain::rtexa9_0/lib/xil_exception.o ps7_cortexa9_0/lib/xil_testmem.o ps7_cortexa9_0/lib/putnum.o ps7_cortexa9_0/lib/xil_clocking.o ps7
TRACE::2025-07-17.22:40:27::SCWBDomain::_cortexa9_0/lib/xil_assert.o ps7_cortexa9_0/lib/xscuwdt_selftest.o ps7_cortexa9_0/lib/xcoresightpsdcc.o ps7_cortexa9_0/lib/xscu
TRACE::2025-07-17.22:40:27::SCWBDomain::gic.o ps7_cortexa9_0/lib/xadcps_g.o ps7_cortexa9_0/lib/xscugic_selftest.o ps7_cortexa9_0/lib/xil-crt0.o ps7_cortexa9_0/lib/xadc
TRACE::2025-07-17.22:40:27::SCWBDomain::ps_sinit.o ps7_cortexa9_0/lib/xil_mmu.o ps7_cortexa9_0/lib/_open.o ps7_cortexa9_0/lib/xdevcfg.o

TRACE::2025-07-17.22:40:27::SCWBDomain::'Finished building libraries'

TRACE::2025-07-17.22:40:27::SCWBDomain::make: Leaving directory 'C:/AB/xilinxvivado/projects/arbiter-PUF-FPGA/new_workspace/platform/zynq_fsbl/zynq_fsbl_bsp'

TRACE::2025-07-17.22:40:27::SCWBDomain::arm-none-eabi-gcc -MMD -MP       -mcpu=cortex-a9 -mfpu=vfpv3 -mfloat-abi=hard   -O2 -c -c sd.c -o sd.o -Izynq_fsbl_bsp/ps7_cort
TRACE::2025-07-17.22:40:27::SCWBDomain::exa9_0/include -I.

TRACE::2025-07-17.22:40:27::SCWBDomain::arm-none-eabi-gcc -MMD -MP       -mcpu=cortex-a9 -mfpu=vfpv3 -mfloat-abi=hard   -O2 -c -c nand.c -o nand.o -Izynq_fsbl_bsp/ps7_
TRACE::2025-07-17.22:40:27::SCWBDomain::cortexa9_0/include -I.

TRACE::2025-07-17.22:40:27::SCWBDomain::arm-none-eabi-gcc -MMD -MP       -mcpu=cortex-a9 -mfpu=vfpv3 -mfloat-abi=hard   -O2 -c -c image_mover.c -o image_mover.o -Izynq
TRACE::2025-07-17.22:40:27::SCWBDomain::_fsbl_bsp/ps7_cortexa9_0/include -I.

TRACE::2025-07-17.22:40:27::SCWBDomain::arm-none-eabi-gcc -MMD -MP       -mcpu=cortex-a9 -mfpu=vfpv3 -mfloat-abi=hard   -O2 -c -c md5.c -o md5.o -Izynq_fsbl_bsp/ps7_co
TRACE::2025-07-17.22:40:27::SCWBDomain::rtexa9_0/include -I.

TRACE::2025-07-17.22:40:27::SCWBDomain::arm-none-eabi-gcc -MMD -MP       -mcpu=cortex-a9 -mfpu=vfpv3 -mfloat-abi=hard   -O2 -c -c fsbl_hooks.c -o fsbl_hooks.o -Izynq_f
TRACE::2025-07-17.22:40:27::SCWBDomain::sbl_bsp/ps7_cortexa9_0/include -I.

TRACE::2025-07-17.22:40:27::SCWBDomain::arm-none-eabi-gcc -MMD -MP       -mcpu=cortex-a9 -mfpu=vfpv3 -mfloat-abi=hard   -O2 -c -c main.c -o main.o -Izynq_fsbl_bsp/ps7_
TRACE::2025-07-17.22:40:27::SCWBDomain::cortexa9_0/include -I.

TRACE::2025-07-17.22:40:28::SCWBDomain::arm-none-eabi-gcc -MMD -MP       -mcpu=cortex-a9 -mfpu=vfpv3 -mfloat-abi=hard   -O2 -c -c rsa.c -o rsa.o -Izynq_fsbl_bsp/ps7_co
TRACE::2025-07-17.22:40:28::SCWBDomain::rtexa9_0/include -I.

TRACE::2025-07-17.22:40:28::SCWBDomain::arm-none-eabi-gcc -MMD -MP       -mcpu=cortex-a9 -mfpu=vfpv3 -mfloat-abi=hard   -O2 -c -c nor.c -o nor.o -Izynq_fsbl_bsp/ps7_co
TRACE::2025-07-17.22:40:28::SCWBDomain::rtexa9_0/include -I.

TRACE::2025-07-17.22:40:28::SCWBDomain::arm-none-eabi-gcc -MMD -MP       -mcpu=cortex-a9 -mfpu=vfpv3 -mfloat-abi=hard   -O2 -c -c qspi.c -o qspi.o -Izynq_fsbl_bsp/ps7_
TRACE::2025-07-17.22:40:28::SCWBDomain::cortexa9_0/include -I.

TRACE::2025-07-17.22:40:28::SCWBDomain::arm-none-eabi-gcc -MMD -MP       -mcpu=cortex-a9 -mfpu=vfpv3 -mfloat-abi=hard   -O2 -c -c ps7_init.c -o ps7_init.o -Izynq_fsbl_
TRACE::2025-07-17.22:40:28::SCWBDomain::bsp/ps7_cortexa9_0/include -I.

TRACE::2025-07-17.22:40:28::SCWBDomain::arm-none-eabi-gcc -MMD -MP       -mcpu=cortex-a9 -mfpu=vfpv3 -mfloat-abi=hard   -O2 -c -c pcap.c -o pcap.o -Izynq_fsbl_bsp/ps7_
TRACE::2025-07-17.22:40:28::SCWBDomain::cortexa9_0/include -I.

TRACE::2025-07-17.22:40:28::SCWBDomain::arm-none-eabi-gcc -MMD -MP       -mcpu=cortex-a9 -mfpu=vfpv3 -mfloat-abi=hard   -O2 -c -c fsbl_handoff.S -o fsbl_handoff.o -Izy
TRACE::2025-07-17.22:40:28::SCWBDomain::nq_fsbl_bsp/ps7_cortexa9_0/include -I.

TRACE::2025-07-17.22:40:28::SCWBDomain::arm-none-eabi-gcc -o fsbl.elf  sd.o  nand.o  image_mover.o  md5.o  fsbl_hooks.o  main.o  rsa.o  nor.o  qspi.o  ps7_init.o  pcap
TRACE::2025-07-17.22:40:28::SCWBDomain::.o  fsbl_handoff.o -MMD -MP       -mcpu=cortex-a9 -mfpu=vfpv3 -mfloat-abi=hard   -mcpu=cortex-a9 -mfpu=vfpv3 -mfloat-abi=hard -
TRACE::2025-07-17.22:40:28::SCWBDomain::Wl,-build-id=none -specs=Xilinx.spec  -lrsa -Wl,--start-group,-lxil,-lgcc,-lc,--end-group -Wl,--start-group,-lxilffs,-lxil,-lgc
TRACE::2025-07-17.22:40:28::SCWBDomain::c,-lc,--end-group -Wl,--start-group,-lrsa,-lxil,-lgcc,-lc,--end-group                              -Wl,--gc-sections -Lzynq_fsb
TRACE::2025-07-17.22:40:28::SCWBDomain::l_bsp/ps7_cortexa9_0/lib -L./ -Tlscript.ld

LOG::2025-07-17.22:40:28::SCWSystem::Checking the domain standalone_domain
LOG::2025-07-17.22:40:28::SCWSystem::Not a boot domain 
LOG::2025-07-17.22:40:28::SCWSystem::Started Processing the domain standalone_domain
TRACE::2025-07-17.22:40:28::SCWDomain::Generating domain artifcats
TRACE::2025-07-17.22:40:28::SCWMssOS::Generating standalone artifcats
TRACE::2025-07-17.22:40:28::SCWMssOS::Copying the qemu file from  C:/AB/xilinxvivado/Vitis/2020.2/data/emulation/platforms/zynq/sw/a9_standalone/qemu/qemu_args.txt To C:/AB/xilinxvivado/projects/arbiter-PUF-FPGA/new_workspace/platform/export/platform/sw/platform/standalone_domain/qemu/
TRACE::2025-07-17.22:40:28::SCWMssOS:: Copying the user libraries. 
TRACE::2025-07-17.22:40:28::SCWPlatform::Trying to open the hw design at C:/AB/xilinxvivado/projects/arbiter-PUF-FPGA/new_workspace/platform/hw/design_2_wrapper_final_2.xsa
TRACE::2025-07-17.22:40:28::SCWPlatform::DSA given C:/AB/xilinxvivado/projects/arbiter-PUF-FPGA/new_workspace/platform/hw/design_2_wrapper_final_2.xsa
TRACE::2025-07-17.22:40:28::SCWPlatform::DSA absoulate path C:/AB/xilinxvivado/projects/arbiter-PUF-FPGA/new_workspace/platform/hw/design_2_wrapper_final_2.xsa
TRACE::2025-07-17.22:40:28::SCWPlatform::DSA directory C:/AB/xilinxvivado/projects/arbiter-PUF-FPGA/new_workspace/platform/hw
TRACE::2025-07-17.22:40:28::SCWPlatform:: Platform Path C:/AB/xilinxvivado/projects/arbiter-PUF-FPGA/new_workspace/platform/hw/design_2_wrapper_final_2.xsa
TRACE::2025-07-17.22:40:28::SCWPlatform:: Unique name xilinx:::0.0
TRACE::2025-07-17.22:40:28::SCWPlatform::Trying to set the existing hwdb with name design_2_wrapper_1
TRACE::2025-07-17.22:40:28::SCWPlatform::Opened existing hwdb design_2_wrapper_1
TRACE::2025-07-17.22:40:28::SCWPlatform::Found the Hw Db part of the input DSA
TRACE::2025-07-17.22:40:28::SCWMssOS::Checking the sw design at  C:/AB/xilinxvivado/projects/arbiter-PUF-FPGA/new_workspace/platform/ps7_cortexa9_0/standalone_domain/bsp/system.mss
TRACE::2025-07-17.22:40:28::SCWMssOS::DEBUG:  swdes dump  C:/AB/xilinxvivado/projects/arbiter-PUF-FPGA/new_workspace/platform/ps7_cortexa9_0/standalone_domain/bsp/system.mss|system_0||
C:/AB/xilinxvivado/projects/arbiter-PUF-FPGA/new_workspace/platform/zynq_fsbl/zynq_fsbl_bsp/system.mss|system||

TRACE::2025-07-17.22:40:28::SCWMssOS::Sw design exists and opened at  C:/AB/xilinxvivado/projects/arbiter-PUF-FPGA/new_workspace/platform/ps7_cortexa9_0/standalone_domain/bsp/system.mss
TRACE::2025-07-17.22:40:28::SCWMssOS::Completed writing the mss file at C:/AB/xilinxvivado/projects/arbiter-PUF-FPGA/new_workspace/platform/ps7_cortexa9_0/standalone_domain/bsp
TRACE::2025-07-17.22:40:28::SCWMssOS::Mss edits present, copying mssfile into export location C:/AB/xilinxvivado/projects/arbiter-PUF-FPGA/new_workspace/platform/ps7_cortexa9_0/standalone_domain/bsp/system.mss
TRACE::2025-07-17.22:40:28::SCWMssOS::bsp generated is upto date with the mss file. Skipping bsp generation.
TRACE::2025-07-17.22:40:28::SCWMssOS::BSP is already built. skipping the bsp build ... 
TRACE::2025-07-17.22:40:28::SCWDomain::Building the domain as part of full build :  standalone_domain
TRACE::2025-07-17.22:40:28::SCWMssOS::doing bsp build ... 
TRACE::2025-07-17.22:40:28::SCWMssOS::System Command Ran  C: & cd  C:/AB/xilinxvivado/projects/arbiter-PUF-FPGA/new_workspace/platform/ps7_cortexa9_0/standalone_domain/bsp & make 
TRACE::2025-07-17.22:40:28::SCWMssOS::make --no-print-directory seq_libs

TRACE::2025-07-17.22:40:28::SCWMssOS::"Running Make include in ps7_cortexa9_0/libsrc/arbiter_puf_fpga_v1_0/src"

TRACE::2025-07-17.22:40:28::SCWMssOS::make -C ps7_cortexa9_0/libsrc/arbiter_puf_fpga_v1_0/src -s include  "SHELL=CMD" "COMPILER=arm-none-eabi-gcc" "ASSEMBLER=arm-non
TRACE::2025-07-17.22:40:28::SCWMssOS::e-eabi-as" "ARCHIVER=arm-none-eabi-ar" "COMPILER_FLAGS=  -O2 -c" "EXTRA_COMPILER_FLAGS=-mcpu=cortex-a9 -mfpu=vfpv3 -mfloat-abi=
TRACE::2025-07-17.22:40:28::SCWMssOS::hard -nostartfiles -g -Wall -Wextra"

TRACE::2025-07-17.22:40:28::SCWMssOS::"Running Make include in ps7_cortexa9_0/libsrc/coresightps_dcc_v1_8/src"

TRACE::2025-07-17.22:40:28::SCWMssOS::make -C ps7_cortexa9_0/libsrc/coresightps_dcc_v1_8/src -s include  "SHELL=CMD" "COMPILER=arm-none-eabi-gcc" "ASSEMBLER=arm-none
TRACE::2025-07-17.22:40:28::SCWMssOS::-eabi-as" "ARCHIVER=arm-none-eabi-ar" "COMPILER_FLAGS=  -O2 -c" "EXTRA_COMPILER_FLAGS=-mcpu=cortex-a9 -mfpu=vfpv3 -mfloat-abi=h
TRACE::2025-07-17.22:40:28::SCWMssOS::ard -nostartfiles -g -Wall -Wextra"

TRACE::2025-07-17.22:40:28::SCWMssOS::"Running Make include in ps7_cortexa9_0/libsrc/cpu_cortexa9_v2_10/src"

TRACE::2025-07-17.22:40:28::SCWMssOS::make -C ps7_cortexa9_0/libsrc/cpu_cortexa9_v2_10/src -s include  "SHELL=CMD" "COMPILER=arm-none-eabi-gcc" "ASSEMBLER=arm-none-e
TRACE::2025-07-17.22:40:28::SCWMssOS::abi-as" "ARCHIVER=arm-none-eabi-ar" "COMPILER_FLAGS=  -O2 -c" "EXTRA_COMPILER_FLAGS=-mcpu=cortex-a9 -mfpu=vfpv3 -mfloat-abi=har
TRACE::2025-07-17.22:40:28::SCWMssOS::d -nostartfiles -g -Wall -Wextra"

TRACE::2025-07-17.22:40:28::SCWMssOS::"Running Make include in ps7_cortexa9_0/libsrc/ddrps_v1_2/src"

TRACE::2025-07-17.22:40:28::SCWMssOS::make -C ps7_cortexa9_0/libsrc/ddrps_v1_2/src -s include  "SHELL=CMD" "COMPILER=arm-none-eabi-gcc" "ASSEMBLER=arm-none-eabi-as" 
TRACE::2025-07-17.22:40:28::SCWMssOS::"ARCHIVER=arm-none-eabi-ar" "COMPILER_FLAGS=  -O2 -c" "EXTRA_COMPILER_FLAGS=-mcpu=cortex-a9 -mfpu=vfpv3 -mfloat-abi=hard -nosta
TRACE::2025-07-17.22:40:28::SCWMssOS::rtfiles -g -Wall -Wextra"

TRACE::2025-07-17.22:40:28::SCWMssOS::"Running Make include in ps7_cortexa9_0/libsrc/devcfg_v3_7/src"

TRACE::2025-07-17.22:40:28::SCWMssOS::make -C ps7_cortexa9_0/libsrc/devcfg_v3_7/src -s include  "SHELL=CMD" "COMPILER=arm-none-eabi-gcc" "ASSEMBLER=arm-none-eabi-as"
TRACE::2025-07-17.22:40:28::SCWMssOS:: "ARCHIVER=arm-none-eabi-ar" "COMPILER_FLAGS=  -O2 -c" "EXTRA_COMPILER_FLAGS=-mcpu=cortex-a9 -mfpu=vfpv3 -mfloat-abi=hard -nost
TRACE::2025-07-17.22:40:28::SCWMssOS::artfiles -g -Wall -Wextra"

TRACE::2025-07-17.22:40:28::SCWMssOS::"Running Make include in ps7_cortexa9_0/libsrc/dmaps_v2_7/src"

TRACE::2025-07-17.22:40:28::SCWMssOS::make -C ps7_cortexa9_0/libsrc/dmaps_v2_7/src -s include  "SHELL=CMD" "COMPILER=arm-none-eabi-gcc" "ASSEMBLER=arm-none-eabi-as" 
TRACE::2025-07-17.22:40:28::SCWMssOS::"ARCHIVER=arm-none-eabi-ar" "COMPILER_FLAGS=  -O2 -c" "EXTRA_COMPILER_FLAGS=-mcpu=cortex-a9 -mfpu=vfpv3 -mfloat-abi=hard -nosta
TRACE::2025-07-17.22:40:28::SCWMssOS::rtfiles -g -Wall -Wextra"

TRACE::2025-07-17.22:40:28::SCWMssOS::"Running Make include in ps7_cortexa9_0/libsrc/scugic_v4_3/src"

TRACE::2025-07-17.22:40:28::SCWMssOS::make -C ps7_cortexa9_0/libsrc/scugic_v4_3/src -s include  "SHELL=CMD" "COMPILER=arm-none-eabi-gcc" "ASSEMBLER=arm-none-eabi-as"
TRACE::2025-07-17.22:40:28::SCWMssOS:: "ARCHIVER=arm-none-eabi-ar" "COMPILER_FLAGS=  -O2 -c" "EXTRA_COMPILER_FLAGS=-mcpu=cortex-a9 -mfpu=vfpv3 -mfloat-abi=hard -nost
TRACE::2025-07-17.22:40:28::SCWMssOS::artfiles -g -Wall -Wextra"

TRACE::2025-07-17.22:40:28::SCWMssOS::"Running Make include in ps7_cortexa9_0/libsrc/scutimer_v2_3/src"

TRACE::2025-07-17.22:40:28::SCWMssOS::make -C ps7_cortexa9_0/libsrc/scutimer_v2_3/src -s include  "SHELL=CMD" "COMPILER=arm-none-eabi-gcc" "ASSEMBLER=arm-none-eabi-a
TRACE::2025-07-17.22:40:28::SCWMssOS::s" "ARCHIVER=arm-none-eabi-ar" "COMPILER_FLAGS=  -O2 -c" "EXTRA_COMPILER_FLAGS=-mcpu=cortex-a9 -mfpu=vfpv3 -mfloat-abi=hard -no
TRACE::2025-07-17.22:40:28::SCWMssOS::startfiles -g -Wall -Wextra"

TRACE::2025-07-17.22:40:28::SCWMssOS::"Running Make include in ps7_cortexa9_0/libsrc/scuwdt_v2_3/src"

TRACE::2025-07-17.22:40:28::SCWMssOS::make -C ps7_cortexa9_0/libsrc/scuwdt_v2_3/src -s include  "SHELL=CMD" "COMPILER=arm-none-eabi-gcc" "ASSEMBLER=arm-none-eabi-as"
TRACE::2025-07-17.22:40:28::SCWMssOS:: "ARCHIVER=arm-none-eabi-ar" "COMPILER_FLAGS=  -O2 -c" "EXTRA_COMPILER_FLAGS=-mcpu=cortex-a9 -mfpu=vfpv3 -mfloat-abi=hard -nost
TRACE::2025-07-17.22:40:28::SCWMssOS::artfiles -g -Wall -Wextra"

TRACE::2025-07-17.22:40:28::SCWMssOS::"Running Make include in ps7_cortexa9_0/libsrc/standalone_v7_3/src"

TRACE::2025-07-17.22:40:28::SCWMssOS::make -C ps7_cortexa9_0/libsrc/standalone_v7_3/src -s include  "SHELL=CMD" "COMPILER=arm-none-eabi-gcc" "ASSEMBLER=arm-none-eabi
TRACE::2025-07-17.22:40:28::SCWMssOS::-as" "ARCHIVER=arm-none-eabi-ar" "COMPILER_FLAGS=  -O2 -c" "EXTRA_COMPILER_FLAGS=-mcpu=cortex-a9 -mfpu=vfpv3 -mfloat-abi=hard -
TRACE::2025-07-17.22:40:28::SCWMssOS::nostartfiles -g -Wall -Wextra"

TRACE::2025-07-17.22:40:28::SCWMssOS::"Running Make include in ps7_cortexa9_0/libsrc/uartps_v3_10/src"

TRACE::2025-07-17.22:40:28::SCWMssOS::make -C ps7_cortexa9_0/libsrc/uartps_v3_10/src -s include  "SHELL=CMD" "COMPILER=arm-none-eabi-gcc" "ASSEMBLER=arm-none-eabi-as
TRACE::2025-07-17.22:40:28::SCWMssOS::" "ARCHIVER=arm-none-eabi-ar" "COMPILER_FLAGS=  -O2 -c" "EXTRA_COMPILER_FLAGS=-mcpu=cortex-a9 -mfpu=vfpv3 -mfloat-abi=hard -nos
TRACE::2025-07-17.22:40:28::SCWMssOS::tartfiles -g -Wall -Wextra"

TRACE::2025-07-17.22:40:28::SCWMssOS::"Running Make include in ps7_cortexa9_0/libsrc/xadcps_v2_5/src"

TRACE::2025-07-17.22:40:28::SCWMssOS::make -C ps7_cortexa9_0/libsrc/xadcps_v2_5/src -s include  "SHELL=CMD" "COMPILER=arm-none-eabi-gcc" "ASSEMBLER=arm-none-eabi-as"
TRACE::2025-07-17.22:40:28::SCWMssOS:: "ARCHIVER=arm-none-eabi-ar" "COMPILER_FLAGS=  -O2 -c" "EXTRA_COMPILER_FLAGS=-mcpu=cortex-a9 -mfpu=vfpv3 -mfloat-abi=hard -nost
TRACE::2025-07-17.22:40:28::SCWMssOS::artfiles -g -Wall -Wextra"

TRACE::2025-07-17.22:40:28::SCWMssOS::"Running Make libs in ps7_cortexa9_0/libsrc/arbiter_puf_fpga_v1_0/src"

TRACE::2025-07-17.22:40:28::SCWMssOS::make -C ps7_cortexa9_0/libsrc/arbiter_puf_fpga_v1_0/src -s libs  "SHELL=CMD" "COMPILER=arm-none-eabi-gcc" "ASSEMBLER=arm-none-e
TRACE::2025-07-17.22:40:28::SCWMssOS::abi-as" "ARCHIVER=arm-none-eabi-ar" "COMPILER_FLAGS=  -O2 -c" "EXTRA_COMPILER_FLAGS=-mcpu=cortex-a9 -mfpu=vfpv3 -mfloat-abi=har
TRACE::2025-07-17.22:40:28::SCWMssOS::d -nostartfiles -g -Wall -Wextra"

TRACE::2025-07-17.22:40:29::SCWMssOS::"--- Using corrected repository Makefile to build custom IP driver ---"

TRACE::2025-07-17.22:40:29::SCWMssOS::'Finished building libraries sequentially.'

TRACE::2025-07-17.22:40:29::SCWMssOS::make -j --no-print-directory par_libs

TRACE::2025-07-17.22:40:29::SCWMssOS::"Running Make include in ps7_cortexa9_0/libsrc/arbiter_puf_fpga_v1_0/src"

TRACE::2025-07-17.22:40:29::SCWMssOS::"Running Make include in ps7_cortexa9_0/libsrc/coresightps_dcc_v1_8/src"

TRACE::2025-07-17.22:40:29::SCWMssOS::make -C ps7_cortexa9_0/libsrc/arbiter_puf_fpga_v1_0/src -s include  "SHELL=CMD" "COMPILER=arm-none-eabi-gcc" "ASSEMBLER=arm-non
TRACE::2025-07-17.22:40:29::SCWMssOS::e-eabi-as" "ARCHIVER=arm-none-eabi-ar" "COMPILER_FLAGS=  -O2 -c" "EXTRA_COMPILER_FLAGS=-mcpu=cortex-a9 -mfpu=vfpv3 -mfloat-abi=
TRACE::2025-07-17.22:40:29::SCWMssOS::hard -nostartfiles -g -Wall -Wextra"

TRACE::2025-07-17.22:40:29::SCWMssOS::"Running Make include in ps7_cortexa9_0/libsrc/cpu_cortexa9_v2_10/src"

TRACE::2025-07-17.22:40:29::SCWMssOS::make -C ps7_cortexa9_0/libsrc/coresightps_dcc_v1_8/src -s include  "SHELL=CMD" "COMPILER=arm-none-eabi-gcc" "ASSEMBLER=arm-none
TRACE::2025-07-17.22:40:29::SCWMssOS::-eabi-as" "ARCHIVER=arm-none-eabi-ar" "COMPILER_FLAGS=  -O2 -c" "EXTRA_COMPILER_FLAGS=-mcpu=cortex-a9 -mfpu=vfpv3 -mfloat-abi=h
TRACE::2025-07-17.22:40:29::SCWMssOS::ard -nostartfiles -g -Wall -Wextra"

TRACE::2025-07-17.22:40:29::SCWMssOS::make -C ps7_cortexa9_0/libsrc/cpu_cortexa9_v2_10/src -s include  "SHELL=CMD" "COMPILER=arm-none-eabi-gcc" "ASSEMBLER=arm-none-e
TRACE::2025-07-17.22:40:29::SCWMssOS::abi-as" "ARCHIVER=arm-none-eabi-ar" "COMPILER_FLAGS=  -O2 -c" "EXTRA_COMPILER_FLAGS=-mcpu=cortex-a9 -mfpu=vfpv3 -mfloat-abi=har
TRACE::2025-07-17.22:40:29::SCWMssOS::d -nostartfiles -g -Wall -Wextra"

TRACE::2025-07-17.22:40:29::SCWMssOS::"Running Make include in ps7_cortexa9_0/libsrc/ddrps_v1_2/src"

TRACE::2025-07-17.22:40:29::SCWMssOS::"Running Make include in ps7_cortexa9_0/libsrc/devcfg_v3_7/src"

TRACE::2025-07-17.22:40:29::SCWMssOS::make -C ps7_cortexa9_0/libsrc/ddrps_v1_2/src -s include  "SHELL=CMD" "COMPILER=arm-none-eabi-gcc" "ASSEMBLER=arm-none-eabi-as" 
TRACE::2025-07-17.22:40:29::SCWMssOS::"ARCHIVER=arm-none-eabi-ar" "COMPILER_FLAGS=  -O2 -c" "EXTRA_COMPILER_FLAGS=-mcpu=cortex-a9 -mfpu=vfpv3 -mfloat-abi=hard -nosta
TRACE::2025-07-17.22:40:29::SCWMssOS::rtfiles -g -Wall -Wextra"

TRACE::2025-07-17.22:40:29::SCWMssOS::make -C ps7_cortexa9_0/libsrc/devcfg_v3_7/src -s include  "SHELL=CMD" "COMPILER=arm-none-eabi-gcc" "ASSEMBLER=arm-none-eabi-as"
TRACE::2025-07-17.22:40:29::SCWMssOS:: "ARCHIVER=arm-none-eabi-ar" "COMPILER_FLAGS=  -O2 -c" "EXTRA_COMPILER_FLAGS=-mcpu=cortex-a9 -mfpu=vfpv3 -mfloat-abi=hard -nost
TRACE::2025-07-17.22:40:29::SCWMssOS::artfiles -g -Wall -Wextra"

TRACE::2025-07-17.22:40:29::SCWMssOS::"Running Make include in ps7_cortexa9_0/libsrc/dmaps_v2_7/src"

TRACE::2025-07-17.22:40:29::SCWMssOS::make -C ps7_cortexa9_0/libsrc/dmaps_v2_7/src -s include  "SHELL=CMD" "COMPILER=arm-none-eabi-gcc" "ASSEMBLER=arm-none-eabi-as" 
TRACE::2025-07-17.22:40:29::SCWMssOS::"ARCHIVER=arm-none-eabi-ar" "COMPILER_FLAGS=  -O2 -c" "EXTRA_COMPILER_FLAGS=-mcpu=cortex-a9 -mfpu=vfpv3 -mfloat-abi=hard -nosta
TRACE::2025-07-17.22:40:29::SCWMssOS::rtfiles -g -Wall -Wextra"

TRACE::2025-07-17.22:40:29::SCWMssOS::"Running Make include in ps7_cortexa9_0/libsrc/scugic_v4_3/src"

TRACE::2025-07-17.22:40:29::SCWMssOS::"Running Make include in ps7_cortexa9_0/libsrc/scutimer_v2_3/src"

TRACE::2025-07-17.22:40:29::SCWMssOS::make -C ps7_cortexa9_0/libsrc/scugic_v4_3/src -s include  "SHELL=CMD" "COMPILER=arm-none-eabi-gcc" "ASSEMBLER=arm-none-eabi-as"
TRACE::2025-07-17.22:40:29::SCWMssOS:: "ARCHIVER=arm-none-eabi-ar" "COMPILER_FLAGS=  -O2 -c" "EXTRA_COMPILER_FLAGS=-mcpu=cortex-a9 -mfpu=vfpv3 -mfloat-abi=hard -nost
TRACE::2025-07-17.22:40:29::SCWMssOS::artfiles -g -Wall -Wextra"

TRACE::2025-07-17.22:40:29::SCWMssOS::make -C ps7_cortexa9_0/libsrc/scutimer_v2_3/src -s include  "SHELL=CMD" "COMPILER=arm-none-eabi-gcc" "ASSEMBLER=arm-none-eabi-a
TRACE::2025-07-17.22:40:29::SCWMssOS::s" "ARCHIVER=arm-none-eabi-ar" "COMPILER_FLAGS=  -O2 -c" "EXTRA_COMPILER_FLAGS=-mcpu=cortex-a9 -mfpu=vfpv3 -mfloat-abi=hard -no
TRACE::2025-07-17.22:40:29::SCWMssOS::startfiles -g -Wall -Wextra"

TRACE::2025-07-17.22:40:29::SCWMssOS::"Running Make include in ps7_cortexa9_0/libsrc/scuwdt_v2_3/src"

TRACE::2025-07-17.22:40:29::SCWMssOS::"Running Make include in ps7_cortexa9_0/libsrc/standalone_v7_3/src"

TRACE::2025-07-17.22:40:29::SCWMssOS::make -C ps7_cortexa9_0/libsrc/scuwdt_v2_3/src -s include  "SHELL=CMD" "COMPILER=arm-none-eabi-gcc" "ASSEMBLER=arm-none-eabi-as"
TRACE::2025-07-17.22:40:29::SCWMssOS:: "ARCHIVER=arm-none-eabi-ar" "COMPILER_FLAGS=  -O2 -c" "EXTRA_COMPILER_FLAGS=-mcpu=cortex-a9 -mfpu=vfpv3 -mfloat-abi=hard -nost
TRACE::2025-07-17.22:40:29::SCWMssOS::artfiles -g -Wall -Wextra"

TRACE::2025-07-17.22:40:29::SCWMssOS::make -C ps7_cortexa9_0/libsrc/standalone_v7_3/src -s include  "SHELL=CMD" "COMPILER=arm-none-eabi-gcc" "ASSEMBLER=arm-none-eabi
TRACE::2025-07-17.22:40:29::SCWMssOS::-as" "ARCHIVER=arm-none-eabi-ar" "COMPILER_FLAGS=  -O2 -c" "EXTRA_COMPILER_FLAGS=-mcpu=cortex-a9 -mfpu=vfpv3 -mfloat-abi=hard -
TRACE::2025-07-17.22:40:29::SCWMssOS::nostartfiles -g -Wall -Wextra"

TRACE::2025-07-17.22:40:29::SCWMssOS::"Running Make include in ps7_cortexa9_0/libsrc/uartps_v3_10/src"

TRACE::2025-07-17.22:40:29::SCWMssOS::make -C ps7_cortexa9_0/libsrc/uartps_v3_10/src -s include  "SHELL=CMD" "COMPILER=arm-none-eabi-gcc" "ASSEMBLER=arm-none-eabi-as
TRACE::2025-07-17.22:40:29::SCWMssOS::" "ARCHIVER=arm-none-eabi-ar" "COMPILER_FLAGS=  -O2 -c" "EXTRA_COMPILER_FLAGS=-mcpu=cortex-a9 -mfpu=vfpv3 -mfloat-abi=hard -nos
TRACE::2025-07-17.22:40:29::SCWMssOS::tartfiles -g -Wall -Wextra"

TRACE::2025-07-17.22:40:29::SCWMssOS::"Running Make include in ps7_cortexa9_0/libsrc/xadcps_v2_5/src"

TRACE::2025-07-17.22:40:29::SCWMssOS::make -C ps7_cortexa9_0/libsrc/xadcps_v2_5/src -s include  "SHELL=CMD" "COMPILER=arm-none-eabi-gcc" "ASSEMBLER=arm-none-eabi-as"
TRACE::2025-07-17.22:40:29::SCWMssOS:: "ARCHIVER=arm-none-eabi-ar" "COMPILER_FLAGS=  -O2 -c" "EXTRA_COMPILER_FLAGS=-mcpu=cortex-a9 -mfpu=vfpv3 -mfloat-abi=hard -nost
TRACE::2025-07-17.22:40:29::SCWMssOS::artfiles -g -Wall -Wextra"

TRACE::2025-07-17.22:40:29::SCWMssOS::"Running Make libs in ps7_cortexa9_0/libsrc/coresightps_dcc_v1_8/src"

TRACE::2025-07-17.22:40:29::SCWMssOS::"Running Make libs in ps7_cortexa9_0/libsrc/cpu_cortexa9_v2_10/src"

TRACE::2025-07-17.22:40:29::SCWMssOS::make -C ps7_cortexa9_0/libsrc/coresightps_dcc_v1_8/src -s libs  "SHELL=CMD" "COMPILER=arm-none-eabi-gcc" "ASSEMBLER=arm-none-ea
TRACE::2025-07-17.22:40:29::SCWMssOS::bi-as" "ARCHIVER=arm-none-eabi-ar" "COMPILER_FLAGS=  -O2 -c" "EXTRA_COMPILER_FLAGS=-mcpu=cortex-a9 -mfpu=vfpv3 -mfloat-abi=hard
TRACE::2025-07-17.22:40:29::SCWMssOS:: -nostartfiles -g -Wall -Wextra"

TRACE::2025-07-17.22:40:29::SCWMssOS::"Running Make libs in ps7_cortexa9_0/libsrc/ddrps_v1_2/src"

TRACE::2025-07-17.22:40:29::SCWMssOS::"Running Make libs in ps7_cortexa9_0/libsrc/devcfg_v3_7/src"

TRACE::2025-07-17.22:40:29::SCWMssOS::make -C ps7_cortexa9_0/libsrc/cpu_cortexa9_v2_10/src -s libs  "SHELL=CMD" "COMPILER=arm-none-eabi-gcc" "ASSEMBLER=arm-none-eabi
TRACE::2025-07-17.22:40:29::SCWMssOS::-as" "ARCHIVER=arm-none-eabi-ar" "COMPILER_FLAGS=  -O2 -c" "EXTRA_COMPILER_FLAGS=-mcpu=cortex-a9 -mfpu=vfpv3 -mfloat-abi=hard -
TRACE::2025-07-17.22:40:29::SCWMssOS::nostartfiles -g -Wall -Wextra"

TRACE::2025-07-17.22:40:29::SCWMssOS::make -C ps7_cortexa9_0/libsrc/ddrps_v1_2/src -s libs  "SHELL=CMD" "COMPILER=arm-none-eabi-gcc" "ASSEMBLER=arm-none-eabi-as" "AR
TRACE::2025-07-17.22:40:29::SCWMssOS::CHIVER=arm-none-eabi-ar" "COMPILER_FLAGS=  -O2 -c" "EXTRA_COMPILER_FLAGS=-mcpu=cortex-a9 -mfpu=vfpv3 -mfloat-abi=hard -nostartf
TRACE::2025-07-17.22:40:29::SCWMssOS::iles -g -Wall -Wextra"

TRACE::2025-07-17.22:40:29::SCWMssOS::"Running Make libs in ps7_cortexa9_0/libsrc/dmaps_v2_7/src"

TRACE::2025-07-17.22:40:29::SCWMssOS::make -C ps7_cortexa9_0/libsrc/devcfg_v3_7/src -s libs  "SHELL=CMD" "COMPILER=arm-none-eabi-gcc" "ASSEMBLER=arm-none-eabi-as" "A
TRACE::2025-07-17.22:40:29::SCWMssOS::RCHIVER=arm-none-eabi-ar" "COMPILER_FLAGS=  -O2 -c" "EXTRA_COMPILER_FLAGS=-mcpu=cortex-a9 -mfpu=vfpv3 -mfloat-abi=hard -nostart
TRACE::2025-07-17.22:40:29::SCWMssOS::files -g -Wall -Wextra"

TRACE::2025-07-17.22:40:29::SCWMssOS::"Running Make libs in ps7_cortexa9_0/libsrc/scugic_v4_3/src"

TRACE::2025-07-17.22:40:29::SCWMssOS::make -C ps7_cortexa9_0/libsrc/dmaps_v2_7/src -s libs  "SHELL=CMD" "COMPILER=arm-none-eabi-gcc" "ASSEMBLER=arm-none-eabi-as" "AR
TRACE::2025-07-17.22:40:29::SCWMssOS::CHIVER=arm-none-eabi-ar" "COMPILER_FLAGS=  -O2 -c" "EXTRA_COMPILER_FLAGS=-mcpu=cortex-a9 -mfpu=vfpv3 -mfloat-abi=hard -nostartf
TRACE::2025-07-17.22:40:29::SCWMssOS::iles -g -Wall -Wextra"

TRACE::2025-07-17.22:40:29::SCWMssOS::make -C ps7_cortexa9_0/libsrc/scugic_v4_3/src -s libs  "SHELL=CMD" "COMPILER=arm-none-eabi-gcc" "ASSEMBLER=arm-none-eabi-as" "A
TRACE::2025-07-17.22:40:29::SCWMssOS::RCHIVER=arm-none-eabi-ar" "COMPILER_FLAGS=  -O2 -c" "EXTRA_COMPILER_FLAGS=-mcpu=cortex-a9 -mfpu=vfpv3 -mfloat-abi=hard -nostart
TRACE::2025-07-17.22:40:29::SCWMssOS::files -g -Wall -Wextra"

TRACE::2025-07-17.22:40:29::SCWMssOS::"Running Make libs in ps7_cortexa9_0/libsrc/scutimer_v2_3/src"

TRACE::2025-07-17.22:40:29::SCWMssOS::"Running Make libs in ps7_cortexa9_0/libsrc/scuwdt_v2_3/src"

TRACE::2025-07-17.22:40:29::SCWMssOS::make -C ps7_cortexa9_0/libsrc/scutimer_v2_3/src -s libs  "SHELL=CMD" "COMPILER=arm-none-eabi-gcc" "ASSEMBLER=arm-none-eabi-as" 
TRACE::2025-07-17.22:40:29::SCWMssOS::"ARCHIVER=arm-none-eabi-ar" "COMPILER_FLAGS=  -O2 -c" "EXTRA_COMPILER_FLAGS=-mcpu=cortex-a9 -mfpu=vfpv3 -mfloat-abi=hard -nosta
TRACE::2025-07-17.22:40:29::SCWMssOS::rtfiles -g -Wall -Wextra"

TRACE::2025-07-17.22:40:29::SCWMssOS::"Running Make libs in ps7_cortexa9_0/libsrc/standalone_v7_3/src"

TRACE::2025-07-17.22:40:29::SCWMssOS::make -C ps7_cortexa9_0/libsrc/scuwdt_v2_3/src -s libs  "SHELL=CMD" "COMPILER=arm-none-eabi-gcc" "ASSEMBLER=arm-none-eabi-as" "A
TRACE::2025-07-17.22:40:29::SCWMssOS::RCHIVER=arm-none-eabi-ar" "COMPILER_FLAGS=  -O2 -c" "EXTRA_COMPILER_FLAGS=-mcpu=cortex-a9 -mfpu=vfpv3 -mfloat-abi=hard -nostart
TRACE::2025-07-17.22:40:29::SCWMssOS::files -g -Wall -Wextra"

TRACE::2025-07-17.22:40:29::SCWMssOS::make -C ps7_cortexa9_0/libsrc/standalone_v7_3/src -s libs  "SHELL=CMD" "COMPILER=arm-none-eabi-gcc" "ASSEMBLER=arm-none-eabi-as
TRACE::2025-07-17.22:40:29::SCWMssOS::" "ARCHIVER=arm-none-eabi-ar" "COMPILER_FLAGS=  -O2 -c" "EXTRA_COMPILER_FLAGS=-mcpu=cortex-a9 -mfpu=vfpv3 -mfloat-abi=hard -nos
TRACE::2025-07-17.22:40:29::SCWMssOS::tartfiles -g -Wall -Wextra"

TRACE::2025-07-17.22:40:29::SCWMssOS::"Running Make libs in ps7_cortexa9_0/libsrc/uartps_v3_10/src"

TRACE::2025-07-17.22:40:29::SCWMssOS::make -C ps7_cortexa9_0/libsrc/uartps_v3_10/src -s libs  "SHELL=CMD" "COMPILER=arm-none-eabi-gcc" "ASSEMBLER=arm-none-eabi-as" "
TRACE::2025-07-17.22:40:29::SCWMssOS::ARCHIVER=arm-none-eabi-ar" "COMPILER_FLAGS=  -O2 -c" "EXTRA_COMPILER_FLAGS=-mcpu=cortex-a9 -mfpu=vfpv3 -mfloat-abi=hard -nostar
TRACE::2025-07-17.22:40:29::SCWMssOS::tfiles -g -Wall -Wextra"

TRACE::2025-07-17.22:40:29::SCWMssOS::"Running Make libs in ps7_cortexa9_0/libsrc/xadcps_v2_5/src"

TRACE::2025-07-17.22:40:29::SCWMssOS::make -C ps7_cortexa9_0/libsrc/xadcps_v2_5/src -s libs  "SHELL=CMD" "COMPILER=arm-none-eabi-gcc" "ASSEMBLER=arm-none-eabi-as" "A
TRACE::2025-07-17.22:40:29::SCWMssOS::RCHIVER=arm-none-eabi-ar" "COMPILER_FLAGS=  -O2 -c" "EXTRA_COMPILER_FLAGS=-mcpu=cortex-a9 -mfpu=vfpv3 -mfloat-abi=hard -nostart
TRACE::2025-07-17.22:40:29::SCWMssOS::files -g -Wall -Wextra"

TRACE::2025-07-17.22:40:30::SCWMssOS::'Finished building libraries parallelly.'

TRACE::2025-07-17.22:40:30::SCWMssOS::make --no-print-directory archive

TRACE::2025-07-17.22:40:30::SCWMssOS::arm-none-eabi-ar -r  ps7_cortexa9_0/lib/libxil.a ps7_cortexa9_0/lib/xadcps_selftest.o ps7_cortexa9_0/lib/kill.o ps7_cortexa9_0/
TRACE::2025-07-17.22:40:30::SCWMssOS::lib/xscuwdt_g.o ps7_cortexa9_0/lib/xplatform_info.o ps7_cortexa9_0/lib/print.o ps7_cortexa9_0/lib/_exit.o ps7_cortexa9_0/lib/xi
TRACE::2025-07-17.22:40:30::SCWMssOS::l_testio.o ps7_cortexa9_0/lib/isatty.o ps7_cortexa9_0/lib/sleep.o ps7_cortexa9_0/lib/xdevcfg_hw.o ps7_cortexa9_0/lib/xadcps_int
TRACE::2025-07-17.22:40:30::SCWMssOS::r.o ps7_cortexa9_0/lib/xpm_counter.o ps7_cortexa9_0/lib/xdmaps_g.o ps7_cortexa9_0/lib/xscutimer_g.o ps7_cortexa9_0/lib/xdmaps_s
TRACE::2025-07-17.22:40:30::SCWMssOS::init.o ps7_cortexa9_0/lib/xscutimer_sinit.o ps7_cortexa9_0/lib/xil_cache.o ps7_cortexa9_0/lib/xil_util.o ps7_cortexa9_0/lib/inb
TRACE::2025-07-17.22:40:30::SCWMssOS::yte.o ps7_cortexa9_0/lib/xdmaps_selftest.o ps7_cortexa9_0/lib/xscutimer_selftest.o ps7_cortexa9_0/lib/xil_misc_psreset_api.o ps
TRACE::2025-07-17.22:40:30::SCWMssOS::7_cortexa9_0/lib/cpputest_time.o ps7_cortexa9_0/lib/close.o ps7_cortexa9_0/lib/xuartps_g.o ps7_cortexa9_0/lib/xscugic_hw.o ps7_
TRACE::2025-07-17.22:40:30::SCWMssOS::cortexa9_0/lib/translation_table.o ps7_cortexa9_0/lib/write.o ps7_cortexa9_0/lib/xil_mem.o ps7_cortexa9_0/lib/boot.o ps7_cortex
TRACE::2025-07-17.22:40:30::SCWMssOS::a9_0/lib/cpu_init.o ps7_cortexa9_0/lib/xscugic_g.o ps7_cortexa9_0/lib/usleep.o ps7_cortexa9_0/lib/xuartps_sinit.o ps7_cortexa9_
TRACE::2025-07-17.22:40:30::SCWMssOS::0/lib/xil_sleepcommon.o ps7_cortexa9_0/lib/xil_printf.o ps7_cortexa9_0/lib/unlink.o ps7_cortexa9_0/lib/xadcps.o ps7_cortexa9_0/
TRACE::2025-07-17.22:40:30::SCWMssOS::lib/xdmaps_hw.o ps7_cortexa9_0/lib/xscugic_intr.o ps7_cortexa9_0/lib/xscugic_sinit.o ps7_cortexa9_0/lib/xil_sleeptimer.o ps7_co
TRACE::2025-07-17.22:40:30::SCWMssOS::rtexa9_0/lib/fcntl.o ps7_cortexa9_0/lib/open.o ps7_cortexa9_0/lib/outbyte.o ps7_cortexa9_0/lib/xuartps_selftest.o ps7_cortexa9_
TRACE::2025-07-17.22:40:30::SCWMssOS::0/lib/xuartps_hw.o ps7_cortexa9_0/lib/read.o ps7_cortexa9_0/lib/xtime_l.o ps7_cortexa9_0/lib/xl2cc_counter.o ps7_cortexa9_0/lib
TRACE::2025-07-17.22:40:30::SCWMssOS::/asm_vectors.o ps7_cortexa9_0/lib/xdevcfg_intr.o ps7_cortexa9_0/lib/abort.o ps7_cortexa9_0/lib/xdevcfg_g.o ps7_cortexa9_0/lib/x
TRACE::2025-07-17.22:40:30::SCWMssOS::uartps_intr.o ps7_cortexa9_0/lib/xuartps.o ps7_cortexa9_0/lib/getpid.o ps7_cortexa9_0/lib/xil_testcache.o ps7_cortexa9_0/lib/xd
TRACE::2025-07-17.22:40:30::SCWMssOS::evcfg_sinit.o ps7_cortexa9_0/lib/xdmaps.o ps7_cortexa9_0/lib/xscutimer.o ps7_cortexa9_0/lib/xscuwdt.o ps7_cortexa9_0/lib/xdevcf
TRACE::2025-07-17.22:40:30::SCWMssOS::g_selftest.o ps7_cortexa9_0/lib/_sbrk.o ps7_cortexa9_0/lib/xscuwdt_sinit.o ps7_cortexa9_0/lib/sbrk.o ps7_cortexa9_0/lib/fstat.o
TRACE::2025-07-17.22:40:30::SCWMssOS:: ps7_cortexa9_0/lib/errno.o ps7_cortexa9_0/lib/lseek.o ps7_cortexa9_0/lib/xuartps_options.o ps7_cortexa9_0/lib/vectors.o ps7_co
TRACE::2025-07-17.22:40:30::SCWMssOS::rtexa9_0/lib/xil_exception.o ps7_cortexa9_0/lib/xil_testmem.o ps7_cortexa9_0/lib/putnum.o ps7_cortexa9_0/lib/xil_clocking.o ps7
TRACE::2025-07-17.22:40:30::SCWMssOS::_cortexa9_0/lib/xil_assert.o ps7_cortexa9_0/lib/xscuwdt_selftest.o ps7_cortexa9_0/lib/xcoresightpsdcc.o ps7_cortexa9_0/lib/xscu
TRACE::2025-07-17.22:40:30::SCWMssOS::gic.o ps7_cortexa9_0/lib/xadcps_g.o ps7_cortexa9_0/lib/xscugic_selftest.o ps7_cortexa9_0/lib/xil-crt0.o ps7_cortexa9_0/lib/xadc
TRACE::2025-07-17.22:40:30::SCWMssOS::ps_sinit.o ps7_cortexa9_0/lib/xil_mmu.o ps7_cortexa9_0/lib/_open.o ps7_cortexa9_0/lib/xdevcfg.o

TRACE::2025-07-17.22:40:30::SCWMssOS::'Finished building libraries'

TRACE::2025-07-17.22:40:30::SCWMssOS::Copying to export directory.
TRACE::2025-07-17.22:40:30::SCWMssOS:: Checking if to create the Supporting Applications
TRACE::2025-07-17.22:40:30::SCWMssOS:: No Linux domain exists, trying to generate FSBL 
LOG::2025-07-17.22:40:30::SCWSystem::Completed Processing the domain standalone_domain
LOG::2025-07-17.22:40:30::SCWSystem::Completed Processing the sysconfig platform
LOG::2025-07-17.22:40:30::SCWPlatform::Completed generating the artifacts for system configuration platform
TRACE::2025-07-17.22:40:30::SCWPlatform::Started preparing the platform 
TRACE::2025-07-17.22:40:30::SCWSystem::Writing the bif file for system config platform
TRACE::2025-07-17.22:40:30::SCWSystem::dir created 
TRACE::2025-07-17.22:40:30::SCWSystem::Writing the bif 
TRACE::2025-07-17.22:40:30::SCWPlatform::Started writing the spfm file 
TRACE::2025-07-17.22:40:30::SCWPlatform::Started writing the xpfm file 
TRACE::2025-07-17.22:40:30::SCWPlatform::Completed generating the platform
TRACE::2025-07-17.22:40:30::SCWMssOS::Saving the mss changes C:/AB/xilinxvivado/projects/arbiter-PUF-FPGA/new_workspace/platform/zynq_fsbl/zynq_fsbl_bsp/system.mss
TRACE::2025-07-17.22:40:30::SCWMssOS::Found a swdesign opened with the mssfile.
TRACE::2025-07-17.22:40:30::SCWMssOS::Completed writemss as part of save.
TRACE::2025-07-17.22:40:30::SCWMssOS::Commit changes completed.
TRACE::2025-07-17.22:40:30::SCWMssOS::Saving the mss changes C:/AB/xilinxvivado/projects/arbiter-PUF-FPGA/new_workspace/platform/ps7_cortexa9_0/standalone_domain/bsp/system.mss
TRACE::2025-07-17.22:40:30::SCWMssOS::Found a swdesign opened with the mssfile.
TRACE::2025-07-17.22:40:30::SCWMssOS::Completed writemss as part of save.
TRACE::2025-07-17.22:40:30::SCWMssOS::Commit changes completed.
TRACE::2025-07-17.22:40:30::SCWPlatform::Trying to open the hw design at C:/AB/xilinxvivado/projects/arbiter-PUF-FPGA/new_workspace/platform/hw/design_2_wrapper_final_2.xsa
TRACE::2025-07-17.22:40:30::SCWPlatform::DSA given C:/AB/xilinxvivado/projects/arbiter-PUF-FPGA/new_workspace/platform/hw/design_2_wrapper_final_2.xsa
TRACE::2025-07-17.22:40:30::SCWPlatform::DSA absoulate path C:/AB/xilinxvivado/projects/arbiter-PUF-FPGA/new_workspace/platform/hw/design_2_wrapper_final_2.xsa
TRACE::2025-07-17.22:40:30::SCWPlatform::DSA directory C:/AB/xilinxvivado/projects/arbiter-PUF-FPGA/new_workspace/platform/hw
TRACE::2025-07-17.22:40:30::SCWPlatform:: Platform Path C:/AB/xilinxvivado/projects/arbiter-PUF-FPGA/new_workspace/platform/hw/design_2_wrapper_final_2.xsa
TRACE::2025-07-17.22:40:30::SCWPlatform:: Unique name xilinx:::0.0
TRACE::2025-07-17.22:40:30::SCWPlatform::Trying to set the existing hwdb with name design_2_wrapper_1
TRACE::2025-07-17.22:40:30::SCWPlatform::Opened existing hwdb design_2_wrapper_1
TRACE::2025-07-17.22:40:30::SCWPlatform::Found the Hw Db part of the input DSA
TRACE::2025-07-17.22:40:30::SCWMssOS::Checking the sw design at  C:/AB/xilinxvivado/projects/arbiter-PUF-FPGA/new_workspace/platform/zynq_fsbl/zynq_fsbl_bsp/system.mss
TRACE::2025-07-17.22:40:30::SCWMssOS::DEBUG:  swdes dump  C:/AB/xilinxvivado/projects/arbiter-PUF-FPGA/new_workspace/platform/ps7_cortexa9_0/standalone_domain/bsp/system.mss|system_0||
C:/AB/xilinxvivado/projects/arbiter-PUF-FPGA/new_workspace/platform/zynq_fsbl/zynq_fsbl_bsp/system.mss|system||

TRACE::2025-07-17.22:40:30::SCWMssOS::Sw design exists and opened at  C:/AB/xilinxvivado/projects/arbiter-PUF-FPGA/new_workspace/platform/zynq_fsbl/zynq_fsbl_bsp/system.mss
TRACE::2025-07-17.22:40:30::SCWPlatform::Trying to open the hw design at C:/AB/xilinxvivado/projects/arbiter-PUF-FPGA/new_workspace/platform/hw/design_2_wrapper_final_2.xsa
TRACE::2025-07-17.22:40:30::SCWPlatform::DSA given C:/AB/xilinxvivado/projects/arbiter-PUF-FPGA/new_workspace/platform/hw/design_2_wrapper_final_2.xsa
TRACE::2025-07-17.22:40:30::SCWPlatform::DSA absoulate path C:/AB/xilinxvivado/projects/arbiter-PUF-FPGA/new_workspace/platform/hw/design_2_wrapper_final_2.xsa
TRACE::2025-07-17.22:40:30::SCWPlatform::DSA directory C:/AB/xilinxvivado/projects/arbiter-PUF-FPGA/new_workspace/platform/hw
TRACE::2025-07-17.22:40:30::SCWPlatform:: Platform Path C:/AB/xilinxvivado/projects/arbiter-PUF-FPGA/new_workspace/platform/hw/design_2_wrapper_final_2.xsa
TRACE::2025-07-17.22:40:30::SCWPlatform:: Unique name xilinx:::0.0
TRACE::2025-07-17.22:40:30::SCWPlatform::Trying to set the existing hwdb with name design_2_wrapper_1
TRACE::2025-07-17.22:40:30::SCWPlatform::Opened existing hwdb design_2_wrapper_1
TRACE::2025-07-17.22:40:30::SCWPlatform::Found the Hw Db part of the input DSA
TRACE::2025-07-17.22:40:30::SCWMssOS::Checking the sw design at  C:/AB/xilinxvivado/projects/arbiter-PUF-FPGA/new_workspace/platform/ps7_cortexa9_0/standalone_domain/bsp/system.mss
TRACE::2025-07-17.22:40:30::SCWMssOS::DEBUG:  swdes dump  C:/AB/xilinxvivado/projects/arbiter-PUF-FPGA/new_workspace/platform/ps7_cortexa9_0/standalone_domain/bsp/system.mss|system_0||
C:/AB/xilinxvivado/projects/arbiter-PUF-FPGA/new_workspace/platform/zynq_fsbl/zynq_fsbl_bsp/system.mss|system||

TRACE::2025-07-17.22:40:30::SCWMssOS::Sw design exists and opened at  C:/AB/xilinxvivado/projects/arbiter-PUF-FPGA/new_workspace/platform/ps7_cortexa9_0/standalone_domain/bsp/system.mss
TRACE::2025-07-17.22:40:30::SCWWriter::formatted JSON is {
	"platformName":	"platform",
	"sprVersion":	"2.0",
	"mode":	"gui",
	"dsaType":	"Fixed",
	"platformDesc":	"platform",
	"platHandOff":	"C:/AB/xilinxvivado/projects/arbiter-PUF-FPGA/Arbiter-PUF-FPGA/design_2_wrapper_final_2.xsa",
	"platIntHandOff":	"<platformDir>/hw/design_2_wrapper_final_2.xsa",
	"deviceType":	"zynq",
	"platIsPrebuiltAutogen":	"false",
	"platIsNoBootBsp":	"false",
	"hasFsblMakeHasChanges":	"false",
	"hasPmufwMakeHasChanges":	"false",
	"fsblExtraCompilerFlags":	"-MMD -MP       -mcpu=cortex-a9 -mfpu=vfpv3 -mfloat-abi=hard ",
	"platPreBuiltFlag":	false,
	"platformSamplesDir":	"",
	"platActiveSys":	"platform",
	"systems":	[{
			"systemName":	"platform",
			"systemDesc":	"platform",
			"sysIsBootAutoGen":	"true",
			"systemDispName":	"platform",
			"sysActiveDom":	"standalone_domain",
			"sysDefaultDom":	"standalone_domain",
			"domains":	[{
					"domainName":	"zynq_fsbl",
					"domainDispName":	"zynq_fsbl",
					"domainDesc":	"FSBL Application BSP - Auto Generated.",
					"processors":	"ps7_cortexa9_0",
					"os":	"standalone",
					"sdxOs":	"standalone",
					"debugEnable":	"",
					"domRuntimes":	["cpp"],
					"swRepo":	"",
					"mssOsVer":	"7.3",
					"mssFile":	"",
					"md5Digest":	"78c06be6924b874cf94cf467c76d8f7d",
					"compatibleApp":	"zynq_fsbl",
					"domType":	"bootDomain",
					"arch":	"32-bit",
					"appSettings":	{
						"appCompilerFlags":	"",
						"appLinkerFlags":	""
					},
					"addedLibs":	["xilffs:4.4", "xilrsa:1.6"],
					"libOptions":	{
						"libsContainingOptions":	[]
					},
					"prebuiltLibs":	{
						"prebuiltIncPath":	[],
						"prebuiltLibPath":	[]
					},
					"isolation":	{
					}
				}, {
					"domainName":	"standalone_domain",
					"domainDispName":	"standalone on ps7_cortexa9_0",
					"domainDesc":	"standalone_domain",
					"processors":	"ps7_cortexa9_0",
					"os":	"standalone",
					"sdxOs":	"standalone",
					"qemuArgs":	"C:/AB/xilinxvivado/Vitis/2020.2/data/emulation/platforms/zynq/sw/a9_standalone/qemu/qemu_args.txt",
					"qemuData":	"C:/AB/xilinxvivado/Vitis/2020.2/data/emulation/platforms/zynq/sw/a9_standalone/qemu/",
					"debugEnable":	"False",
					"domRuntimes":	["cpp"],
					"swRepo":	"",
					"mssOsVer":	"7.3",
					"mssFile":	"",
					"md5Digest":	"8276bd7423100ab808fdcc646ffd4c47",
					"compatibleApp":	"",
					"domType":	"mssDomain",
					"appSettings":	{
						"appCompilerFlags":	"",
						"appLinkerFlags":	""
					},
					"addedLibs":	[],
					"libOptions":	{
						"libsContainingOptions":	[]
					},
					"prebuiltLibs":	{
						"prebuiltIncPath":	[],
						"prebuiltLibPath":	[]
					},
					"isolation":	{
					}
				}]
		}]
}
KEYINFO::2025-07-17.22:40:30::SCWPlatform::updated the xpfm file.
TRACE::2025-07-17.22:40:30::SCWPlatform::Trying to open the hw design at C:/AB/xilinxvivado/projects/arbiter-PUF-FPGA/new_workspace/platform/hw/design_2_wrapper_final_2.xsa
TRACE::2025-07-17.22:40:30::SCWPlatform::DSA given C:/AB/xilinxvivado/projects/arbiter-PUF-FPGA/new_workspace/platform/hw/design_2_wrapper_final_2.xsa
TRACE::2025-07-17.22:40:30::SCWPlatform::DSA absoulate path C:/AB/xilinxvivado/projects/arbiter-PUF-FPGA/new_workspace/platform/hw/design_2_wrapper_final_2.xsa
TRACE::2025-07-17.22:40:30::SCWPlatform::DSA directory C:/AB/xilinxvivado/projects/arbiter-PUF-FPGA/new_workspace/platform/hw
TRACE::2025-07-17.22:40:30::SCWPlatform:: Platform Path C:/AB/xilinxvivado/projects/arbiter-PUF-FPGA/new_workspace/platform/hw/design_2_wrapper_final_2.xsa
TRACE::2025-07-17.22:40:30::SCWPlatform:: Unique name xilinx:::0.0
TRACE::2025-07-17.22:40:30::SCWPlatform::Trying to set the existing hwdb with name design_2_wrapper_1
TRACE::2025-07-17.22:40:30::SCWPlatform::Opened existing hwdb design_2_wrapper_1
TRACE::2025-07-17.22:40:30::SCWPlatform::Found the Hw Db part of the input DSA
TRACE::2025-07-17.22:40:30::SCWMssOS::Checking the sw design at  C:/AB/xilinxvivado/projects/arbiter-PUF-FPGA/new_workspace/platform/ps7_cortexa9_0/standalone_domain/bsp/system.mss
TRACE::2025-07-17.22:40:30::SCWMssOS::DEBUG:  swdes dump  C:/AB/xilinxvivado/projects/arbiter-PUF-FPGA/new_workspace/platform/ps7_cortexa9_0/standalone_domain/bsp/system.mss|system_0||
C:/AB/xilinxvivado/projects/arbiter-PUF-FPGA/new_workspace/platform/zynq_fsbl/zynq_fsbl_bsp/system.mss|system||

TRACE::2025-07-17.22:40:30::SCWMssOS::Sw design exists and opened at  C:/AB/xilinxvivado/projects/arbiter-PUF-FPGA/new_workspace/platform/ps7_cortexa9_0/standalone_domain/bsp/system.mss
TRACE::2025-07-17.22:58:06::SCWBDomain::System Command Ran  C:&  cd  C:/AB/xilinxvivado/projects/arbiter-PUF-FPGA/new_workspace/platform/zynq_fsbl & make clean
TRACE::2025-07-17.22:58:06::SCWBDomain::rm -rf  sd.o  nand.o  image_mover.o  md5.o  fsbl_hooks.o  main.o  nor.o  qspi.o  rsa.o  ps7_init.o  pcap.o  fsbl_handoff.o zynq
TRACE::2025-07-17.22:58:06::SCWBDomain::_fsbl_bsp/ps7_cortexa9_0/lib/libxil.a fsbl.elf *.o

TRACE::2025-07-17.22:58:06::SCWBDomain::System Command Ran  C:&  cd  C:/AB/xilinxvivado/projects/arbiter-PUF-FPGA/new_workspace/platform/zynq_fsbl/zynq_fsbl_bsp & make clean
TRACE::2025-07-17.22:58:06::SCWBDomain::make -C ps7_cortexa9_0/libsrc/arbiter_puf_fpga_v1_0/src -s clean 

TRACE::2025-07-17.22:58:06::SCWBDomain::make -C ps7_cortexa9_0/libsrc/coresightps_dcc_v1_8/src -s clean 

TRACE::2025-07-17.22:58:06::SCWBDomain::make -C ps7_cortexa9_0/libsrc/cpu_cortexa9_v2_10/src -s clean 

TRACE::2025-07-17.22:58:06::SCWBDomain::make -C ps7_cortexa9_0/libsrc/ddrps_v1_2/src -s clean 

TRACE::2025-07-17.22:58:06::SCWBDomain::make -C ps7_cortexa9_0/libsrc/devcfg_v3_7/src -s clean 

TRACE::2025-07-17.22:58:06::SCWBDomain::make -C ps7_cortexa9_0/libsrc/dmaps_v2_7/src -s clean 

TRACE::2025-07-17.22:58:06::SCWBDomain::make -C ps7_cortexa9_0/libsrc/scugic_v4_3/src -s clean 

TRACE::2025-07-17.22:58:06::SCWBDomain::make -C ps7_cortexa9_0/libsrc/scutimer_v2_3/src -s clean 

TRACE::2025-07-17.22:58:06::SCWBDomain::make -C ps7_cortexa9_0/libsrc/scuwdt_v2_3/src -s clean 

TRACE::2025-07-17.22:58:07::SCWBDomain::make -C ps7_cortexa9_0/libsrc/standalone_v7_3/src -s clean 

TRACE::2025-07-17.22:58:07::SCWBDomain::make -C ps7_cortexa9_0/libsrc/uartps_v3_10/src -s clean 

TRACE::2025-07-17.22:58:07::SCWBDomain::make -C ps7_cortexa9_0/libsrc/xadcps_v2_5/src -s clean 

TRACE::2025-07-17.22:58:07::SCWBDomain::make -C ps7_cortexa9_0/libsrc/xilffs_v4_4/src -s clean 

TRACE::2025-07-17.22:58:07::SCWBDomain::make -C ps7_cortexa9_0/libsrc/xilrsa_v1_6/src -s clean 

TRACE::2025-07-17.22:58:07::SCWBDomain::rm -f ps7_cortexa9_0/lib/libxil.a

TRACE::2025-07-17.22:58:07::SCWMssOS::cleaning the bsp 
TRACE::2025-07-17.22:58:07::SCWMssOS::System Command Ran  C: & cd  C:/AB/xilinxvivado/projects/arbiter-PUF-FPGA/new_workspace/platform/ps7_cortexa9_0/standalone_domain/bsp & make clean 
TRACE::2025-07-17.22:58:07::SCWMssOS::make -C ps7_cortexa9_0/libsrc/arbiter_puf_fpga_v1_0/src -s clean 

TRACE::2025-07-17.22:58:07::SCWMssOS::make -C ps7_cortexa9_0/libsrc/coresightps_dcc_v1_8/src -s clean 

TRACE::2025-07-17.22:58:07::SCWMssOS::make -C ps7_cortexa9_0/libsrc/cpu_cortexa9_v2_10/src -s clean 

TRACE::2025-07-17.22:58:07::SCWMssOS::make -C ps7_cortexa9_0/libsrc/ddrps_v1_2/src -s clean 

TRACE::2025-07-17.22:58:07::SCWMssOS::make -C ps7_cortexa9_0/libsrc/devcfg_v3_7/src -s clean 

TRACE::2025-07-17.22:58:07::SCWMssOS::make -C ps7_cortexa9_0/libsrc/dmaps_v2_7/src -s clean 

TRACE::2025-07-17.22:58:08::SCWMssOS::make -C ps7_cortexa9_0/libsrc/scugic_v4_3/src -s clean 

TRACE::2025-07-17.22:58:08::SCWMssOS::make -C ps7_cortexa9_0/libsrc/scutimer_v2_3/src -s clean 

TRACE::2025-07-17.22:58:08::SCWMssOS::make -C ps7_cortexa9_0/libsrc/scuwdt_v2_3/src -s clean 

TRACE::2025-07-17.22:58:08::SCWMssOS::make -C ps7_cortexa9_0/libsrc/standalone_v7_3/src -s clean 

TRACE::2025-07-17.22:58:08::SCWMssOS::make -C ps7_cortexa9_0/libsrc/uartps_v3_10/src -s clean 

TRACE::2025-07-17.22:58:08::SCWMssOS::make -C ps7_cortexa9_0/libsrc/xadcps_v2_5/src -s clean 

TRACE::2025-07-17.22:58:08::SCWMssOS::rm -f ps7_cortexa9_0/lib/libxil.a

LOG::2025-07-17.22:58:14::SCWPlatform::Started generating the artifacts platform platform
TRACE::2025-07-17.22:58:14::SCWPlatform::Sanity checking of platform is completed
LOG::2025-07-17.22:58:14::SCWPlatform::Started generating the artifacts for system configuration platform
LOG::2025-07-17.22:58:14::SCWSystem::Checking the domain zynq_fsbl
LOG::2025-07-17.22:58:14::SCWSystem::Doing application build for :  zynq_fsbl
TRACE::2025-07-17.22:58:14::SCWBDomain::Not a forced makefile updation, No changes are present. 
TRACE::2025-07-17.22:58:14::SCWDomain::Building the domain as part of full build :  zynq_fsbl
TRACE::2025-07-17.22:58:14::SCWPlatform::Trying to open the hw design at C:/AB/xilinxvivado/projects/arbiter-PUF-FPGA/new_workspace/platform/hw/design_2_wrapper_final_2.xsa
TRACE::2025-07-17.22:58:14::SCWPlatform::DSA given C:/AB/xilinxvivado/projects/arbiter-PUF-FPGA/new_workspace/platform/hw/design_2_wrapper_final_2.xsa
TRACE::2025-07-17.22:58:14::SCWPlatform::DSA absoulate path C:/AB/xilinxvivado/projects/arbiter-PUF-FPGA/new_workspace/platform/hw/design_2_wrapper_final_2.xsa
TRACE::2025-07-17.22:58:14::SCWPlatform::DSA directory C:/AB/xilinxvivado/projects/arbiter-PUF-FPGA/new_workspace/platform/hw
TRACE::2025-07-17.22:58:14::SCWPlatform:: Platform Path C:/AB/xilinxvivado/projects/arbiter-PUF-FPGA/new_workspace/platform/hw/design_2_wrapper_final_2.xsa
TRACE::2025-07-17.22:58:14::SCWPlatform:: Unique name xilinx:::0.0
TRACE::2025-07-17.22:58:14::SCWPlatform::Trying to set the existing hwdb with name design_2_wrapper_1
TRACE::2025-07-17.22:58:14::SCWPlatform::Opened existing hwdb design_2_wrapper_1
TRACE::2025-07-17.22:58:14::SCWPlatform::Found the Hw Db part of the input DSA
TRACE::2025-07-17.22:58:14::SCWMssOS::Checking the sw design at  C:/AB/xilinxvivado/projects/arbiter-PUF-FPGA/new_workspace/platform/zynq_fsbl/zynq_fsbl_bsp/system.mss
TRACE::2025-07-17.22:58:14::SCWMssOS::DEBUG:  swdes dump  C:/AB/xilinxvivado/projects/arbiter-PUF-FPGA/new_workspace/platform/ps7_cortexa9_0/standalone_domain/bsp/system.mss|system_0||
C:/AB/xilinxvivado/projects/arbiter-PUF-FPGA/new_workspace/platform/zynq_fsbl/zynq_fsbl_bsp/system.mss|system||

TRACE::2025-07-17.22:58:14::SCWMssOS::Sw design exists and opened at  C:/AB/xilinxvivado/projects/arbiter-PUF-FPGA/new_workspace/platform/zynq_fsbl/zynq_fsbl_bsp/system.mss
TRACE::2025-07-17.22:58:14::SCWBDomain::Completed writing the mss file at C:/AB/xilinxvivado/projects/arbiter-PUF-FPGA/new_workspace/platform/zynq_fsbl/zynq_fsbl_bsp
TRACE::2025-07-17.22:58:14::SCWBDomain::bsp generated is upto date with the mss file. Skipping bsp generation.
TRACE::2025-07-17.22:58:14::SCWBDomain::Not a forced makefile updation, No changes are present. 
TRACE::2025-07-17.22:58:14::SCWBDomain::System Command Ran  C:&  cd  C:/AB/xilinxvivado/projects/arbiter-PUF-FPGA/new_workspace/platform/zynq_fsbl& make -C  zynq_fsbl_bsp & make 
TRACE::2025-07-17.22:58:14::SCWBDomain::make: Entering directory 'C:/AB/xilinxvivado/projects/arbiter-PUF-FPGA/new_workspace/platform/zynq_fsbl/zynq_fsbl_bsp'

TRACE::2025-07-17.22:58:14::SCWBDomain::make --no-print-directory seq_libs

TRACE::2025-07-17.22:58:14::SCWBDomain::"Running Make include in ps7_cortexa9_0/libsrc/arbiter_puf_fpga_v1_0/src"

TRACE::2025-07-17.22:58:14::SCWBDomain::make -C ps7_cortexa9_0/libsrc/arbiter_puf_fpga_v1_0/src -s include  "SHELL=CMD" "COMPILER=arm-none-eabi-gcc" "ASSEMBLER=arm-non
TRACE::2025-07-17.22:58:14::SCWBDomain::e-eabi-as" "ARCHIVER=arm-none-eabi-ar" "COMPILER_FLAGS=  -O2 -c" "EXTRA_COMPILER_FLAGS=-mcpu=cortex-a9 -mfpu=vfpv3 -mfloat-abi=
TRACE::2025-07-17.22:58:14::SCWBDomain::hard -nostartfiles -g -Wall -Wextra"

TRACE::2025-07-17.22:58:14::SCWBDomain::        1 file(s) copied.

TRACE::2025-07-17.22:58:14::SCWBDomain::"Running Make include in ps7_cortexa9_0/libsrc/coresightps_dcc_v1_8/src"

TRACE::2025-07-17.22:58:14::SCWBDomain::make -C ps7_cortexa9_0/libsrc/coresightps_dcc_v1_8/src -s include  "SHELL=CMD" "COMPILER=arm-none-eabi-gcc" "ASSEMBLER=arm-none
TRACE::2025-07-17.22:58:14::SCWBDomain::-eabi-as" "ARCHIVER=arm-none-eabi-ar" "COMPILER_FLAGS=  -O2 -c" "EXTRA_COMPILER_FLAGS=-mcpu=cortex-a9 -mfpu=vfpv3 -mfloat-abi=h
TRACE::2025-07-17.22:58:14::SCWBDomain::ard -nostartfiles -g -Wall -Wextra"

TRACE::2025-07-17.22:58:14::SCWBDomain::"Running Make include in ps7_cortexa9_0/libsrc/cpu_cortexa9_v2_10/src"

TRACE::2025-07-17.22:58:14::SCWBDomain::make -C ps7_cortexa9_0/libsrc/cpu_cortexa9_v2_10/src -s include  "SHELL=CMD" "COMPILER=arm-none-eabi-gcc" "ASSEMBLER=arm-none-e
TRACE::2025-07-17.22:58:14::SCWBDomain::abi-as" "ARCHIVER=arm-none-eabi-ar" "COMPILER_FLAGS=  -O2 -c" "EXTRA_COMPILER_FLAGS=-mcpu=cortex-a9 -mfpu=vfpv3 -mfloat-abi=har
TRACE::2025-07-17.22:58:14::SCWBDomain::d -nostartfiles -g -Wall -Wextra"

TRACE::2025-07-17.22:58:14::SCWBDomain::"Running Make include in ps7_cortexa9_0/libsrc/ddrps_v1_2/src"

TRACE::2025-07-17.22:58:14::SCWBDomain::make -C ps7_cortexa9_0/libsrc/ddrps_v1_2/src -s include  "SHELL=CMD" "COMPILER=arm-none-eabi-gcc" "ASSEMBLER=arm-none-eabi-as" 
TRACE::2025-07-17.22:58:14::SCWBDomain::"ARCHIVER=arm-none-eabi-ar" "COMPILER_FLAGS=  -O2 -c" "EXTRA_COMPILER_FLAGS=-mcpu=cortex-a9 -mfpu=vfpv3 -mfloat-abi=hard -nosta
TRACE::2025-07-17.22:58:14::SCWBDomain::rtfiles -g -Wall -Wextra"

TRACE::2025-07-17.22:58:14::SCWBDomain::"Running Make include in ps7_cortexa9_0/libsrc/devcfg_v3_7/src"

TRACE::2025-07-17.22:58:14::SCWBDomain::make -C ps7_cortexa9_0/libsrc/devcfg_v3_7/src -s include  "SHELL=CMD" "COMPILER=arm-none-eabi-gcc" "ASSEMBLER=arm-none-eabi-as"
TRACE::2025-07-17.22:58:14::SCWBDomain:: "ARCHIVER=arm-none-eabi-ar" "COMPILER_FLAGS=  -O2 -c" "EXTRA_COMPILER_FLAGS=-mcpu=cortex-a9 -mfpu=vfpv3 -mfloat-abi=hard -nost
TRACE::2025-07-17.22:58:14::SCWBDomain::artfiles -g -Wall -Wextra"

TRACE::2025-07-17.22:58:14::SCWBDomain::"Running Make include in ps7_cortexa9_0/libsrc/dmaps_v2_7/src"

TRACE::2025-07-17.22:58:14::SCWBDomain::make -C ps7_cortexa9_0/libsrc/dmaps_v2_7/src -s include  "SHELL=CMD" "COMPILER=arm-none-eabi-gcc" "ASSEMBLER=arm-none-eabi-as" 
TRACE::2025-07-17.22:58:14::SCWBDomain::"ARCHIVER=arm-none-eabi-ar" "COMPILER_FLAGS=  -O2 -c" "EXTRA_COMPILER_FLAGS=-mcpu=cortex-a9 -mfpu=vfpv3 -mfloat-abi=hard -nosta
TRACE::2025-07-17.22:58:14::SCWBDomain::rtfiles -g -Wall -Wextra"

TRACE::2025-07-17.22:58:14::SCWBDomain::"Running Make include in ps7_cortexa9_0/libsrc/scugic_v4_3/src"

TRACE::2025-07-17.22:58:14::SCWBDomain::make -C ps7_cortexa9_0/libsrc/scugic_v4_3/src -s include  "SHELL=CMD" "COMPILER=arm-none-eabi-gcc" "ASSEMBLER=arm-none-eabi-as"
TRACE::2025-07-17.22:58:14::SCWBDomain:: "ARCHIVER=arm-none-eabi-ar" "COMPILER_FLAGS=  -O2 -c" "EXTRA_COMPILER_FLAGS=-mcpu=cortex-a9 -mfpu=vfpv3 -mfloat-abi=hard -nost
TRACE::2025-07-17.22:58:14::SCWBDomain::artfiles -g -Wall -Wextra"

TRACE::2025-07-17.22:58:14::SCWBDomain::"Running Make include in ps7_cortexa9_0/libsrc/scutimer_v2_3/src"

TRACE::2025-07-17.22:58:14::SCWBDomain::make -C ps7_cortexa9_0/libsrc/scutimer_v2_3/src -s include  "SHELL=CMD" "COMPILER=arm-none-eabi-gcc" "ASSEMBLER=arm-none-eabi-a
TRACE::2025-07-17.22:58:14::SCWBDomain::s" "ARCHIVER=arm-none-eabi-ar" "COMPILER_FLAGS=  -O2 -c" "EXTRA_COMPILER_FLAGS=-mcpu=cortex-a9 -mfpu=vfpv3 -mfloat-abi=hard -no
TRACE::2025-07-17.22:58:14::SCWBDomain::startfiles -g -Wall -Wextra"

TRACE::2025-07-17.22:58:14::SCWBDomain::"Running Make include in ps7_cortexa9_0/libsrc/scuwdt_v2_3/src"

TRACE::2025-07-17.22:58:14::SCWBDomain::make -C ps7_cortexa9_0/libsrc/scuwdt_v2_3/src -s include  "SHELL=CMD" "COMPILER=arm-none-eabi-gcc" "ASSEMBLER=arm-none-eabi-as"
TRACE::2025-07-17.22:58:14::SCWBDomain:: "ARCHIVER=arm-none-eabi-ar" "COMPILER_FLAGS=  -O2 -c" "EXTRA_COMPILER_FLAGS=-mcpu=cortex-a9 -mfpu=vfpv3 -mfloat-abi=hard -nost
TRACE::2025-07-17.22:58:14::SCWBDomain::artfiles -g -Wall -Wextra"

TRACE::2025-07-17.22:58:14::SCWBDomain::"Running Make include in ps7_cortexa9_0/libsrc/standalone_v7_3/src"

TRACE::2025-07-17.22:58:14::SCWBDomain::make -C ps7_cortexa9_0/libsrc/standalone_v7_3/src -s include  "SHELL=CMD" "COMPILER=arm-none-eabi-gcc" "ASSEMBLER=arm-none-eabi
TRACE::2025-07-17.22:58:14::SCWBDomain::-as" "ARCHIVER=arm-none-eabi-ar" "COMPILER_FLAGS=  -O2 -c" "EXTRA_COMPILER_FLAGS=-mcpu=cortex-a9 -mfpu=vfpv3 -mfloat-abi=hard -
TRACE::2025-07-17.22:58:14::SCWBDomain::nostartfiles -g -Wall -Wextra"

TRACE::2025-07-17.22:58:14::SCWBDomain::"Running Make include in ps7_cortexa9_0/libsrc/uartps_v3_10/src"

TRACE::2025-07-17.22:58:14::SCWBDomain::make -C ps7_cortexa9_0/libsrc/uartps_v3_10/src -s include  "SHELL=CMD" "COMPILER=arm-none-eabi-gcc" "ASSEMBLER=arm-none-eabi-as
TRACE::2025-07-17.22:58:14::SCWBDomain::" "ARCHIVER=arm-none-eabi-ar" "COMPILER_FLAGS=  -O2 -c" "EXTRA_COMPILER_FLAGS=-mcpu=cortex-a9 -mfpu=vfpv3 -mfloat-abi=hard -nos
TRACE::2025-07-17.22:58:14::SCWBDomain::tartfiles -g -Wall -Wextra"

TRACE::2025-07-17.22:58:14::SCWBDomain::"Running Make include in ps7_cortexa9_0/libsrc/xadcps_v2_5/src"

TRACE::2025-07-17.22:58:14::SCWBDomain::make -C ps7_cortexa9_0/libsrc/xadcps_v2_5/src -s include  "SHELL=CMD" "COMPILER=arm-none-eabi-gcc" "ASSEMBLER=arm-none-eabi-as"
TRACE::2025-07-17.22:58:14::SCWBDomain:: "ARCHIVER=arm-none-eabi-ar" "COMPILER_FLAGS=  -O2 -c" "EXTRA_COMPILER_FLAGS=-mcpu=cortex-a9 -mfpu=vfpv3 -mfloat-abi=hard -nost
TRACE::2025-07-17.22:58:14::SCWBDomain::artfiles -g -Wall -Wextra"

TRACE::2025-07-17.22:58:14::SCWBDomain::"Running Make include in ps7_cortexa9_0/libsrc/xilffs_v4_4/src"

TRACE::2025-07-17.22:58:14::SCWBDomain::make -C ps7_cortexa9_0/libsrc/xilffs_v4_4/src -s include  "SHELL=CMD" "COMPILER=arm-none-eabi-gcc" "ASSEMBLER=arm-none-eabi-as"
TRACE::2025-07-17.22:58:14::SCWBDomain:: "ARCHIVER=arm-none-eabi-ar" "COMPILER_FLAGS=  -O2 -c" "EXTRA_COMPILER_FLAGS=-mcpu=cortex-a9 -mfpu=vfpv3 -mfloat-abi=hard -nost
TRACE::2025-07-17.22:58:14::SCWBDomain::artfiles -g -Wall -Wextra"

TRACE::2025-07-17.22:58:14::SCWBDomain::"Running Make include in ps7_cortexa9_0/libsrc/xilrsa_v1_6/src"

TRACE::2025-07-17.22:58:14::SCWBDomain::make -C ps7_cortexa9_0/libsrc/xilrsa_v1_6/src -s include  "SHELL=CMD" "COMPILER=arm-none-eabi-gcc" "ASSEMBLER=arm-none-eabi-as"
TRACE::2025-07-17.22:58:14::SCWBDomain:: "ARCHIVER=arm-none-eabi-ar" "COMPILER_FLAGS=  -O2 -c" "EXTRA_COMPILER_FLAGS=-mcpu=cortex-a9 -mfpu=vfpv3 -mfloat-abi=hard -nost
TRACE::2025-07-17.22:58:14::SCWBDomain::artfiles -g -Wall -Wextra"

TRACE::2025-07-17.22:58:14::SCWBDomain::"Running Make libs in ps7_cortexa9_0/libsrc/arbiter_puf_fpga_v1_0/src"

TRACE::2025-07-17.22:58:14::SCWBDomain::make -C ps7_cortexa9_0/libsrc/arbiter_puf_fpga_v1_0/src -s libs  "SHELL=CMD" "COMPILER=arm-none-eabi-gcc" "ASSEMBLER=arm-none-e
TRACE::2025-07-17.22:58:14::SCWBDomain::abi-as" "ARCHIVER=arm-none-eabi-ar" "COMPILER_FLAGS=  -O2 -c" "EXTRA_COMPILER_FLAGS=-mcpu=cortex-a9 -mfpu=vfpv3 -mfloat-abi=har
TRACE::2025-07-17.22:58:14::SCWBDomain::d -nostartfiles -g -Wall -Wextra"

TRACE::2025-07-17.22:58:14::SCWBDomain::"Running Make libs in ps7_cortexa9_0/libsrc/xilrsa_v1_6/src"

TRACE::2025-07-17.22:58:14::SCWBDomain::make -C ps7_cortexa9_0/libsrc/xilrsa_v1_6/src -s libs  "SHELL=CMD" "COMPILER=arm-none-eabi-gcc" "ASSEMBLER=arm-none-eabi-as" "A
TRACE::2025-07-17.22:58:14::SCWBDomain::RCHIVER=arm-none-eabi-ar" "COMPILER_FLAGS=  -O2 -c" "EXTRA_COMPILER_FLAGS=-mcpu=cortex-a9 -mfpu=vfpv3 -mfloat-abi=hard -nostart
TRACE::2025-07-17.22:58:14::SCWBDomain::files -g -Wall -Wextra"

TRACE::2025-07-17.22:58:14::SCWBDomain::'Finished building libraries sequentially.'

TRACE::2025-07-17.22:58:14::SCWBDomain::make -j --no-print-directory par_libs

TRACE::2025-07-17.22:58:15::SCWBDomain::"Running Make include in ps7_cortexa9_0/libsrc/arbiter_puf_fpga_v1_0/src"

TRACE::2025-07-17.22:58:15::SCWBDomain::"Running Make include in ps7_cortexa9_0/libsrc/coresightps_dcc_v1_8/src"

TRACE::2025-07-17.22:58:15::SCWBDomain::make -C ps7_cortexa9_0/libsrc/arbiter_puf_fpga_v1_0/src -s include  "SHELL=CMD" "COMPILER=arm-none-eabi-gcc" "ASSEMBLER=arm-non
TRACE::2025-07-17.22:58:15::SCWBDomain::e-eabi-as" "ARCHIVER=arm-none-eabi-ar" "COMPILER_FLAGS=  -O2 -c" "EXTRA_COMPILER_FLAGS=-mcpu=cortex-a9 -mfpu=vfpv3 -mfloat-abi=
TRACE::2025-07-17.22:58:15::SCWBDomain::hard -nostartfiles -g -Wall -Wextra"

TRACE::2025-07-17.22:58:15::SCWBDomain::"Running Make include in ps7_cortexa9_0/libsrc/cpu_cortexa9_v2_10/src"

TRACE::2025-07-17.22:58:15::SCWBDomain::make -C ps7_cortexa9_0/libsrc/coresightps_dcc_v1_8/src -s include  "SHELL=CMD" "COMPILER=arm-none-eabi-gcc" "ASSEMBLER=arm-none
TRACE::2025-07-17.22:58:15::SCWBDomain::-eabi-as" "ARCHIVER=arm-none-eabi-ar" "COMPILER_FLAGS=  -O2 -c" "EXTRA_COMPILER_FLAGS=-mcpu=cortex-a9 -mfpu=vfpv3 -mfloat-abi=h
TRACE::2025-07-17.22:58:15::SCWBDomain::ard -nostartfiles -g -Wall -Wextra"

TRACE::2025-07-17.22:58:15::SCWBDomain::make -C ps7_cortexa9_0/libsrc/cpu_cortexa9_v2_10/src -s include  "SHELL=CMD" "COMPILER=arm-none-eabi-gcc" "ASSEMBLER=arm-none-e
TRACE::2025-07-17.22:58:15::SCWBDomain::abi-as" "ARCHIVER=arm-none-eabi-ar" "COMPILER_FLAGS=  -O2 -c" "EXTRA_COMPILER_FLAGS=-mcpu=cortex-a9 -mfpu=vfpv3 -mfloat-abi=har
TRACE::2025-07-17.22:58:15::SCWBDomain::d -nostartfiles -g -Wall -Wextra"

TRACE::2025-07-17.22:58:15::SCWBDomain::"Running Make include in ps7_cortexa9_0/libsrc/ddrps_v1_2/src"

TRACE::2025-07-17.22:58:15::SCWBDomain::make -C ps7_cortexa9_0/libsrc/ddrps_v1_2/src -s include  "SHELL=CMD" "COMPILER=arm-none-eabi-gcc" "ASSEMBLER=arm-none-eabi-as" 
TRACE::2025-07-17.22:58:15::SCWBDomain::"ARCHIVER=arm-none-eabi-ar" "COMPILER_FLAGS=  -O2 -c" "EXTRA_COMPILER_FLAGS=-mcpu=cortex-a9 -mfpu=vfpv3 -mfloat-abi=hard -nosta
TRACE::2025-07-17.22:58:15::SCWBDomain::rtfiles -g -Wall -Wextra"

TRACE::2025-07-17.22:58:15::SCWBDomain::"Running Make include in ps7_cortexa9_0/libsrc/devcfg_v3_7/src"

TRACE::2025-07-17.22:58:15::SCWBDomain::make -C ps7_cortexa9_0/libsrc/devcfg_v3_7/src -s include  "SHELL=CMD" "COMPILER=arm-none-eabi-gcc" "ASSEMBLER=arm-none-eabi-as"
TRACE::2025-07-17.22:58:15::SCWBDomain:: "ARCHIVER=arm-none-eabi-ar" "COMPILER_FLAGS=  -O2 -c" "EXTRA_COMPILER_FLAGS=-mcpu=cortex-a9 -mfpu=vfpv3 -mfloat-abi=hard -nost
TRACE::2025-07-17.22:58:15::SCWBDomain::artfiles -g -Wall -Wextra"

TRACE::2025-07-17.22:58:15::SCWBDomain::"Running Make include in ps7_cortexa9_0/libsrc/dmaps_v2_7/src"

TRACE::2025-07-17.22:58:15::SCWBDomain::"Running Make include in ps7_cortexa9_0/libsrc/scugic_v4_3/src"

TRACE::2025-07-17.22:58:15::SCWBDomain::        1 file(s) copied.

TRACE::2025-07-17.22:58:15::SCWBDomain::make -C ps7_cortexa9_0/libsrc/dmaps_v2_7/src -s include  "SHELL=CMD" "COMPILER=arm-none-eabi-gcc" "ASSEMBLER=arm-none-eabi-as" 
TRACE::2025-07-17.22:58:15::SCWBDomain::"ARCHIVER=arm-none-eabi-ar" "COMPILER_FLAGS=  -O2 -c" "EXTRA_COMPILER_FLAGS=-mcpu=cortex-a9 -mfpu=vfpv3 -mfloat-abi=hard -nosta
TRACE::2025-07-17.22:58:15::SCWBDomain::rtfiles -g -Wall -Wextra"

TRACE::2025-07-17.22:58:15::SCWBDomain::"Running Make include in ps7_cortexa9_0/libsrc/scutimer_v2_3/src"

TRACE::2025-07-17.22:58:15::SCWBDomain::make -C ps7_cortexa9_0/libsrc/scugic_v4_3/src -s include  "SHELL=CMD" "COMPILER=arm-none-eabi-gcc" "ASSEMBLER=arm-none-eabi-as"
TRACE::2025-07-17.22:58:15::SCWBDomain:: "ARCHIVER=arm-none-eabi-ar" "COMPILER_FLAGS=  -O2 -c" "EXTRA_COMPILER_FLAGS=-mcpu=cortex-a9 -mfpu=vfpv3 -mfloat-abi=hard -nost
TRACE::2025-07-17.22:58:15::SCWBDomain::artfiles -g -Wall -Wextra"

TRACE::2025-07-17.22:58:15::SCWBDomain::"Running Make include in ps7_cortexa9_0/libsrc/scuwdt_v2_3/src"

TRACE::2025-07-17.22:58:15::SCWBDomain::make -C ps7_cortexa9_0/libsrc/scutimer_v2_3/src -s include  "SHELL=CMD" "COMPILER=arm-none-eabi-gcc" "ASSEMBLER=arm-none-eabi-a
TRACE::2025-07-17.22:58:15::SCWBDomain::s" "ARCHIVER=arm-none-eabi-ar" "COMPILER_FLAGS=  -O2 -c" "EXTRA_COMPILER_FLAGS=-mcpu=cortex-a9 -mfpu=vfpv3 -mfloat-abi=hard -no
TRACE::2025-07-17.22:58:15::SCWBDomain::startfiles -g -Wall -Wextra"

TRACE::2025-07-17.22:58:15::SCWBDomain::"Running Make include in ps7_cortexa9_0/libsrc/standalone_v7_3/src"

TRACE::2025-07-17.22:58:15::SCWBDomain::make -C ps7_cortexa9_0/libsrc/scuwdt_v2_3/src -s include  "SHELL=CMD" "COMPILER=arm-none-eabi-gcc" "ASSEMBLER=arm-none-eabi-as"
TRACE::2025-07-17.22:58:15::SCWBDomain:: "ARCHIVER=arm-none-eabi-ar" "COMPILER_FLAGS=  -O2 -c" "EXTRA_COMPILER_FLAGS=-mcpu=cortex-a9 -mfpu=vfpv3 -mfloat-abi=hard -nost
TRACE::2025-07-17.22:58:15::SCWBDomain::artfiles -g -Wall -Wextra"

TRACE::2025-07-17.22:58:15::SCWBDomain::make -C ps7_cortexa9_0/libsrc/standalone_v7_3/src -s include  "SHELL=CMD" "COMPILER=arm-none-eabi-gcc" "ASSEMBLER=arm-none-eabi
TRACE::2025-07-17.22:58:15::SCWBDomain::-as" "ARCHIVER=arm-none-eabi-ar" "COMPILER_FLAGS=  -O2 -c" "EXTRA_COMPILER_FLAGS=-mcpu=cortex-a9 -mfpu=vfpv3 -mfloat-abi=hard -
TRACE::2025-07-17.22:58:15::SCWBDomain::nostartfiles -g -Wall -Wextra"

TRACE::2025-07-17.22:58:15::SCWBDomain::"Running Make include in ps7_cortexa9_0/libsrc/uartps_v3_10/src"

TRACE::2025-07-17.22:58:15::SCWBDomain::"Running Make include in ps7_cortexa9_0/libsrc/xadcps_v2_5/src"

TRACE::2025-07-17.22:58:15::SCWBDomain::make -C ps7_cortexa9_0/libsrc/uartps_v3_10/src -s include  "SHELL=CMD" "COMPILER=arm-none-eabi-gcc" "ASSEMBLER=arm-none-eabi-as
TRACE::2025-07-17.22:58:15::SCWBDomain::" "ARCHIVER=arm-none-eabi-ar" "COMPILER_FLAGS=  -O2 -c" "EXTRA_COMPILER_FLAGS=-mcpu=cortex-a9 -mfpu=vfpv3 -mfloat-abi=hard -nos
TRACE::2025-07-17.22:58:15::SCWBDomain::tartfiles -g -Wall -Wextra"

TRACE::2025-07-17.22:58:15::SCWBDomain::make -C ps7_cortexa9_0/libsrc/xadcps_v2_5/src -s include  "SHELL=CMD" "COMPILER=arm-none-eabi-gcc" "ASSEMBLER=arm-none-eabi-as"
TRACE::2025-07-17.22:58:15::SCWBDomain:: "ARCHIVER=arm-none-eabi-ar" "COMPILER_FLAGS=  -O2 -c" "EXTRA_COMPILER_FLAGS=-mcpu=cortex-a9 -mfpu=vfpv3 -mfloat-abi=hard -nost
TRACE::2025-07-17.22:58:15::SCWBDomain::artfiles -g -Wall -Wextra"

TRACE::2025-07-17.22:58:15::SCWBDomain::"Running Make include in ps7_cortexa9_0/libsrc/xilffs_v4_4/src"

TRACE::2025-07-17.22:58:15::SCWBDomain::"Running Make include in ps7_cortexa9_0/libsrc/xilrsa_v1_6/src"

TRACE::2025-07-17.22:58:15::SCWBDomain::make -C ps7_cortexa9_0/libsrc/xilffs_v4_4/src -s include  "SHELL=CMD" "COMPILER=arm-none-eabi-gcc" "ASSEMBLER=arm-none-eabi-as"
TRACE::2025-07-17.22:58:15::SCWBDomain:: "ARCHIVER=arm-none-eabi-ar" "COMPILER_FLAGS=  -O2 -c" "EXTRA_COMPILER_FLAGS=-mcpu=cortex-a9 -mfpu=vfpv3 -mfloat-abi=hard -nost
TRACE::2025-07-17.22:58:15::SCWBDomain::artfiles -g -Wall -Wextra"

TRACE::2025-07-17.22:58:15::SCWBDomain::make -C ps7_cortexa9_0/libsrc/xilrsa_v1_6/src -s include  "SHELL=CMD" "COMPILER=arm-none-eabi-gcc" "ASSEMBLER=arm-none-eabi-as"
TRACE::2025-07-17.22:58:15::SCWBDomain:: "ARCHIVER=arm-none-eabi-ar" "COMPILER_FLAGS=  -O2 -c" "EXTRA_COMPILER_FLAGS=-mcpu=cortex-a9 -mfpu=vfpv3 -mfloat-abi=hard -nost
TRACE::2025-07-17.22:58:15::SCWBDomain::artfiles -g -Wall -Wextra"

TRACE::2025-07-17.22:58:15::SCWBDomain::"Running Make libs in ps7_cortexa9_0/libsrc/coresightps_dcc_v1_8/src"

TRACE::2025-07-17.22:58:15::SCWBDomain::"Running Make libs in ps7_cortexa9_0/libsrc/cpu_cortexa9_v2_10/src"

TRACE::2025-07-17.22:58:15::SCWBDomain::"Running Make libs in ps7_cortexa9_0/libsrc/ddrps_v1_2/src"

TRACE::2025-07-17.22:58:15::SCWBDomain::make -C ps7_cortexa9_0/libsrc/coresightps_dcc_v1_8/src -s libs  "SHELL=CMD" "COMPILER=arm-none-eabi-gcc" "ASSEMBLER=arm-none-ea
TRACE::2025-07-17.22:58:15::SCWBDomain::bi-as" "ARCHIVER=arm-none-eabi-ar" "COMPILER_FLAGS=  -O2 -c" "EXTRA_COMPILER_FLAGS=-mcpu=cortex-a9 -mfpu=vfpv3 -mfloat-abi=hard
TRACE::2025-07-17.22:58:15::SCWBDomain:: -nostartfiles -g -Wall -Wextra"

TRACE::2025-07-17.22:58:15::SCWBDomain::make -C ps7_cortexa9_0/libsrc/cpu_cortexa9_v2_10/src -s libs  "SHELL=CMD" "COMPILER=arm-none-eabi-gcc" "ASSEMBLER=arm-none-eabi
TRACE::2025-07-17.22:58:15::SCWBDomain::-as" "ARCHIVER=arm-none-eabi-ar" "COMPILER_FLAGS=  -O2 -c" "EXTRA_COMPILER_FLAGS=-mcpu=cortex-a9 -mfpu=vfpv3 -mfloat-abi=hard -
TRACE::2025-07-17.22:58:15::SCWBDomain::nostartfiles -g -Wall -Wextra"

TRACE::2025-07-17.22:58:15::SCWBDomain::"Running Make libs in ps7_cortexa9_0/libsrc/devcfg_v3_7/src"

TRACE::2025-07-17.22:58:15::SCWBDomain::make -C ps7_cortexa9_0/libsrc/ddrps_v1_2/src -s libs  "SHELL=CMD" "COMPILER=arm-none-eabi-gcc" "ASSEMBLER=arm-none-eabi-as" "AR
TRACE::2025-07-17.22:58:15::SCWBDomain::CHIVER=arm-none-eabi-ar" "COMPILER_FLAGS=  -O2 -c" "EXTRA_COMPILER_FLAGS=-mcpu=cortex-a9 -mfpu=vfpv3 -mfloat-abi=hard -nostartf
TRACE::2025-07-17.22:58:15::SCWBDomain::iles -g -Wall -Wextra"

TRACE::2025-07-17.22:58:15::SCWBDomain::"Running Make libs in ps7_cortexa9_0/libsrc/dmaps_v2_7/src"

TRACE::2025-07-17.22:58:15::SCWBDomain::make -C ps7_cortexa9_0/libsrc/devcfg_v3_7/src -s libs  "SHELL=CMD" "COMPILER=arm-none-eabi-gcc" "ASSEMBLER=arm-none-eabi-as" "A
TRACE::2025-07-17.22:58:15::SCWBDomain::RCHIVER=arm-none-eabi-ar" "COMPILER_FLAGS=  -O2 -c" "EXTRA_COMPILER_FLAGS=-mcpu=cortex-a9 -mfpu=vfpv3 -mfloat-abi=hard -nostart
TRACE::2025-07-17.22:58:15::SCWBDomain::files -g -Wall -Wextra"

TRACE::2025-07-17.22:58:15::SCWBDomain::"Running Make libs in ps7_cortexa9_0/libsrc/scugic_v4_3/src"

TRACE::2025-07-17.22:58:15::SCWBDomain::make -C ps7_cortexa9_0/libsrc/dmaps_v2_7/src -s libs  "SHELL=CMD" "COMPILER=arm-none-eabi-gcc" "ASSEMBLER=arm-none-eabi-as" "AR
TRACE::2025-07-17.22:58:15::SCWBDomain::CHIVER=arm-none-eabi-ar" "COMPILER_FLAGS=  -O2 -c" "EXTRA_COMPILER_FLAGS=-mcpu=cortex-a9 -mfpu=vfpv3 -mfloat-abi=hard -nostartf
TRACE::2025-07-17.22:58:15::SCWBDomain::iles -g -Wall -Wextra"

TRACE::2025-07-17.22:58:15::SCWBDomain::make -C ps7_cortexa9_0/libsrc/scugic_v4_3/src -s libs  "SHELL=CMD" "COMPILER=arm-none-eabi-gcc" "ASSEMBLER=arm-none-eabi-as" "A
TRACE::2025-07-17.22:58:15::SCWBDomain::RCHIVER=arm-none-eabi-ar" "COMPILER_FLAGS=  -O2 -c" "EXTRA_COMPILER_FLAGS=-mcpu=cortex-a9 -mfpu=vfpv3 -mfloat-abi=hard -nostart
TRACE::2025-07-17.22:58:15::SCWBDomain::files -g -Wall -Wextra"

TRACE::2025-07-17.22:58:15::SCWBDomain::"Running Make libs in ps7_cortexa9_0/libsrc/scutimer_v2_3/src"

TRACE::2025-07-17.22:58:15::SCWBDomain::"Running Make libs in ps7_cortexa9_0/libsrc/scuwdt_v2_3/src"

TRACE::2025-07-17.22:58:15::SCWBDomain::"Running Make libs in ps7_cortexa9_0/libsrc/standalone_v7_3/src"

TRACE::2025-07-17.22:58:15::SCWBDomain::make -C ps7_cortexa9_0/libsrc/scutimer_v2_3/src -s libs  "SHELL=CMD" "COMPILER=arm-none-eabi-gcc" "ASSEMBLER=arm-none-eabi-as" 
TRACE::2025-07-17.22:58:15::SCWBDomain::"ARCHIVER=arm-none-eabi-ar" "COMPILER_FLAGS=  -O2 -c" "EXTRA_COMPILER_FLAGS=-mcpu=cortex-a9 -mfpu=vfpv3 -mfloat-abi=hard -nosta
TRACE::2025-07-17.22:58:15::SCWBDomain::rtfiles -g -Wall -Wextra"

TRACE::2025-07-17.22:58:15::SCWBDomain::"Running Make libs in ps7_cortexa9_0/libsrc/uartps_v3_10/src"

TRACE::2025-07-17.22:58:15::SCWBDomain::make -C ps7_cortexa9_0/libsrc/scuwdt_v2_3/src -s libs  "SHELL=CMD" "COMPILER=arm-none-eabi-gcc" "ASSEMBLER=arm-none-eabi-as" "A
TRACE::2025-07-17.22:58:15::SCWBDomain::RCHIVER=arm-none-eabi-ar" "COMPILER_FLAGS=  -O2 -c" "EXTRA_COMPILER_FLAGS=-mcpu=cortex-a9 -mfpu=vfpv3 -mfloat-abi=hard -nostart
TRACE::2025-07-17.22:58:15::SCWBDomain::files -g -Wall -Wextra"

TRACE::2025-07-17.22:58:15::SCWBDomain::"Running Make libs in ps7_cortexa9_0/libsrc/xadcps_v2_5/src"

TRACE::2025-07-17.22:58:15::SCWBDomain::make -C ps7_cortexa9_0/libsrc/standalone_v7_3/src -s libs  "SHELL=CMD" "COMPILER=arm-none-eabi-gcc" "ASSEMBLER=arm-none-eabi-as
TRACE::2025-07-17.22:58:15::SCWBDomain::" "ARCHIVER=arm-none-eabi-ar" "COMPILER_FLAGS=  -O2 -c" "EXTRA_COMPILER_FLAGS=-mcpu=cortex-a9 -mfpu=vfpv3 -mfloat-abi=hard -nos
TRACE::2025-07-17.22:58:15::SCWBDomain::tartfiles -g -Wall -Wextra"

TRACE::2025-07-17.22:58:15::SCWBDomain::make -C ps7_cortexa9_0/libsrc/uartps_v3_10/src -s libs  "SHELL=CMD" "COMPILER=arm-none-eabi-gcc" "ASSEMBLER=arm-none-eabi-as" "
TRACE::2025-07-17.22:58:15::SCWBDomain::ARCHIVER=arm-none-eabi-ar" "COMPILER_FLAGS=  -O2 -c" "EXTRA_COMPILER_FLAGS=-mcpu=cortex-a9 -mfpu=vfpv3 -mfloat-abi=hard -nostar
TRACE::2025-07-17.22:58:15::SCWBDomain::tfiles -g -Wall -Wextra"

TRACE::2025-07-17.22:58:15::SCWBDomain::"Running Make libs in ps7_cortexa9_0/libsrc/xilffs_v4_4/src"

TRACE::2025-07-17.22:58:15::SCWBDomain::make -C ps7_cortexa9_0/libsrc/xadcps_v2_5/src -s libs  "SHELL=CMD" "COMPILER=arm-none-eabi-gcc" "ASSEMBLER=arm-none-eabi-as" "A
TRACE::2025-07-17.22:58:15::SCWBDomain::RCHIVER=arm-none-eabi-ar" "COMPILER_FLAGS=  -O2 -c" "EXTRA_COMPILER_FLAGS=-mcpu=cortex-a9 -mfpu=vfpv3 -mfloat-abi=hard -nostart
TRACE::2025-07-17.22:58:15::SCWBDomain::files -g -Wall -Wextra"

TRACE::2025-07-17.22:58:15::SCWBDomain::make -C ps7_cortexa9_0/libsrc/xilffs_v4_4/src -s libs  "SHELL=CMD" "COMPILER=arm-none-eabi-gcc" "ASSEMBLER=arm-none-eabi-as" "A
TRACE::2025-07-17.22:58:15::SCWBDomain::RCHIVER=arm-none-eabi-ar" "COMPILER_FLAGS=  -O2 -c" "EXTRA_COMPILER_FLAGS=-mcpu=cortex-a9 -mfpu=vfpv3 -mfloat-abi=hard -nostart
TRACE::2025-07-17.22:58:15::SCWBDomain::files -g -Wall -Wextra"

TRACE::2025-07-17.22:58:16::SCWBDomain::'Finished building libraries parallelly.'

TRACE::2025-07-17.22:58:16::SCWBDomain::make --no-print-directory archive

TRACE::2025-07-17.22:58:16::SCWBDomain::arm-none-eabi-ar -r  ps7_cortexa9_0/lib/libxil.a ps7_cortexa9_0/lib/xadcps_selftest.o ps7_cortexa9_0/lib/kill.o ps7_cortexa9_0/
TRACE::2025-07-17.22:58:16::SCWBDomain::lib/xscuwdt_g.o ps7_cortexa9_0/lib/xplatform_info.o ps7_cortexa9_0/lib/print.o ps7_cortexa9_0/lib/_exit.o ps7_cortexa9_0/lib/xi
TRACE::2025-07-17.22:58:16::SCWBDomain::l_testio.o ps7_cortexa9_0/lib/isatty.o ps7_cortexa9_0/lib/sleep.o ps7_cortexa9_0/lib/boot.o ps7_cortexa9_0/lib/xdevcfg_hw.o ps7
TRACE::2025-07-17.22:58:16::SCWBDomain::_cortexa9_0/lib/xadcps_intr.o ps7_cortexa9_0/lib/xpm_counter.o ps7_cortexa9_0/lib/xdmaps_g.o ps7_cortexa9_0/lib/xscutimer_g.o p
TRACE::2025-07-17.22:58:16::SCWBDomain::s7_cortexa9_0/lib/xdmaps_sinit.o ps7_cortexa9_0/lib/xscutimer_sinit.o ps7_cortexa9_0/lib/xil_cache.o ps7_cortexa9_0/lib/xil_uti
TRACE::2025-07-17.22:58:16::SCWBDomain::l.o ps7_cortexa9_0/lib/inbyte.o ps7_cortexa9_0/lib/xdmaps_selftest.o ps7_cortexa9_0/lib/xscutimer_selftest.o ps7_cortexa9_0/lib
TRACE::2025-07-17.22:58:16::SCWBDomain::/xil_misc_psreset_api.o ps7_cortexa9_0/lib/cpputest_time.o ps7_cortexa9_0/lib/close.o ps7_cortexa9_0/lib/xuartps_g.o ps7_cortex
TRACE::2025-07-17.22:58:16::SCWBDomain::a9_0/lib/xscugic_hw.o ps7_cortexa9_0/lib/translation_table.o ps7_cortexa9_0/lib/write.o ps7_cortexa9_0/lib/xil_mem.o ps7_cortex
TRACE::2025-07-17.22:58:16::SCWBDomain::a9_0/lib/cpu_init.o ps7_cortexa9_0/lib/xscugic_g.o ps7_cortexa9_0/lib/usleep.o ps7_cortexa9_0/lib/xuartps_sinit.o ps7_cortexa9_
TRACE::2025-07-17.22:58:16::SCWBDomain::0/lib/xil_sleepcommon.o ps7_cortexa9_0/lib/xil_printf.o ps7_cortexa9_0/lib/unlink.o ps7_cortexa9_0/lib/xadcps.o ps7_cortexa9_0/
TRACE::2025-07-17.22:58:16::SCWBDomain::lib/xdmaps_hw.o ps7_cortexa9_0/lib/xscugic_intr.o ps7_cortexa9_0/lib/xscugic_sinit.o ps7_cortexa9_0/lib/xil_sleeptimer.o ps7_co
TRACE::2025-07-17.22:58:16::SCWBDomain::rtexa9_0/lib/fcntl.o ps7_cortexa9_0/lib/open.o ps7_cortexa9_0/lib/outbyte.o ps7_cortexa9_0/lib/xuartps_selftest.o ps7_cortexa9_
TRACE::2025-07-17.22:58:16::SCWBDomain::0/lib/xuartps_hw.o ps7_cortexa9_0/lib/read.o ps7_cortexa9_0/lib/xtime_l.o ps7_cortexa9_0/lib/xl2cc_counter.o ps7_cortexa9_0/lib
TRACE::2025-07-17.22:58:16::SCWBDomain::/asm_vectors.o ps7_cortexa9_0/lib/xdevcfg_intr.o ps7_cortexa9_0/lib/abort.o ps7_cortexa9_0/lib/xdevcfg_g.o ps7_cortexa9_0/lib/x
TRACE::2025-07-17.22:58:16::SCWBDomain::uartps_intr.o ps7_cortexa9_0/lib/xuartps.o ps7_cortexa9_0/lib/getpid.o ps7_cortexa9_0/lib/xil_testcache.o ps7_cortexa9_0/lib/xd
TRACE::2025-07-17.22:58:16::SCWBDomain::evcfg_sinit.o ps7_cortexa9_0/lib/xdmaps.o ps7_cortexa9_0/lib/xscutimer.o ps7_cortexa9_0/lib/xscuwdt.o ps7_cortexa9_0/lib/xdevcf
TRACE::2025-07-17.22:58:16::SCWBDomain::g_selftest.o ps7_cortexa9_0/lib/_sbrk.o ps7_cortexa9_0/lib/xscuwdt_sinit.o ps7_cortexa9_0/lib/sbrk.o ps7_cortexa9_0/lib/fstat.o
TRACE::2025-07-17.22:58:16::SCWBDomain:: ps7_cortexa9_0/lib/errno.o ps7_cortexa9_0/lib/lseek.o ps7_cortexa9_0/lib/xuartps_options.o ps7_cortexa9_0/lib/vectors.o ps7_co
TRACE::2025-07-17.22:58:16::SCWBDomain::rtexa9_0/lib/xil_exception.o ps7_cortexa9_0/lib/xil_testmem.o ps7_cortexa9_0/lib/putnum.o ps7_cortexa9_0/lib/xil_clocking.o ps7
TRACE::2025-07-17.22:58:16::SCWBDomain::_cortexa9_0/lib/xil_assert.o ps7_cortexa9_0/lib/xscuwdt_selftest.o ps7_cortexa9_0/lib/xcoresightpsdcc.o ps7_cortexa9_0/lib/xscu
TRACE::2025-07-17.22:58:16::SCWBDomain::gic.o ps7_cortexa9_0/lib/xadcps_g.o ps7_cortexa9_0/lib/xscugic_selftest.o ps7_cortexa9_0/lib/xil-crt0.o ps7_cortexa9_0/lib/xadc
TRACE::2025-07-17.22:58:16::SCWBDomain::ps_sinit.o ps7_cortexa9_0/lib/xil_mmu.o ps7_cortexa9_0/lib/_open.o ps7_cortexa9_0/lib/xdevcfg.o

TRACE::2025-07-17.22:58:16::SCWBDomain::'Finished building libraries'

TRACE::2025-07-17.22:58:16::SCWBDomain::make: Leaving directory 'C:/AB/xilinxvivado/projects/arbiter-PUF-FPGA/new_workspace/platform/zynq_fsbl/zynq_fsbl_bsp'

TRACE::2025-07-17.22:58:16::SCWBDomain::arm-none-eabi-gcc -MMD -MP       -mcpu=cortex-a9 -mfpu=vfpv3 -mfloat-abi=hard   -O2 -c -c sd.c -o sd.o -Izynq_fsbl_bsp/ps7_cort
TRACE::2025-07-17.22:58:16::SCWBDomain::exa9_0/include -I.

TRACE::2025-07-17.22:58:16::SCWBDomain::arm-none-eabi-gcc -MMD -MP       -mcpu=cortex-a9 -mfpu=vfpv3 -mfloat-abi=hard   -O2 -c -c nand.c -o nand.o -Izynq_fsbl_bsp/ps7_
TRACE::2025-07-17.22:58:16::SCWBDomain::cortexa9_0/include -I.

TRACE::2025-07-17.22:58:16::SCWBDomain::arm-none-eabi-gcc -MMD -MP       -mcpu=cortex-a9 -mfpu=vfpv3 -mfloat-abi=hard   -O2 -c -c image_mover.c -o image_mover.o -Izynq
TRACE::2025-07-17.22:58:16::SCWBDomain::_fsbl_bsp/ps7_cortexa9_0/include -I.

TRACE::2025-07-17.22:58:16::SCWBDomain::arm-none-eabi-gcc -MMD -MP       -mcpu=cortex-a9 -mfpu=vfpv3 -mfloat-abi=hard   -O2 -c -c md5.c -o md5.o -Izynq_fsbl_bsp/ps7_co
TRACE::2025-07-17.22:58:16::SCWBDomain::rtexa9_0/include -I.

TRACE::2025-07-17.22:58:16::SCWBDomain::arm-none-eabi-gcc -MMD -MP       -mcpu=cortex-a9 -mfpu=vfpv3 -mfloat-abi=hard   -O2 -c -c fsbl_hooks.c -o fsbl_hooks.o -Izynq_f
TRACE::2025-07-17.22:58:16::SCWBDomain::sbl_bsp/ps7_cortexa9_0/include -I.

TRACE::2025-07-17.22:58:16::SCWBDomain::arm-none-eabi-gcc -MMD -MP       -mcpu=cortex-a9 -mfpu=vfpv3 -mfloat-abi=hard   -O2 -c -c main.c -o main.o -Izynq_fsbl_bsp/ps7_
TRACE::2025-07-17.22:58:16::SCWBDomain::cortexa9_0/include -I.

TRACE::2025-07-17.22:58:16::SCWBDomain::arm-none-eabi-gcc -MMD -MP       -mcpu=cortex-a9 -mfpu=vfpv3 -mfloat-abi=hard   -O2 -c -c rsa.c -o rsa.o -Izynq_fsbl_bsp/ps7_co
TRACE::2025-07-17.22:58:16::SCWBDomain::rtexa9_0/include -I.

TRACE::2025-07-17.22:58:16::SCWBDomain::arm-none-eabi-gcc -MMD -MP       -mcpu=cortex-a9 -mfpu=vfpv3 -mfloat-abi=hard   -O2 -c -c nor.c -o nor.o -Izynq_fsbl_bsp/ps7_co
TRACE::2025-07-17.22:58:16::SCWBDomain::rtexa9_0/include -I.

TRACE::2025-07-17.22:58:16::SCWBDomain::arm-none-eabi-gcc -MMD -MP       -mcpu=cortex-a9 -mfpu=vfpv3 -mfloat-abi=hard   -O2 -c -c qspi.c -o qspi.o -Izynq_fsbl_bsp/ps7_
TRACE::2025-07-17.22:58:16::SCWBDomain::cortexa9_0/include -I.

TRACE::2025-07-17.22:58:17::SCWBDomain::arm-none-eabi-gcc -MMD -MP       -mcpu=cortex-a9 -mfpu=vfpv3 -mfloat-abi=hard   -O2 -c -c ps7_init.c -o ps7_init.o -Izynq_fsbl_
TRACE::2025-07-17.22:58:17::SCWBDomain::bsp/ps7_cortexa9_0/include -I.

TRACE::2025-07-17.22:58:17::SCWBDomain::arm-none-eabi-gcc -MMD -MP       -mcpu=cortex-a9 -mfpu=vfpv3 -mfloat-abi=hard   -O2 -c -c pcap.c -o pcap.o -Izynq_fsbl_bsp/ps7_
TRACE::2025-07-17.22:58:17::SCWBDomain::cortexa9_0/include -I.

TRACE::2025-07-17.22:58:17::SCWBDomain::arm-none-eabi-gcc -MMD -MP       -mcpu=cortex-a9 -mfpu=vfpv3 -mfloat-abi=hard   -O2 -c -c fsbl_handoff.S -o fsbl_handoff.o -Izy
TRACE::2025-07-17.22:58:17::SCWBDomain::nq_fsbl_bsp/ps7_cortexa9_0/include -I.

TRACE::2025-07-17.22:58:17::SCWBDomain::arm-none-eabi-gcc -o fsbl.elf  sd.o  nand.o  image_mover.o  md5.o  fsbl_hooks.o  main.o  rsa.o  nor.o  qspi.o  ps7_init.o  pcap
TRACE::2025-07-17.22:58:17::SCWBDomain::.o  fsbl_handoff.o -MMD -MP       -mcpu=cortex-a9 -mfpu=vfpv3 -mfloat-abi=hard   -mcpu=cortex-a9 -mfpu=vfpv3 -mfloat-abi=hard -
TRACE::2025-07-17.22:58:17::SCWBDomain::Wl,-build-id=none -specs=Xilinx.spec  -lrsa -Wl,--start-group,-lxil,-lgcc,-lc,--end-group -Wl,--start-group,-lxilffs,-lxil,-lgc
TRACE::2025-07-17.22:58:17::SCWBDomain::c,-lc,--end-group -Wl,--start-group,-lrsa,-lxil,-lgcc,-lc,--end-group                              -Wl,--gc-sections -Lzynq_fsb
TRACE::2025-07-17.22:58:17::SCWBDomain::l_bsp/ps7_cortexa9_0/lib -L./ -Tlscript.ld

LOG::2025-07-17.22:58:17::SCWSystem::Checking the domain standalone_domain
LOG::2025-07-17.22:58:17::SCWSystem::Not a boot domain 
LOG::2025-07-17.22:58:17::SCWSystem::Started Processing the domain standalone_domain
TRACE::2025-07-17.22:58:17::SCWDomain::Generating domain artifcats
TRACE::2025-07-17.22:58:17::SCWMssOS::Generating standalone artifcats
TRACE::2025-07-17.22:58:17::SCWMssOS::Copying the qemu file from  C:/AB/xilinxvivado/Vitis/2020.2/data/emulation/platforms/zynq/sw/a9_standalone/qemu/qemu_args.txt To C:/AB/xilinxvivado/projects/arbiter-PUF-FPGA/new_workspace/platform/export/platform/sw/platform/qemu/
TRACE::2025-07-17.22:58:17::SCWMssOS::Copying the qemu file from  C:/AB/xilinxvivado/Vitis/2020.2/data/emulation/platforms/zynq/sw/a9_standalone/qemu/qemu_args.txt To C:/AB/xilinxvivado/projects/arbiter-PUF-FPGA/new_workspace/platform/export/platform/sw/platform/standalone_domain/qemu/
TRACE::2025-07-17.22:58:17::SCWMssOS:: Copying the user libraries. 
TRACE::2025-07-17.22:58:17::SCWPlatform::Trying to open the hw design at C:/AB/xilinxvivado/projects/arbiter-PUF-FPGA/new_workspace/platform/hw/design_2_wrapper_final_2.xsa
TRACE::2025-07-17.22:58:17::SCWPlatform::DSA given C:/AB/xilinxvivado/projects/arbiter-PUF-FPGA/new_workspace/platform/hw/design_2_wrapper_final_2.xsa
TRACE::2025-07-17.22:58:17::SCWPlatform::DSA absoulate path C:/AB/xilinxvivado/projects/arbiter-PUF-FPGA/new_workspace/platform/hw/design_2_wrapper_final_2.xsa
TRACE::2025-07-17.22:58:17::SCWPlatform::DSA directory C:/AB/xilinxvivado/projects/arbiter-PUF-FPGA/new_workspace/platform/hw
TRACE::2025-07-17.22:58:17::SCWPlatform:: Platform Path C:/AB/xilinxvivado/projects/arbiter-PUF-FPGA/new_workspace/platform/hw/design_2_wrapper_final_2.xsa
TRACE::2025-07-17.22:58:17::SCWPlatform:: Unique name xilinx:::0.0
TRACE::2025-07-17.22:58:17::SCWPlatform::Trying to set the existing hwdb with name design_2_wrapper_1
TRACE::2025-07-17.22:58:17::SCWPlatform::Opened existing hwdb design_2_wrapper_1
TRACE::2025-07-17.22:58:17::SCWPlatform::Found the Hw Db part of the input DSA
TRACE::2025-07-17.22:58:17::SCWMssOS::Checking the sw design at  C:/AB/xilinxvivado/projects/arbiter-PUF-FPGA/new_workspace/platform/ps7_cortexa9_0/standalone_domain/bsp/system.mss
TRACE::2025-07-17.22:58:17::SCWMssOS::DEBUG:  swdes dump  C:/AB/xilinxvivado/projects/arbiter-PUF-FPGA/new_workspace/platform/ps7_cortexa9_0/standalone_domain/bsp/system.mss|system_0||
C:/AB/xilinxvivado/projects/arbiter-PUF-FPGA/new_workspace/platform/zynq_fsbl/zynq_fsbl_bsp/system.mss|system||

TRACE::2025-07-17.22:58:17::SCWMssOS::Sw design exists and opened at  C:/AB/xilinxvivado/projects/arbiter-PUF-FPGA/new_workspace/platform/ps7_cortexa9_0/standalone_domain/bsp/system.mss
TRACE::2025-07-17.22:58:17::SCWMssOS::Completed writing the mss file at C:/AB/xilinxvivado/projects/arbiter-PUF-FPGA/new_workspace/platform/ps7_cortexa9_0/standalone_domain/bsp
TRACE::2025-07-17.22:58:17::SCWMssOS::Mss edits present, copying mssfile into export location C:/AB/xilinxvivado/projects/arbiter-PUF-FPGA/new_workspace/platform/ps7_cortexa9_0/standalone_domain/bsp/system.mss
TRACE::2025-07-17.22:58:17::SCWMssOS::bsp generated is upto date with the mss file. Skipping bsp generation.
TRACE::2025-07-17.22:58:17::SCWMssOS::BSP is already built. skipping the bsp build ... 
TRACE::2025-07-17.22:58:17::SCWDomain::Building the domain as part of full build :  standalone_domain
TRACE::2025-07-17.22:58:17::SCWMssOS::doing bsp build ... 
TRACE::2025-07-17.22:58:17::SCWMssOS::System Command Ran  C: & cd  C:/AB/xilinxvivado/projects/arbiter-PUF-FPGA/new_workspace/platform/ps7_cortexa9_0/standalone_domain/bsp & make 
TRACE::2025-07-17.22:58:17::SCWMssOS::make --no-print-directory seq_libs

TRACE::2025-07-17.22:58:17::SCWMssOS::"Running Make include in ps7_cortexa9_0/libsrc/arbiter_puf_fpga_v1_0/src"

TRACE::2025-07-17.22:58:17::SCWMssOS::make -C ps7_cortexa9_0/libsrc/arbiter_puf_fpga_v1_0/src -s include  "SHELL=CMD" "COMPILER=arm-none-eabi-gcc" "ASSEMBLER=arm-non
TRACE::2025-07-17.22:58:17::SCWMssOS::e-eabi-as" "ARCHIVER=arm-none-eabi-ar" "COMPILER_FLAGS=  -O2 -c" "EXTRA_COMPILER_FLAGS=-mcpu=cortex-a9 -mfpu=vfpv3 -mfloat-abi=
TRACE::2025-07-17.22:58:17::SCWMssOS::hard -nostartfiles -g -Wall -Wextra"

TRACE::2025-07-17.22:58:17::SCWMssOS::"Running Make include in ps7_cortexa9_0/libsrc/coresightps_dcc_v1_8/src"

TRACE::2025-07-17.22:58:17::SCWMssOS::make -C ps7_cortexa9_0/libsrc/coresightps_dcc_v1_8/src -s include  "SHELL=CMD" "COMPILER=arm-none-eabi-gcc" "ASSEMBLER=arm-none
TRACE::2025-07-17.22:58:17::SCWMssOS::-eabi-as" "ARCHIVER=arm-none-eabi-ar" "COMPILER_FLAGS=  -O2 -c" "EXTRA_COMPILER_FLAGS=-mcpu=cortex-a9 -mfpu=vfpv3 -mfloat-abi=h
TRACE::2025-07-17.22:58:17::SCWMssOS::ard -nostartfiles -g -Wall -Wextra"

TRACE::2025-07-17.22:58:17::SCWMssOS::"Running Make include in ps7_cortexa9_0/libsrc/cpu_cortexa9_v2_10/src"

TRACE::2025-07-17.22:58:17::SCWMssOS::make -C ps7_cortexa9_0/libsrc/cpu_cortexa9_v2_10/src -s include  "SHELL=CMD" "COMPILER=arm-none-eabi-gcc" "ASSEMBLER=arm-none-e
TRACE::2025-07-17.22:58:17::SCWMssOS::abi-as" "ARCHIVER=arm-none-eabi-ar" "COMPILER_FLAGS=  -O2 -c" "EXTRA_COMPILER_FLAGS=-mcpu=cortex-a9 -mfpu=vfpv3 -mfloat-abi=har
TRACE::2025-07-17.22:58:17::SCWMssOS::d -nostartfiles -g -Wall -Wextra"

TRACE::2025-07-17.22:58:17::SCWMssOS::"Running Make include in ps7_cortexa9_0/libsrc/ddrps_v1_2/src"

TRACE::2025-07-17.22:58:17::SCWMssOS::make -C ps7_cortexa9_0/libsrc/ddrps_v1_2/src -s include  "SHELL=CMD" "COMPILER=arm-none-eabi-gcc" "ASSEMBLER=arm-none-eabi-as" 
TRACE::2025-07-17.22:58:17::SCWMssOS::"ARCHIVER=arm-none-eabi-ar" "COMPILER_FLAGS=  -O2 -c" "EXTRA_COMPILER_FLAGS=-mcpu=cortex-a9 -mfpu=vfpv3 -mfloat-abi=hard -nosta
TRACE::2025-07-17.22:58:17::SCWMssOS::rtfiles -g -Wall -Wextra"

TRACE::2025-07-17.22:58:17::SCWMssOS::"Running Make include in ps7_cortexa9_0/libsrc/devcfg_v3_7/src"

TRACE::2025-07-17.22:58:17::SCWMssOS::make -C ps7_cortexa9_0/libsrc/devcfg_v3_7/src -s include  "SHELL=CMD" "COMPILER=arm-none-eabi-gcc" "ASSEMBLER=arm-none-eabi-as"
TRACE::2025-07-17.22:58:17::SCWMssOS:: "ARCHIVER=arm-none-eabi-ar" "COMPILER_FLAGS=  -O2 -c" "EXTRA_COMPILER_FLAGS=-mcpu=cortex-a9 -mfpu=vfpv3 -mfloat-abi=hard -nost
TRACE::2025-07-17.22:58:17::SCWMssOS::artfiles -g -Wall -Wextra"

TRACE::2025-07-17.22:58:17::SCWMssOS::"Running Make include in ps7_cortexa9_0/libsrc/dmaps_v2_7/src"

TRACE::2025-07-17.22:58:17::SCWMssOS::make -C ps7_cortexa9_0/libsrc/dmaps_v2_7/src -s include  "SHELL=CMD" "COMPILER=arm-none-eabi-gcc" "ASSEMBLER=arm-none-eabi-as" 
TRACE::2025-07-17.22:58:17::SCWMssOS::"ARCHIVER=arm-none-eabi-ar" "COMPILER_FLAGS=  -O2 -c" "EXTRA_COMPILER_FLAGS=-mcpu=cortex-a9 -mfpu=vfpv3 -mfloat-abi=hard -nosta
TRACE::2025-07-17.22:58:17::SCWMssOS::rtfiles -g -Wall -Wextra"

TRACE::2025-07-17.22:58:17::SCWMssOS::"Running Make include in ps7_cortexa9_0/libsrc/scugic_v4_3/src"

TRACE::2025-07-17.22:58:17::SCWMssOS::make -C ps7_cortexa9_0/libsrc/scugic_v4_3/src -s include  "SHELL=CMD" "COMPILER=arm-none-eabi-gcc" "ASSEMBLER=arm-none-eabi-as"
TRACE::2025-07-17.22:58:17::SCWMssOS:: "ARCHIVER=arm-none-eabi-ar" "COMPILER_FLAGS=  -O2 -c" "EXTRA_COMPILER_FLAGS=-mcpu=cortex-a9 -mfpu=vfpv3 -mfloat-abi=hard -nost
TRACE::2025-07-17.22:58:17::SCWMssOS::artfiles -g -Wall -Wextra"

TRACE::2025-07-17.22:58:17::SCWMssOS::"Running Make include in ps7_cortexa9_0/libsrc/scutimer_v2_3/src"

TRACE::2025-07-17.22:58:17::SCWMssOS::make -C ps7_cortexa9_0/libsrc/scutimer_v2_3/src -s include  "SHELL=CMD" "COMPILER=arm-none-eabi-gcc" "ASSEMBLER=arm-none-eabi-a
TRACE::2025-07-17.22:58:17::SCWMssOS::s" "ARCHIVER=arm-none-eabi-ar" "COMPILER_FLAGS=  -O2 -c" "EXTRA_COMPILER_FLAGS=-mcpu=cortex-a9 -mfpu=vfpv3 -mfloat-abi=hard -no
TRACE::2025-07-17.22:58:17::SCWMssOS::startfiles -g -Wall -Wextra"

TRACE::2025-07-17.22:58:17::SCWMssOS::"Running Make include in ps7_cortexa9_0/libsrc/scuwdt_v2_3/src"

TRACE::2025-07-17.22:58:17::SCWMssOS::make -C ps7_cortexa9_0/libsrc/scuwdt_v2_3/src -s include  "SHELL=CMD" "COMPILER=arm-none-eabi-gcc" "ASSEMBLER=arm-none-eabi-as"
TRACE::2025-07-17.22:58:17::SCWMssOS:: "ARCHIVER=arm-none-eabi-ar" "COMPILER_FLAGS=  -O2 -c" "EXTRA_COMPILER_FLAGS=-mcpu=cortex-a9 -mfpu=vfpv3 -mfloat-abi=hard -nost
TRACE::2025-07-17.22:58:17::SCWMssOS::artfiles -g -Wall -Wextra"

TRACE::2025-07-17.22:58:17::SCWMssOS::"Running Make include in ps7_cortexa9_0/libsrc/standalone_v7_3/src"

TRACE::2025-07-17.22:58:17::SCWMssOS::make -C ps7_cortexa9_0/libsrc/standalone_v7_3/src -s include  "SHELL=CMD" "COMPILER=arm-none-eabi-gcc" "ASSEMBLER=arm-none-eabi
TRACE::2025-07-17.22:58:17::SCWMssOS::-as" "ARCHIVER=arm-none-eabi-ar" "COMPILER_FLAGS=  -O2 -c" "EXTRA_COMPILER_FLAGS=-mcpu=cortex-a9 -mfpu=vfpv3 -mfloat-abi=hard -
TRACE::2025-07-17.22:58:17::SCWMssOS::nostartfiles -g -Wall -Wextra"

TRACE::2025-07-17.22:58:17::SCWMssOS::"Running Make include in ps7_cortexa9_0/libsrc/uartps_v3_10/src"

TRACE::2025-07-17.22:58:17::SCWMssOS::make -C ps7_cortexa9_0/libsrc/uartps_v3_10/src -s include  "SHELL=CMD" "COMPILER=arm-none-eabi-gcc" "ASSEMBLER=arm-none-eabi-as
TRACE::2025-07-17.22:58:17::SCWMssOS::" "ARCHIVER=arm-none-eabi-ar" "COMPILER_FLAGS=  -O2 -c" "EXTRA_COMPILER_FLAGS=-mcpu=cortex-a9 -mfpu=vfpv3 -mfloat-abi=hard -nos
TRACE::2025-07-17.22:58:17::SCWMssOS::tartfiles -g -Wall -Wextra"

TRACE::2025-07-17.22:58:17::SCWMssOS::"Running Make include in ps7_cortexa9_0/libsrc/xadcps_v2_5/src"

TRACE::2025-07-17.22:58:17::SCWMssOS::make -C ps7_cortexa9_0/libsrc/xadcps_v2_5/src -s include  "SHELL=CMD" "COMPILER=arm-none-eabi-gcc" "ASSEMBLER=arm-none-eabi-as"
TRACE::2025-07-17.22:58:17::SCWMssOS:: "ARCHIVER=arm-none-eabi-ar" "COMPILER_FLAGS=  -O2 -c" "EXTRA_COMPILER_FLAGS=-mcpu=cortex-a9 -mfpu=vfpv3 -mfloat-abi=hard -nost
TRACE::2025-07-17.22:58:17::SCWMssOS::artfiles -g -Wall -Wextra"

TRACE::2025-07-17.22:58:17::SCWMssOS::"Running Make libs in ps7_cortexa9_0/libsrc/arbiter_puf_fpga_v1_0/src"

TRACE::2025-07-17.22:58:17::SCWMssOS::make -C ps7_cortexa9_0/libsrc/arbiter_puf_fpga_v1_0/src -s libs  "SHELL=CMD" "COMPILER=arm-none-eabi-gcc" "ASSEMBLER=arm-none-e
TRACE::2025-07-17.22:58:17::SCWMssOS::abi-as" "ARCHIVER=arm-none-eabi-ar" "COMPILER_FLAGS=  -O2 -c" "EXTRA_COMPILER_FLAGS=-mcpu=cortex-a9 -mfpu=vfpv3 -mfloat-abi=har
TRACE::2025-07-17.22:58:17::SCWMssOS::d -nostartfiles -g -Wall -Wextra"

TRACE::2025-07-17.22:58:18::SCWMssOS::"--- Using corrected repository Makefile to build custom IP driver ---"

TRACE::2025-07-17.22:58:18::SCWMssOS::'Finished building libraries sequentially.'

TRACE::2025-07-17.22:58:18::SCWMssOS::make -j --no-print-directory par_libs

TRACE::2025-07-17.22:58:18::SCWMssOS::"Running Make include in ps7_cortexa9_0/libsrc/arbiter_puf_fpga_v1_0/src"

TRACE::2025-07-17.22:58:18::SCWMssOS::"Running Make include in ps7_cortexa9_0/libsrc/coresightps_dcc_v1_8/src"

TRACE::2025-07-17.22:58:18::SCWMssOS::make -C ps7_cortexa9_0/libsrc/arbiter_puf_fpga_v1_0/src -s include  "SHELL=CMD" "COMPILER=arm-none-eabi-gcc" "ASSEMBLER=arm-non
TRACE::2025-07-17.22:58:18::SCWMssOS::e-eabi-as" "ARCHIVER=arm-none-eabi-ar" "COMPILER_FLAGS=  -O2 -c" "EXTRA_COMPILER_FLAGS=-mcpu=cortex-a9 -mfpu=vfpv3 -mfloat-abi=
TRACE::2025-07-17.22:58:18::SCWMssOS::hard -nostartfiles -g -Wall -Wextra"

TRACE::2025-07-17.22:58:18::SCWMssOS::"Running Make include in ps7_cortexa9_0/libsrc/cpu_cortexa9_v2_10/src"

TRACE::2025-07-17.22:58:18::SCWMssOS::make -C ps7_cortexa9_0/libsrc/coresightps_dcc_v1_8/src -s include  "SHELL=CMD" "COMPILER=arm-none-eabi-gcc" "ASSEMBLER=arm-none
TRACE::2025-07-17.22:58:18::SCWMssOS::-eabi-as" "ARCHIVER=arm-none-eabi-ar" "COMPILER_FLAGS=  -O2 -c" "EXTRA_COMPILER_FLAGS=-mcpu=cortex-a9 -mfpu=vfpv3 -mfloat-abi=h
TRACE::2025-07-17.22:58:18::SCWMssOS::ard -nostartfiles -g -Wall -Wextra"

TRACE::2025-07-17.22:58:18::SCWMssOS::"Running Make include in ps7_cortexa9_0/libsrc/ddrps_v1_2/src"

TRACE::2025-07-17.22:58:18::SCWMssOS::make -C ps7_cortexa9_0/libsrc/cpu_cortexa9_v2_10/src -s include  "SHELL=CMD" "COMPILER=arm-none-eabi-gcc" "ASSEMBLER=arm-none-e
TRACE::2025-07-17.22:58:18::SCWMssOS::abi-as" "ARCHIVER=arm-none-eabi-ar" "COMPILER_FLAGS=  -O2 -c" "EXTRA_COMPILER_FLAGS=-mcpu=cortex-a9 -mfpu=vfpv3 -mfloat-abi=har
TRACE::2025-07-17.22:58:18::SCWMssOS::d -nostartfiles -g -Wall -Wextra"

TRACE::2025-07-17.22:58:18::SCWMssOS::"Running Make include in ps7_cortexa9_0/libsrc/devcfg_v3_7/src"

TRACE::2025-07-17.22:58:18::SCWMssOS::make -C ps7_cortexa9_0/libsrc/ddrps_v1_2/src -s include  "SHELL=CMD" "COMPILER=arm-none-eabi-gcc" "ASSEMBLER=arm-none-eabi-as" 
TRACE::2025-07-17.22:58:18::SCWMssOS::"ARCHIVER=arm-none-eabi-ar" "COMPILER_FLAGS=  -O2 -c" "EXTRA_COMPILER_FLAGS=-mcpu=cortex-a9 -mfpu=vfpv3 -mfloat-abi=hard -nosta
TRACE::2025-07-17.22:58:18::SCWMssOS::rtfiles -g -Wall -Wextra"

TRACE::2025-07-17.22:58:18::SCWMssOS::make -C ps7_cortexa9_0/libsrc/devcfg_v3_7/src -s include  "SHELL=CMD" "COMPILER=arm-none-eabi-gcc" "ASSEMBLER=arm-none-eabi-as"
TRACE::2025-07-17.22:58:18::SCWMssOS:: "ARCHIVER=arm-none-eabi-ar" "COMPILER_FLAGS=  -O2 -c" "EXTRA_COMPILER_FLAGS=-mcpu=cortex-a9 -mfpu=vfpv3 -mfloat-abi=hard -nost
TRACE::2025-07-17.22:58:18::SCWMssOS::artfiles -g -Wall -Wextra"

TRACE::2025-07-17.22:58:18::SCWMssOS::"Running Make include in ps7_cortexa9_0/libsrc/dmaps_v2_7/src"

TRACE::2025-07-17.22:58:18::SCWMssOS::"Running Make include in ps7_cortexa9_0/libsrc/scugic_v4_3/src"

TRACE::2025-07-17.22:58:18::SCWMssOS::make -C ps7_cortexa9_0/libsrc/dmaps_v2_7/src -s include  "SHELL=CMD" "COMPILER=arm-none-eabi-gcc" "ASSEMBLER=arm-none-eabi-as" 
TRACE::2025-07-17.22:58:18::SCWMssOS::"ARCHIVER=arm-none-eabi-ar" "COMPILER_FLAGS=  -O2 -c" "EXTRA_COMPILER_FLAGS=-mcpu=cortex-a9 -mfpu=vfpv3 -mfloat-abi=hard -nosta
TRACE::2025-07-17.22:58:18::SCWMssOS::rtfiles -g -Wall -Wextra"

TRACE::2025-07-17.22:58:18::SCWMssOS::make -C ps7_cortexa9_0/libsrc/scugic_v4_3/src -s include  "SHELL=CMD" "COMPILER=arm-none-eabi-gcc" "ASSEMBLER=arm-none-eabi-as"
TRACE::2025-07-17.22:58:18::SCWMssOS:: "ARCHIVER=arm-none-eabi-ar" "COMPILER_FLAGS=  -O2 -c" "EXTRA_COMPILER_FLAGS=-mcpu=cortex-a9 -mfpu=vfpv3 -mfloat-abi=hard -nost
TRACE::2025-07-17.22:58:18::SCWMssOS::artfiles -g -Wall -Wextra"

TRACE::2025-07-17.22:58:18::SCWMssOS::"Running Make include in ps7_cortexa9_0/libsrc/scutimer_v2_3/src"

TRACE::2025-07-17.22:58:18::SCWMssOS::"Running Make include in ps7_cortexa9_0/libsrc/scuwdt_v2_3/src"

TRACE::2025-07-17.22:58:18::SCWMssOS::make -C ps7_cortexa9_0/libsrc/scutimer_v2_3/src -s include  "SHELL=CMD" "COMPILER=arm-none-eabi-gcc" "ASSEMBLER=arm-none-eabi-a
TRACE::2025-07-17.22:58:18::SCWMssOS::s" "ARCHIVER=arm-none-eabi-ar" "COMPILER_FLAGS=  -O2 -c" "EXTRA_COMPILER_FLAGS=-mcpu=cortex-a9 -mfpu=vfpv3 -mfloat-abi=hard -no
TRACE::2025-07-17.22:58:18::SCWMssOS::startfiles -g -Wall -Wextra"

TRACE::2025-07-17.22:58:18::SCWMssOS::"Running Make include in ps7_cortexa9_0/libsrc/standalone_v7_3/src"

TRACE::2025-07-17.22:58:18::SCWMssOS::make -C ps7_cortexa9_0/libsrc/scuwdt_v2_3/src -s include  "SHELL=CMD" "COMPILER=arm-none-eabi-gcc" "ASSEMBLER=arm-none-eabi-as"
TRACE::2025-07-17.22:58:18::SCWMssOS:: "ARCHIVER=arm-none-eabi-ar" "COMPILER_FLAGS=  -O2 -c" "EXTRA_COMPILER_FLAGS=-mcpu=cortex-a9 -mfpu=vfpv3 -mfloat-abi=hard -nost
TRACE::2025-07-17.22:58:18::SCWMssOS::artfiles -g -Wall -Wextra"

TRACE::2025-07-17.22:58:18::SCWMssOS::make -C ps7_cortexa9_0/libsrc/standalone_v7_3/src -s include  "SHELL=CMD" "COMPILER=arm-none-eabi-gcc" "ASSEMBLER=arm-none-eabi
TRACE::2025-07-17.22:58:18::SCWMssOS::-as" "ARCHIVER=arm-none-eabi-ar" "COMPILER_FLAGS=  -O2 -c" "EXTRA_COMPILER_FLAGS=-mcpu=cortex-a9 -mfpu=vfpv3 -mfloat-abi=hard -
TRACE::2025-07-17.22:58:18::SCWMssOS::nostartfiles -g -Wall -Wextra"

TRACE::2025-07-17.22:58:18::SCWMssOS::"Running Make include in ps7_cortexa9_0/libsrc/uartps_v3_10/src"

TRACE::2025-07-17.22:58:18::SCWMssOS::make -C ps7_cortexa9_0/libsrc/uartps_v3_10/src -s include  "SHELL=CMD" "COMPILER=arm-none-eabi-gcc" "ASSEMBLER=arm-none-eabi-as
TRACE::2025-07-17.22:58:18::SCWMssOS::" "ARCHIVER=arm-none-eabi-ar" "COMPILER_FLAGS=  -O2 -c" "EXTRA_COMPILER_FLAGS=-mcpu=cortex-a9 -mfpu=vfpv3 -mfloat-abi=hard -nos
TRACE::2025-07-17.22:58:18::SCWMssOS::tartfiles -g -Wall -Wextra"

TRACE::2025-07-17.22:58:18::SCWMssOS::"Running Make include in ps7_cortexa9_0/libsrc/xadcps_v2_5/src"

TRACE::2025-07-17.22:58:18::SCWMssOS::make -C ps7_cortexa9_0/libsrc/xadcps_v2_5/src -s include  "SHELL=CMD" "COMPILER=arm-none-eabi-gcc" "ASSEMBLER=arm-none-eabi-as"
TRACE::2025-07-17.22:58:18::SCWMssOS:: "ARCHIVER=arm-none-eabi-ar" "COMPILER_FLAGS=  -O2 -c" "EXTRA_COMPILER_FLAGS=-mcpu=cortex-a9 -mfpu=vfpv3 -mfloat-abi=hard -nost
TRACE::2025-07-17.22:58:18::SCWMssOS::artfiles -g -Wall -Wextra"

TRACE::2025-07-17.22:58:18::SCWMssOS::"Running Make libs in ps7_cortexa9_0/libsrc/coresightps_dcc_v1_8/src"

TRACE::2025-07-17.22:58:18::SCWMssOS::"Running Make libs in ps7_cortexa9_0/libsrc/cpu_cortexa9_v2_10/src"

TRACE::2025-07-17.22:58:18::SCWMssOS::"Running Make libs in ps7_cortexa9_0/libsrc/ddrps_v1_2/src"

TRACE::2025-07-17.22:58:18::SCWMssOS::make -C ps7_cortexa9_0/libsrc/coresightps_dcc_v1_8/src -s libs  "SHELL=CMD" "COMPILER=arm-none-eabi-gcc" "ASSEMBLER=arm-none-ea
TRACE::2025-07-17.22:58:18::SCWMssOS::bi-as" "ARCHIVER=arm-none-eabi-ar" "COMPILER_FLAGS=  -O2 -c" "EXTRA_COMPILER_FLAGS=-mcpu=cortex-a9 -mfpu=vfpv3 -mfloat-abi=hard
TRACE::2025-07-17.22:58:18::SCWMssOS:: -nostartfiles -g -Wall -Wextra"

TRACE::2025-07-17.22:58:18::SCWMssOS::"Running Make libs in ps7_cortexa9_0/libsrc/devcfg_v3_7/src"

TRACE::2025-07-17.22:58:18::SCWMssOS::make -C ps7_cortexa9_0/libsrc/cpu_cortexa9_v2_10/src -s libs  "SHELL=CMD" "COMPILER=arm-none-eabi-gcc" "ASSEMBLER=arm-none-eabi
TRACE::2025-07-17.22:58:18::SCWMssOS::-as" "ARCHIVER=arm-none-eabi-ar" "COMPILER_FLAGS=  -O2 -c" "EXTRA_COMPILER_FLAGS=-mcpu=cortex-a9 -mfpu=vfpv3 -mfloat-abi=hard -
TRACE::2025-07-17.22:58:18::SCWMssOS::nostartfiles -g -Wall -Wextra"

TRACE::2025-07-17.22:58:18::SCWMssOS::make -C ps7_cortexa9_0/libsrc/ddrps_v1_2/src -s libs  "SHELL=CMD" "COMPILER=arm-none-eabi-gcc" "ASSEMBLER=arm-none-eabi-as" "AR
TRACE::2025-07-17.22:58:18::SCWMssOS::CHIVER=arm-none-eabi-ar" "COMPILER_FLAGS=  -O2 -c" "EXTRA_COMPILER_FLAGS=-mcpu=cortex-a9 -mfpu=vfpv3 -mfloat-abi=hard -nostartf
TRACE::2025-07-17.22:58:18::SCWMssOS::iles -g -Wall -Wextra"

TRACE::2025-07-17.22:58:18::SCWMssOS::"Running Make libs in ps7_cortexa9_0/libsrc/dmaps_v2_7/src"

TRACE::2025-07-17.22:58:18::SCWMssOS::make -C ps7_cortexa9_0/libsrc/devcfg_v3_7/src -s libs  "SHELL=CMD" "COMPILER=arm-none-eabi-gcc" "ASSEMBLER=arm-none-eabi-as" "A
TRACE::2025-07-17.22:58:18::SCWMssOS::RCHIVER=arm-none-eabi-ar" "COMPILER_FLAGS=  -O2 -c" "EXTRA_COMPILER_FLAGS=-mcpu=cortex-a9 -mfpu=vfpv3 -mfloat-abi=hard -nostart
TRACE::2025-07-17.22:58:18::SCWMssOS::files -g -Wall -Wextra"

TRACE::2025-07-17.22:58:18::SCWMssOS::"Running Make libs in ps7_cortexa9_0/libsrc/scugic_v4_3/src"

TRACE::2025-07-17.22:58:18::SCWMssOS::make -C ps7_cortexa9_0/libsrc/dmaps_v2_7/src -s libs  "SHELL=CMD" "COMPILER=arm-none-eabi-gcc" "ASSEMBLER=arm-none-eabi-as" "AR
TRACE::2025-07-17.22:58:18::SCWMssOS::CHIVER=arm-none-eabi-ar" "COMPILER_FLAGS=  -O2 -c" "EXTRA_COMPILER_FLAGS=-mcpu=cortex-a9 -mfpu=vfpv3 -mfloat-abi=hard -nostartf
TRACE::2025-07-17.22:58:18::SCWMssOS::iles -g -Wall -Wextra"

TRACE::2025-07-17.22:58:18::SCWMssOS::make -C ps7_cortexa9_0/libsrc/scugic_v4_3/src -s libs  "SHELL=CMD" "COMPILER=arm-none-eabi-gcc" "ASSEMBLER=arm-none-eabi-as" "A
TRACE::2025-07-17.22:58:18::SCWMssOS::RCHIVER=arm-none-eabi-ar" "COMPILER_FLAGS=  -O2 -c" "EXTRA_COMPILER_FLAGS=-mcpu=cortex-a9 -mfpu=vfpv3 -mfloat-abi=hard -nostart
TRACE::2025-07-17.22:58:18::SCWMssOS::files -g -Wall -Wextra"

TRACE::2025-07-17.22:58:18::SCWMssOS::"Running Make libs in ps7_cortexa9_0/libsrc/scutimer_v2_3/src"

TRACE::2025-07-17.22:58:18::SCWMssOS::"Running Make libs in ps7_cortexa9_0/libsrc/scuwdt_v2_3/src"

TRACE::2025-07-17.22:58:18::SCWMssOS::make -C ps7_cortexa9_0/libsrc/scutimer_v2_3/src -s libs  "SHELL=CMD" "COMPILER=arm-none-eabi-gcc" "ASSEMBLER=arm-none-eabi-as" 
TRACE::2025-07-17.22:58:18::SCWMssOS::"ARCHIVER=arm-none-eabi-ar" "COMPILER_FLAGS=  -O2 -c" "EXTRA_COMPILER_FLAGS=-mcpu=cortex-a9 -mfpu=vfpv3 -mfloat-abi=hard -nosta
TRACE::2025-07-17.22:58:18::SCWMssOS::rtfiles -g -Wall -Wextra"

TRACE::2025-07-17.22:58:18::SCWMssOS::make -C ps7_cortexa9_0/libsrc/scuwdt_v2_3/src -s libs  "SHELL=CMD" "COMPILER=arm-none-eabi-gcc" "ASSEMBLER=arm-none-eabi-as" "A
TRACE::2025-07-17.22:58:18::SCWMssOS::RCHIVER=arm-none-eabi-ar" "COMPILER_FLAGS=  -O2 -c" "EXTRA_COMPILER_FLAGS=-mcpu=cortex-a9 -mfpu=vfpv3 -mfloat-abi=hard -nostart
TRACE::2025-07-17.22:58:18::SCWMssOS::files -g -Wall -Wextra"

TRACE::2025-07-17.22:58:18::SCWMssOS::"Running Make libs in ps7_cortexa9_0/libsrc/standalone_v7_3/src"

TRACE::2025-07-17.22:58:18::SCWMssOS::make -C ps7_cortexa9_0/libsrc/standalone_v7_3/src -s libs  "SHELL=CMD" "COMPILER=arm-none-eabi-gcc" "ASSEMBLER=arm-none-eabi-as
TRACE::2025-07-17.22:58:18::SCWMssOS::" "ARCHIVER=arm-none-eabi-ar" "COMPILER_FLAGS=  -O2 -c" "EXTRA_COMPILER_FLAGS=-mcpu=cortex-a9 -mfpu=vfpv3 -mfloat-abi=hard -nos
TRACE::2025-07-17.22:58:18::SCWMssOS::tartfiles -g -Wall -Wextra"

TRACE::2025-07-17.22:58:18::SCWMssOS::"Running Make libs in ps7_cortexa9_0/libsrc/uartps_v3_10/src"

TRACE::2025-07-17.22:58:18::SCWMssOS::make -C ps7_cortexa9_0/libsrc/uartps_v3_10/src -s libs  "SHELL=CMD" "COMPILER=arm-none-eabi-gcc" "ASSEMBLER=arm-none-eabi-as" "
TRACE::2025-07-17.22:58:18::SCWMssOS::ARCHIVER=arm-none-eabi-ar" "COMPILER_FLAGS=  -O2 -c" "EXTRA_COMPILER_FLAGS=-mcpu=cortex-a9 -mfpu=vfpv3 -mfloat-abi=hard -nostar
TRACE::2025-07-17.22:58:18::SCWMssOS::tfiles -g -Wall -Wextra"

TRACE::2025-07-17.22:58:18::SCWMssOS::"Running Make libs in ps7_cortexa9_0/libsrc/xadcps_v2_5/src"

TRACE::2025-07-17.22:58:18::SCWMssOS::make -C ps7_cortexa9_0/libsrc/xadcps_v2_5/src -s libs  "SHELL=CMD" "COMPILER=arm-none-eabi-gcc" "ASSEMBLER=arm-none-eabi-as" "A
TRACE::2025-07-17.22:58:18::SCWMssOS::RCHIVER=arm-none-eabi-ar" "COMPILER_FLAGS=  -O2 -c" "EXTRA_COMPILER_FLAGS=-mcpu=cortex-a9 -mfpu=vfpv3 -mfloat-abi=hard -nostart
TRACE::2025-07-17.22:58:18::SCWMssOS::files -g -Wall -Wextra"

TRACE::2025-07-17.22:58:19::SCWMssOS::'Finished building libraries parallelly.'

TRACE::2025-07-17.22:58:19::SCWMssOS::make --no-print-directory archive

TRACE::2025-07-17.22:58:19::SCWMssOS::arm-none-eabi-ar -r  ps7_cortexa9_0/lib/libxil.a ps7_cortexa9_0/lib/xadcps_selftest.o ps7_cortexa9_0/lib/kill.o ps7_cortexa9_0/
TRACE::2025-07-17.22:58:19::SCWMssOS::lib/xscuwdt_g.o ps7_cortexa9_0/lib/xplatform_info.o ps7_cortexa9_0/lib/print.o ps7_cortexa9_0/lib/_exit.o ps7_cortexa9_0/lib/xi
TRACE::2025-07-17.22:58:19::SCWMssOS::l_testio.o ps7_cortexa9_0/lib/isatty.o ps7_cortexa9_0/lib/sleep.o ps7_cortexa9_0/lib/xdevcfg_hw.o ps7_cortexa9_0/lib/xadcps_int
TRACE::2025-07-17.22:58:19::SCWMssOS::r.o ps7_cortexa9_0/lib/xpm_counter.o ps7_cortexa9_0/lib/xdmaps_g.o ps7_cortexa9_0/lib/xscutimer_g.o ps7_cortexa9_0/lib/xdmaps_s
TRACE::2025-07-17.22:58:19::SCWMssOS::init.o ps7_cortexa9_0/lib/xscutimer_sinit.o ps7_cortexa9_0/lib/xil_cache.o ps7_cortexa9_0/lib/xil_util.o ps7_cortexa9_0/lib/inb
TRACE::2025-07-17.22:58:19::SCWMssOS::yte.o ps7_cortexa9_0/lib/xdmaps_selftest.o ps7_cortexa9_0/lib/xscutimer_selftest.o ps7_cortexa9_0/lib/xil_misc_psreset_api.o ps
TRACE::2025-07-17.22:58:19::SCWMssOS::7_cortexa9_0/lib/cpputest_time.o ps7_cortexa9_0/lib/close.o ps7_cortexa9_0/lib/xuartps_g.o ps7_cortexa9_0/lib/xscugic_hw.o ps7_
TRACE::2025-07-17.22:58:19::SCWMssOS::cortexa9_0/lib/translation_table.o ps7_cortexa9_0/lib/write.o ps7_cortexa9_0/lib/xil_mem.o ps7_cortexa9_0/lib/boot.o ps7_cortex
TRACE::2025-07-17.22:58:19::SCWMssOS::a9_0/lib/cpu_init.o ps7_cortexa9_0/lib/xscugic_g.o ps7_cortexa9_0/lib/usleep.o ps7_cortexa9_0/lib/xuartps_sinit.o ps7_cortexa9_
TRACE::2025-07-17.22:58:19::SCWMssOS::0/lib/xil_sleepcommon.o ps7_cortexa9_0/lib/xil_printf.o ps7_cortexa9_0/lib/unlink.o ps7_cortexa9_0/lib/xadcps.o ps7_cortexa9_0/
TRACE::2025-07-17.22:58:19::SCWMssOS::lib/xdmaps_hw.o ps7_cortexa9_0/lib/xscugic_intr.o ps7_cortexa9_0/lib/xscugic_sinit.o ps7_cortexa9_0/lib/xil_sleeptimer.o ps7_co
TRACE::2025-07-17.22:58:19::SCWMssOS::rtexa9_0/lib/fcntl.o ps7_cortexa9_0/lib/open.o ps7_cortexa9_0/lib/outbyte.o ps7_cortexa9_0/lib/xuartps_selftest.o ps7_cortexa9_
TRACE::2025-07-17.22:58:19::SCWMssOS::0/lib/xuartps_hw.o ps7_cortexa9_0/lib/read.o ps7_cortexa9_0/lib/xtime_l.o ps7_cortexa9_0/lib/xl2cc_counter.o ps7_cortexa9_0/lib
TRACE::2025-07-17.22:58:19::SCWMssOS::/asm_vectors.o ps7_cortexa9_0/lib/xdevcfg_intr.o ps7_cortexa9_0/lib/abort.o ps7_cortexa9_0/lib/xdevcfg_g.o ps7_cortexa9_0/lib/x
TRACE::2025-07-17.22:58:19::SCWMssOS::uartps_intr.o ps7_cortexa9_0/lib/xuartps.o ps7_cortexa9_0/lib/getpid.o ps7_cortexa9_0/lib/xil_testcache.o ps7_cortexa9_0/lib/xd
TRACE::2025-07-17.22:58:19::SCWMssOS::evcfg_sinit.o ps7_cortexa9_0/lib/xdmaps.o ps7_cortexa9_0/lib/xscutimer.o ps7_cortexa9_0/lib/xscuwdt.o ps7_cortexa9_0/lib/xdevcf
TRACE::2025-07-17.22:58:19::SCWMssOS::g_selftest.o ps7_cortexa9_0/lib/_sbrk.o ps7_cortexa9_0/lib/xscuwdt_sinit.o ps7_cortexa9_0/lib/sbrk.o ps7_cortexa9_0/lib/fstat.o
TRACE::2025-07-17.22:58:19::SCWMssOS:: ps7_cortexa9_0/lib/errno.o ps7_cortexa9_0/lib/lseek.o ps7_cortexa9_0/lib/xuartps_options.o ps7_cortexa9_0/lib/vectors.o ps7_co
TRACE::2025-07-17.22:58:19::SCWMssOS::rtexa9_0/lib/xil_exception.o ps7_cortexa9_0/lib/xil_testmem.o ps7_cortexa9_0/lib/putnum.o ps7_cortexa9_0/lib/xil_clocking.o ps7
TRACE::2025-07-17.22:58:19::SCWMssOS::_cortexa9_0/lib/xil_assert.o ps7_cortexa9_0/lib/xscuwdt_selftest.o ps7_cortexa9_0/lib/xcoresightpsdcc.o ps7_cortexa9_0/lib/xscu
TRACE::2025-07-17.22:58:19::SCWMssOS::gic.o ps7_cortexa9_0/lib/xadcps_g.o ps7_cortexa9_0/lib/xscugic_selftest.o ps7_cortexa9_0/lib/xil-crt0.o ps7_cortexa9_0/lib/xadc
TRACE::2025-07-17.22:58:19::SCWMssOS::ps_sinit.o ps7_cortexa9_0/lib/xil_mmu.o ps7_cortexa9_0/lib/_open.o ps7_cortexa9_0/lib/xdevcfg.o

TRACE::2025-07-17.22:58:19::SCWMssOS::'Finished building libraries'

TRACE::2025-07-17.22:58:19::SCWMssOS::Copying to export directory.
TRACE::2025-07-17.22:58:19::SCWMssOS:: Checking if to create the Supporting Applications
TRACE::2025-07-17.22:58:19::SCWMssOS:: No Linux domain exists, trying to generate FSBL 
LOG::2025-07-17.22:58:19::SCWSystem::Completed Processing the domain standalone_domain
LOG::2025-07-17.22:58:19::SCWSystem::Completed Processing the sysconfig platform
LOG::2025-07-17.22:58:19::SCWPlatform::Completed generating the artifacts for system configuration platform
TRACE::2025-07-17.22:58:19::SCWPlatform::Started preparing the platform 
TRACE::2025-07-17.22:58:19::SCWSystem::Writing the bif file for system config platform
TRACE::2025-07-17.22:58:19::SCWSystem::dir created 
TRACE::2025-07-17.22:58:19::SCWSystem::Writing the bif 
TRACE::2025-07-17.22:58:19::SCWPlatform::Started writing the spfm file 
TRACE::2025-07-17.22:58:19::SCWPlatform::Started writing the xpfm file 
TRACE::2025-07-17.22:58:19::SCWPlatform::Completed generating the platform
TRACE::2025-07-17.22:58:19::SCWMssOS::Saving the mss changes C:/AB/xilinxvivado/projects/arbiter-PUF-FPGA/new_workspace/platform/zynq_fsbl/zynq_fsbl_bsp/system.mss
TRACE::2025-07-17.22:58:19::SCWMssOS::Found a swdesign opened with the mssfile.
TRACE::2025-07-17.22:58:19::SCWMssOS::Completed writemss as part of save.
TRACE::2025-07-17.22:58:19::SCWMssOS::Commit changes completed.
TRACE::2025-07-17.22:58:19::SCWMssOS::Saving the mss changes C:/AB/xilinxvivado/projects/arbiter-PUF-FPGA/new_workspace/platform/ps7_cortexa9_0/standalone_domain/bsp/system.mss
TRACE::2025-07-17.22:58:19::SCWMssOS::Found a swdesign opened with the mssfile.
TRACE::2025-07-17.22:58:19::SCWMssOS::Completed writemss as part of save.
TRACE::2025-07-17.22:58:19::SCWMssOS::Commit changes completed.
TRACE::2025-07-17.22:58:19::SCWPlatform::Trying to open the hw design at C:/AB/xilinxvivado/projects/arbiter-PUF-FPGA/new_workspace/platform/hw/design_2_wrapper_final_2.xsa
TRACE::2025-07-17.22:58:19::SCWPlatform::DSA given C:/AB/xilinxvivado/projects/arbiter-PUF-FPGA/new_workspace/platform/hw/design_2_wrapper_final_2.xsa
TRACE::2025-07-17.22:58:19::SCWPlatform::DSA absoulate path C:/AB/xilinxvivado/projects/arbiter-PUF-FPGA/new_workspace/platform/hw/design_2_wrapper_final_2.xsa
TRACE::2025-07-17.22:58:19::SCWPlatform::DSA directory C:/AB/xilinxvivado/projects/arbiter-PUF-FPGA/new_workspace/platform/hw
TRACE::2025-07-17.22:58:19::SCWPlatform:: Platform Path C:/AB/xilinxvivado/projects/arbiter-PUF-FPGA/new_workspace/platform/hw/design_2_wrapper_final_2.xsa
TRACE::2025-07-17.22:58:19::SCWPlatform:: Unique name xilinx:::0.0
TRACE::2025-07-17.22:58:19::SCWPlatform::Trying to set the existing hwdb with name design_2_wrapper_1
TRACE::2025-07-17.22:58:19::SCWPlatform::Opened existing hwdb design_2_wrapper_1
TRACE::2025-07-17.22:58:19::SCWPlatform::Found the Hw Db part of the input DSA
TRACE::2025-07-17.22:58:19::SCWMssOS::Checking the sw design at  C:/AB/xilinxvivado/projects/arbiter-PUF-FPGA/new_workspace/platform/zynq_fsbl/zynq_fsbl_bsp/system.mss
TRACE::2025-07-17.22:58:19::SCWMssOS::DEBUG:  swdes dump  C:/AB/xilinxvivado/projects/arbiter-PUF-FPGA/new_workspace/platform/ps7_cortexa9_0/standalone_domain/bsp/system.mss|system_0||
C:/AB/xilinxvivado/projects/arbiter-PUF-FPGA/new_workspace/platform/zynq_fsbl/zynq_fsbl_bsp/system.mss|system||

TRACE::2025-07-17.22:58:19::SCWMssOS::Sw design exists and opened at  C:/AB/xilinxvivado/projects/arbiter-PUF-FPGA/new_workspace/platform/zynq_fsbl/zynq_fsbl_bsp/system.mss
TRACE::2025-07-17.22:58:19::SCWPlatform::Trying to open the hw design at C:/AB/xilinxvivado/projects/arbiter-PUF-FPGA/new_workspace/platform/hw/design_2_wrapper_final_2.xsa
TRACE::2025-07-17.22:58:19::SCWPlatform::DSA given C:/AB/xilinxvivado/projects/arbiter-PUF-FPGA/new_workspace/platform/hw/design_2_wrapper_final_2.xsa
TRACE::2025-07-17.22:58:19::SCWPlatform::DSA absoulate path C:/AB/xilinxvivado/projects/arbiter-PUF-FPGA/new_workspace/platform/hw/design_2_wrapper_final_2.xsa
TRACE::2025-07-17.22:58:19::SCWPlatform::DSA directory C:/AB/xilinxvivado/projects/arbiter-PUF-FPGA/new_workspace/platform/hw
TRACE::2025-07-17.22:58:19::SCWPlatform:: Platform Path C:/AB/xilinxvivado/projects/arbiter-PUF-FPGA/new_workspace/platform/hw/design_2_wrapper_final_2.xsa
TRACE::2025-07-17.22:58:19::SCWPlatform:: Unique name xilinx:::0.0
TRACE::2025-07-17.22:58:19::SCWPlatform::Trying to set the existing hwdb with name design_2_wrapper_1
TRACE::2025-07-17.22:58:19::SCWPlatform::Opened existing hwdb design_2_wrapper_1
TRACE::2025-07-17.22:58:19::SCWPlatform::Found the Hw Db part of the input DSA
TRACE::2025-07-17.22:58:19::SCWMssOS::Checking the sw design at  C:/AB/xilinxvivado/projects/arbiter-PUF-FPGA/new_workspace/platform/ps7_cortexa9_0/standalone_domain/bsp/system.mss
TRACE::2025-07-17.22:58:19::SCWMssOS::DEBUG:  swdes dump  C:/AB/xilinxvivado/projects/arbiter-PUF-FPGA/new_workspace/platform/ps7_cortexa9_0/standalone_domain/bsp/system.mss|system_0||
C:/AB/xilinxvivado/projects/arbiter-PUF-FPGA/new_workspace/platform/zynq_fsbl/zynq_fsbl_bsp/system.mss|system||

TRACE::2025-07-17.22:58:19::SCWMssOS::Sw design exists and opened at  C:/AB/xilinxvivado/projects/arbiter-PUF-FPGA/new_workspace/platform/ps7_cortexa9_0/standalone_domain/bsp/system.mss
TRACE::2025-07-17.22:58:19::SCWWriter::formatted JSON is {
	"platformName":	"platform",
	"sprVersion":	"2.0",
	"mode":	"gui",
	"dsaType":	"Fixed",
	"platformDesc":	"platform",
	"platHandOff":	"C:/AB/xilinxvivado/projects/arbiter-PUF-FPGA/Arbiter-PUF-FPGA/design_2_wrapper_final_2.xsa",
	"platIntHandOff":	"<platformDir>/hw/design_2_wrapper_final_2.xsa",
	"deviceType":	"zynq",
	"platIsPrebuiltAutogen":	"false",
	"platIsNoBootBsp":	"false",
	"hasFsblMakeHasChanges":	"false",
	"hasPmufwMakeHasChanges":	"false",
	"fsblExtraCompilerFlags":	"-MMD -MP       -mcpu=cortex-a9 -mfpu=vfpv3 -mfloat-abi=hard ",
	"platPreBuiltFlag":	false,
	"platformSamplesDir":	"",
	"platActiveSys":	"platform",
	"systems":	[{
			"systemName":	"platform",
			"systemDesc":	"platform",
			"sysIsBootAutoGen":	"true",
			"systemDispName":	"platform",
			"sysActiveDom":	"standalone_domain",
			"sysDefaultDom":	"standalone_domain",
			"domains":	[{
					"domainName":	"zynq_fsbl",
					"domainDispName":	"zynq_fsbl",
					"domainDesc":	"FSBL Application BSP - Auto Generated.",
					"processors":	"ps7_cortexa9_0",
					"os":	"standalone",
					"sdxOs":	"standalone",
					"debugEnable":	"",
					"domRuntimes":	["cpp"],
					"swRepo":	"",
					"mssOsVer":	"7.3",
					"mssFile":	"",
					"md5Digest":	"78c06be6924b874cf94cf467c76d8f7d",
					"compatibleApp":	"zynq_fsbl",
					"domType":	"bootDomain",
					"arch":	"32-bit",
					"appSettings":	{
						"appCompilerFlags":	"",
						"appLinkerFlags":	""
					},
					"addedLibs":	["xilffs:4.4", "xilrsa:1.6"],
					"libOptions":	{
						"libsContainingOptions":	[]
					},
					"prebuiltLibs":	{
						"prebuiltIncPath":	[],
						"prebuiltLibPath":	[]
					},
					"isolation":	{
					}
				}, {
					"domainName":	"standalone_domain",
					"domainDispName":	"standalone on ps7_cortexa9_0",
					"domainDesc":	"standalone_domain",
					"processors":	"ps7_cortexa9_0",
					"os":	"standalone",
					"sdxOs":	"standalone",
					"qemuArgs":	"C:/AB/xilinxvivado/Vitis/2020.2/data/emulation/platforms/zynq/sw/a9_standalone/qemu/qemu_args.txt",
					"qemuData":	"C:/AB/xilinxvivado/Vitis/2020.2/data/emulation/platforms/zynq/sw/a9_standalone/qemu/",
					"debugEnable":	"False",
					"domRuntimes":	["cpp"],
					"swRepo":	"",
					"mssOsVer":	"7.3",
					"mssFile":	"",
					"md5Digest":	"8276bd7423100ab808fdcc646ffd4c47",
					"compatibleApp":	"",
					"domType":	"mssDomain",
					"appSettings":	{
						"appCompilerFlags":	"",
						"appLinkerFlags":	""
					},
					"addedLibs":	[],
					"libOptions":	{
						"libsContainingOptions":	[]
					},
					"prebuiltLibs":	{
						"prebuiltIncPath":	[],
						"prebuiltLibPath":	[]
					},
					"isolation":	{
					}
				}]
		}]
}
KEYINFO::2025-07-17.22:58:19::SCWPlatform::updated the xpfm file.
TRACE::2025-07-17.22:58:19::SCWPlatform::Trying to open the hw design at C:/AB/xilinxvivado/projects/arbiter-PUF-FPGA/new_workspace/platform/hw/design_2_wrapper_final_2.xsa
TRACE::2025-07-17.22:58:19::SCWPlatform::DSA given C:/AB/xilinxvivado/projects/arbiter-PUF-FPGA/new_workspace/platform/hw/design_2_wrapper_final_2.xsa
TRACE::2025-07-17.22:58:19::SCWPlatform::DSA absoulate path C:/AB/xilinxvivado/projects/arbiter-PUF-FPGA/new_workspace/platform/hw/design_2_wrapper_final_2.xsa
TRACE::2025-07-17.22:58:19::SCWPlatform::DSA directory C:/AB/xilinxvivado/projects/arbiter-PUF-FPGA/new_workspace/platform/hw
TRACE::2025-07-17.22:58:19::SCWPlatform:: Platform Path C:/AB/xilinxvivado/projects/arbiter-PUF-FPGA/new_workspace/platform/hw/design_2_wrapper_final_2.xsa
TRACE::2025-07-17.22:58:19::SCWPlatform:: Unique name xilinx:::0.0
TRACE::2025-07-17.22:58:19::SCWPlatform::Trying to set the existing hwdb with name design_2_wrapper_1
TRACE::2025-07-17.22:58:19::SCWPlatform::Opened existing hwdb design_2_wrapper_1
TRACE::2025-07-17.22:58:19::SCWPlatform::Found the Hw Db part of the input DSA
TRACE::2025-07-17.22:58:19::SCWMssOS::Checking the sw design at  C:/AB/xilinxvivado/projects/arbiter-PUF-FPGA/new_workspace/platform/ps7_cortexa9_0/standalone_domain/bsp/system.mss
TRACE::2025-07-17.22:58:19::SCWMssOS::DEBUG:  swdes dump  C:/AB/xilinxvivado/projects/arbiter-PUF-FPGA/new_workspace/platform/ps7_cortexa9_0/standalone_domain/bsp/system.mss|system_0||
C:/AB/xilinxvivado/projects/arbiter-PUF-FPGA/new_workspace/platform/zynq_fsbl/zynq_fsbl_bsp/system.mss|system||

TRACE::2025-07-17.22:58:19::SCWMssOS::Sw design exists and opened at  C:/AB/xilinxvivado/projects/arbiter-PUF-FPGA/new_workspace/platform/ps7_cortexa9_0/standalone_domain/bsp/system.mss
